transaction_id,account_id,date,amount,currency,type,status,description,merchant,category
f9fe20cc-9600-4d24-aea3-79e13f308dda,ACC-STUDENT-003,2025-04-01T09:00:00Z,33465.37,NPR,CREDIT,COMPLETED,Monthly Allowance,Family Transfer,Income
22271632-e0f4-454b-9792-b6f878355e74,ACC-STUDENT-001,2025-03-21T08:30:00Z,266.34,NPR,DEBIT,COMPLETED,Iced Coffee,Himalayan Java,Coffee
9feac236-9944-47db-bd37-fda7db8fe68b,ACC-STUDENT-002,2025-09-04 13:08:00,740.01,NPR,DEBIT,COMPLETED,Dinner,Boba Shop,Food
f9866d4c-9205-484e-895a-e38f979d021b,ACC-STUDENT-004,2025-05-14T13:11:00Z,627.68,NPR,DEBIT,COMPLETED,Snacks,Bakery,Food
c017bacf-ccc8-4d93-b3d3-824f2485386e,ACC-STUDENT-002,2025-01-18T12:00:00Z,3728.66,NPR,DEBIT,COMPLETED,Weekly Groceries,Fresh Vegetable Vendor,groceries
de5170bf-2570-47e7-b907-7ff6ca827e44,ACC-STUDENT-001,2025-11-12T08:30:00Z,179.62,NPR,DEBIT,COMPLETED,Latte,Beans Cafe,Coffee
ea5c7eba-a899-4db5-a2ca-c5724f0f1668,ACC-STUDENT-002,2026-01-07T16:20:00Z,5733.17,NPR,DEBIT,COMPLETED,Books,Clothing Shop,Shopping
bba70028-cd62-4078-8419-3f532fc7ad2c,ACC-STUDENT-003,2025-12-06T12:00:00Z,2611.63,NPR,DEBIT,COMPLETED,Monthly Supplies,Fresh Vegetable Vendor,Groceries
20edb927-2d7a-4e22-b884-433ed6d1d737,ACC-STUDENT-001,2025-06-18T12:37:00Z,624.51,NPR,DEBIT,COMPLETED,Dinner,Bakery,Food
d5eb75e4-ec48-4c9b-acdb-00e6fa5d1fb9,ACC-STUDENT-001,2025-08-13T17:13:00Z,255.67,NPR,DEBIT,COMPLETED,Ride Sharing,Microbus,Transport
baca7e7a-de28-42c6-b3a8-57b120aa8c32,ACC-STUDENT-005,2025-02-12T17:04:00Z,147.33,NPR,DEBIT,COMPLETED,Daily Commute,InDrive,Transport
7bb3cef3-8b40-45ae-9003-cb9048a1f792,ACC-STUDENT-003,2025-05-07T13:08:00Z,612.19,NPR,DEBIT,COMPLETED,Lunch,Cafe,Food
7cee89de-1288-4167-8a35-d2552d5b1749,ACC-STUDENT-003,2025-12-25T19:42:00Z,646.56,NPR,DEBIT,COMPLETED,Lunch,,Food
0a4b38a0-6628-4d46-b427-69f7f8404f39,ACC-STUDENT-005,2025-02-27T12:06:00Z,735.38,NPR,DEBIT,COMPLETED,Dinner,Burger House,Food
673ae911-3cda-48cf-9fe1-44981b1c71e7,ACC-STUDENT-002,2025-12-05T20:12:00Z,286.71,NPR,DEBIT,COMPLETED,Meals,Boba Shop,Food
3767e81d-f260-4581-9750-67662dab85ac,ACC-STUDENT-003,2025-02-08T17:28:00Z,118.71,NPR,DEBIT,COMPLETED,Micro Fare,Sajha Yatayat,Transport
429e5e53-dd30-443c-82c9-b0faffc4a5c2,ACC-STUDENT-004,2025-12-05T11:15:00Z,2281.76,NPR,DEBIT,COMPLETED,WiFi Internet,Worldlink,Utilities
15761226-45aa-4d3e-aab8-eb91940c096c,ACC-STUDENT-005,2025-10-17T09:59:00Z,217.05,NPR,DEBIT,COMPLETED,Micro Fare,Pathao,Transport
7340a377-1bfc-4c1d-952a-f9719137bf45,ACC-STUDENT-004,2025-11-14T17:36:00Z,231.31,NPR,DEBIT,COMPLETED,Bus Ticket,Bus,Transport
950209ad-4721-4706-866d-b77891e7e0ff,ACC-STUDENT-003,2025-04-13T12:00:00Z,4254.25,NPR,DEBIT,COMPLETED,Rice and Oil,Fresh Vegetable Vendor,Groceries
6706ed20-64c4-4c63-b25c-588d1b907e73,ACC-STUDENT-002,2025-02-10T17:33:00Z,333.3,NPR,DEBIT,COMPLETED,Bus Ticket,Bus,Transport
349afe64-65b8-4323-a643-fdf1c5cc9893,ACC-STUDENT-001,2025-10-23T18:34:00Z,357.82,NPR,DEBIT,COMPLETED,Ride Sharing,Pathao,Transport
494423d3-f4d4-44fa-859b-ab5f4150db4b,ACC-STUDENT-002,2025-01-26T09:59:00Z,420.22,NPR,DEBIT,COMPLETED,Ride Sharing,Local Taxi,Transport
99a53972-0e08-493f-ba9e-76ea765cc6f9,ACC-STUDENT-003,2025/03/17,470.37,NPR,DEBIT,COMPLETED,Taxi Ride,InDrive,Transport
1e554d3f-28b8-4012-8cf7-edfe16b768bc,ACC-STUDENT-003,2025-08-08T08:30:00Z,319.65,NPR,DEBIT,COMPLETED,Americano,Red Mug Cafe,Coffee
fc316912-8731-4ee9-ae94-6983d46372a9,ACC-STUDENT-004,2025-12-14T18:30:00Z,1021.58,NPR,DEBIT,COMPLETED,Popcorn & Soda,Spotify,Entertainment
cc309088-fbc3-4ad7-be8f-caaf502d1435,ACC-STUDENT-003,2025-11-13T12:19:00Z,271.1,NPR,DEBIT,COMPLETED,Snacks,Burger House,Food
36358bfe-f33c-4ca8-a05c-931b422fb8ba,ACC-STUDENT-005,2025-06-03T17:04:00Z,485.97,NPR,DEBIT,COMPLETED,Ride Sharing,Local Taxi,Transport
cf76fcb0-e4b9-415f-9152-a32305e7e34c,ACC-STUDENT-004,2025-08-20T13:24:00Z,291.82,NPR,DEBIT,COMPLETED,Burger & Fries,Local Eatery,Food
131351dc-835f-4388-af68-d51fbbf988b6,ACC-STUDENT-004,2025-12-01T18:35:00Z,57.05,NPR,DEBIT,COMPLETED,Ride Sharing,Bus,Transport
7657ffa6-3bc1-4152-bb06-858b3eecd2c2,ACC-STUDENT-003,2025-01-24T18:06:00Z,404.13,NPR,DEBIT,COMPLETED,Daily Commute,Bus,Transport
f7e4009f-6f5b-44f8-9b6e-ef4d7ba820da,ACC-STUDENT-003,2025-08-28T13:16:00Z,230.97,NPR,DEBIT,COMPLETED,Meals,Bakery,Food
11ef411c-0b97-48c5-9014-a68049e33f13,ACC-STUDENT-002,2025-03-30T20:13:00Z,622.74,NPR,DEBIT,COMPLETED,Breakfast,Bakery,Food
19aa0613-ad68-4468-a3f0-0033cb1b94b5,ACC-STUDENT-002,2025-09-01T09:00:00Z,31977.72,NPR,CREDIT,COMPLETED,Monthly Allowance,Family Transfer,INCOME
6c68c671-cc1b-483f-bd1a-b259665ac458,ACC-STUDENT-004,2025-04-20T18:30:00Z,1026.78,NPR,DEBIT,COMPLETED,Movie Ticket,One Cinemas,Entertainment
1a7b8dcd-6b53-411f-bd78-ae506a62cfa5,ACC-STUDENT-004,2025-03-16T18:30:00Z,1022.04,NPR,DEBIT,COMPLETED,Spotify Premium,Fuzz Factory,Entertainment
efaa5533-1f1a-4869-b4c3-a69e6035dd94,ACC-STUDENT-005,2025-04-04T08:30:00Z,110.45,NPR,DEBIT,COMPLETED,Cappuccino,Coffee Point,Coffee
9e3e4cf2-a37d-4975-b3e8-3f9971d7c7ce,ACC-STUDENT-004,2025-09-15T08:00:00Z,405.21,NPR,DEBIT,COMPLETED,Spotify Premium,Spotify,Entertainment
ce24b672-e528-431d-9a75-f43131013ae1,ACC-STUDENT-003,2025-07-01T18:34:00Z,397.66,NPR,DEBIT,COMPLETED,Taxi Ride,Pathao,Transport
a6a602fe-8452-4962-b188-96909cf97116,ACC-STUDENT-003,2025-09-13T16:20:00Z,3633.77,NPR,DEBIT,COMPLETED,Gift for Mom,Clothing Shop,Shopping
5104530f-3a8b-4b8b-91fb-7b591481d59b,ACC-STUDENT-002,2025-01-29T17:11:00Z,359.36,NPR,DEBIT,COMPLETED,Taxi Ride,Local Taxi,Transport
d93cf2a7-3e74-4043-8b70-8a3f68d73269,ACC-STUDENT-004,2025-04-22T08:30:00Z,295.02,NPR,DEBIT,COMPLETED,Cappuccino,Local Tea Stall,Coffee
ac45a344-cc96-4070-a99d-d097da2a7f74,ACC-STUDENT-001,2025-06-15T12:23:00Z,581.93,NPR,DEBIT,COMPLETED,Coke and Momo,Cafe,Food
f981a298-e099-4696-ac1b-3597888ecb28,ACC-STUDENT-002,2025-12-10T08:30:00Z,218.92,NPR,DEBIT,COMPLETED,Iced Coffee,Coffee Point,Coffee
26048c45-fb43-481c-92e1-6948116e22c0,ACC-STUDENT-001,2025-10-09T09:13:00Z,482.26,NPR,DEBIT,COMPLETED,Daily Commute,Bus,TRANSPORT
677727a0-9eba-4f11-995e-8cece7715479,ACC-STUDENT-003,2025-07-15T17:50:00Z,440.06,NPR,DEBIT,COMPLETED,Bus Ticket,Local Taxi,Transport
62bce23a-0a52-4b25-99f9-4483c301f08a,ACC-STUDENT-002,2025-10-02T17:09:00Z,414.36,NPR,DEBIT,COMPLETED,Daily Commute,Bus,Transport
759bf3aa-db73-4ef4-8034-97ca98d5245e,ACC-STUDENT-002,2025-02-01T09:23:00Z,312.31,NPR,DEBIT,COMPLETED,Micro Fare,,Transport
f2edeb6f-c441-447c-8b29-cf3b9fd9b877,ACC-STUDENT-003,2025-03-25T20:28:00Z,247.75,NPR,DEBIT,COMPLETED,Snacks,Boba Shop,Food
72f59856-a9d4-4c66-b1a6-98ec933e4a6d,ACC-STUDENT-001,2025-03-19T17:42:00Z,164.7,NPR,DEBIT,COMPLETED,Ride Sharing,Microbus,Transport
06e43b2a-417f-47af-abe4-4fef36e8b0eb,ACC-STUDENT-003,2026-01-09T20:01:00Z,515.58,NPR,DEBIT,COMPLETED,Burger & Fries,Boba Shop,Food
c9e26759-fe48-4515-b469-6c62abf52976,ACC-STUDENT-003,2025-12-04T13:14:00Z,181.03,NPR,DEBIT,COMPLETED,Dinner,Local Eatery,Food
e8fc263b-df6e-48fb-97b0-14e38caf886d,ACC-STUDENT-005,2025-09-09T12:50:00Z,674.44,NPR,DEBIT,COMPLETED,Lunch,Bakery,Food
8472fd9e-3b0f-4450-ba13-f79d1da931c4,ACC-STUDENT-005,2025-04-07T12:35:00Z,610.1,NPR,DEBIT,COMPLETED,Snacks,Restaurant,Food
6e29c500-cd79-4e71-810d-2053481b37b4,ACC-STUDENT-004,2025-08-18T13:08:00Z,592.03,NPR,DEBIT,COMPLETED,Lunch,Restaurant,Food
51d79b0a-92d1-4a0e-b537-61f476612929,ACC-STUDENT-004,2025-02-01T09:00:00Z,29452.95,NPR,CREDIT,COMPLETED,Monthly Allowance,Family Transfer,Income
d8df6130-da13-4af3-971f-ecbd4ca856ea,ACC-STUDENT-001,2025-02-20T17:17:00Z,187.98,NPR,DEBIT,COMPLETED,Ride Sharing,Bus,Transport
9da971b2-c2eb-42cf-8b3f-9febedd64fe7,ACC-STUDENT-004,2025-11-07T20:52:00Z,273.79,NPR,DEBIT,COMPLETED,Meals,Local Eatery,Food
9048efbc-58cc-49a5-867e-866de0dba248,ACC-STUDENT-001,2025-12-08T12:17:00Z,241.8,NPR,DEBIT,COMPLETED,Snacks,Cafe,Food
43d23962-ee37-47e7-af03-b3c78e36c10f,ACC-STUDENT-001,2025-10-23T08:30:00Z,340.15,NPR,DEBIT,COMPLETED,Cappuccino,Red Mug Cafe,Coffee
20d85b24-a60a-4ccb-84de-27b7223795ae,ACC-STUDENT-001,2025-07-28T13:18:00Z,213.44,NPR,DEBIT,COMPLETED,Lunch,Burger House,Food
7e1681a1-8a70-4125-8f20-b1119f5b9e2c,ACC-STUDENT-005,2025-09-03T09:26:00Z,173.56,NPR,DEBIT,COMPLETED,,Sajha Yatayat,Transport
5b4550a9-90db-4bab-a26e-e774756f2093,ACC-STUDENT-004,2025-04-17T12:34:00Z,156.65,NPR,DEBIT,COMPLETED,Coke and Momo,Canteen,Food
32ef30d7-56a0-4e8e-acb7-37bcb73bb491,ACC-STUDENT-005,2025-03-21T08:30:00Z,331.99,NPR,DEBIT,COMPLETED,Americano,Local Tea Stall,Coffee
9b29d158-9783-47d6-8c26-1e245781aabc,ACC-STUDENT-005,2025-01-19T12:43:00Z,561.73,NPR,DEBIT,COMPLETED,Meals,Local Eatery,Food
b801e80a-5566-4a74-b11b-15c51b2595b4,ACC-STUDENT-004,2025-08-15T08:00:00Z,269.23,NPR,DEBIT,COMPLETED,Spotify Premium,Spotify,Entertainment
057cb298-3418-4a39-a3cd-7b1f8f8d54a2,ACC-STUDENT-002,2025-05-23T20:11:00Z,Rs. 435.32,NPR,DEBIT,COMPLETED,Dinner,Boba Shop,Food
24c8ae1a-e836-4414-8d98-d137d775cfcb,ACC-STUDENT-002,2025-10-17T08:30:00Z,203.5,NPR,DEBIT,COMPLETED,Latte,Beans Cafe,Coffee
8d5407c1-936e-4f6d-8430-502032a0364f,ACC-STUDENT-004,2025/09/14,358.86,NPR,DEBIT,COMPLETED,Netflix Subscription,Spotify,Entertainment
20840d5f-3127-455d-b837-5620dc07e761,ACC-STUDENT-002,2025-12-11T17:11:00Z,-378.51,NPR,DEBIT,COMPLETED,Taxi Ride,Local Taxi,Transport
9ad060fc-13d4-4f47-9609-44f4e885e4e3,ACC-STUDENT-002,2025-11-01T12:21:00Z,752.84,NPR,DEBIT,COMPLETED,Coke and Momo,Restaurant,Food
20e60134-c67c-42f3-b2b8-72a859858cc5,ACC-STUDENT-003,2025-04-04T19:03:00Z,377.86,NPR,DEBIT,COMPLETED,Snacks,Burger House,Food
c36c22f9-a986-4ae9-92d8-32c2a700a835,ACC-STUDENT-004,2025-12-06T09:48:00Z,375.83,NPR,DEBIT,COMPLETED,Taxi Ride,Local Taxi,Transport
a58d54fc-ea77-4cb1-950e-6c3c7594245a,ACC-STUDENT-001,2025-11-04 17:46:00,359.89,NPR,DEBIT,COMPLETED,Taxi Ride,Sajha Yatayat,Transport
550e8abc-940d-446a-ac00-ccaa0ca4a757,ACC-STUDENT-001,2025-01-22T17:01:00Z,314.74,NPR,DEBIT,COMPLETED,Ride Sharing,InDrive,Transport
f9c3a6fc-4f43-49cc-a690-38df62197ad7,ACC-STUDENT-001,2025-02-10T20:16:00Z,638.65,NPR,DEBIT,COMPLETED,Breakfast,Burger House,Food
f3ac6a1b-ef05-4a28-85f2-06176c06e00f,ACC-STUDENT-003,2025-06-11T13:26:00Z,179.98,NPR,DEBIT,COMPLETED,Lunch,Burger House,Food
96ac3035-225d-4f4b-8b43-dae0b3208422,ACC-STUDENT-003,2025-04-29T09:54:00Z,97.96,NPR,DEBIT,COMPLETED,Taxi Ride,Microbus,Transport
b2a0cbba-5d00-4f7b-a496-6045af1ffae6,ACC-STUDENT-005,2025-03-19T18:46:00Z,335.25,NPR,DEBIT,COMPLETED,Taxi Ride,Bus,Transport
68537a1a-0846-4097-a408-7a7c1f623e22,ACC-STUDENT-003,2026-01-10T19:13:00Z,409.13,NPR,DEBIT,COMPLETED,Burger & Fries,Local Eatery,food
fe259395-bde3-4532-ba36-008b73124e41,ACC-STUDENT-005,2025-04-30T08:30:00Z,185.12,NPR,DEBIT,COMPLETED,Latte,Coffee Point,Coffee
620ab492-e8fd-4f98-ba13-fc994226562f,ACC-STUDENT-001,2025-11-06T09:21:00Z,425.22,NPR,DEBIT,COMPLETED,Micro Fare,Sajha Yatayat,Transport
75004f0e-f06f-40c9-bded-20cfed8e3eef,ACC-STUDENT-001,2025-12-20T19:28:00Z,553.62,NPR,DEBIT,COMPLETED,Breakfast,Burger House,Food
d4b541ab-cf8e-40a1-8b2f-6f923caede4f,ACC-STUDENT-002,2025-02-12T12:07:00Z,631.34,NPR,DEBIT,COMPLETED,Snacks,Cafe,Food
9076ffc3-0f52-4b8a-9655-da0510a59fca,ACC-STUDENT-004,2025-10-03T19:19:00Z,448.89,NPR,DEBIT,COMPLETED,Breakfast,Bakery,FOOD
350c3af0-ceef-479a-8ead-21fc54e2df31,ACC-STUDENT-004,2025-02-15T13:09:00Z,637.92,NPR,DEBIT,COMPLETED,Burger & Fries,Bakery,Food
78548903-5b66-471e-8fc7-8f4cd348d33d,ACC-STUDENT-004,2025-09-01T17:11:00Z,275.27,NPR,DEBIT,COMPLETED,Taxi Ride,Local Taxi,Transport
984aa114-b75e-4ca1-ae65-1177216e02f7,ACC-STUDENT-001,2025-06-04T17:30:00Z,93.93,NPR,DEBIT,COMPLETED,Micro Fare,Local Taxi,Transport
cf42f20c-807f-4bfb-a554-0039d8599356,ACC-STUDENT-005,2025-07-08T08:30:00Z,182.3,NPR,DEBIT,COMPLETED,Americano,Local Tea Stall,Coffee
344603b3-d8ad-4da3-8d82-f6145cd22d7f,ACC-STUDENT-003,2025-08-04T08:30:00Z,171.11,NPR,DEBIT,COMPLETED,Cappuccino,Local Tea Stall,Coffee
a1b166ab-acc2-4681-9a11-ea8190a35119,ACC-STUDENT-002,2025-12-02T09:01:00Z,290.04,NPR,DEBIT,COMPLETED,Daily Commute,Pathao,Transport
93b1fddd-a83a-4334-8968-df08fad9cba6,ACC-STUDENT-003,2025-08-28T16:20:00Z,2664.11,NPR,DEBIT,COMPLETED,Saree for Mother,Daraz,Shopping
5dd2a89f-ae75-4059-917c-ab1cdc21b407,ACC-STUDENT-001,2025-01-20T18:32:00Z,324.04,NPR,DEBIT,COMPLETED,Ride Sharing,Local Taxi,Transport
964646ab-72e3-443e-ac5e-ac265a4897ca,ACC-STUDENT-004,2025-06-09T13:44:00Z,366.79,NPR,DEBIT,COMPLETED,Burger & Fries,Burger House,Food
dc8e384f-ee5a-41a6-ae32-1c95d080d38e,ACC-STUDENT-005,2025-02-26T17:28:00Z,479.58,NPR,DEBIT,COMPLETED,Micro Fare,Microbus,Transport
3ac78b48-eaee-40db-8b12-1d614e5a761f,ACC-STUDENT-002,2025-12-05T19:30:00Z,315.93,NPR,DEBIT,COMPLETED,Meals,Bakery,Food
1fe1385e-ef3d-4b73-96a4-83c04ce5bb29,ACC-STUDENT-004,2025-05-06T09:39:00Z,488.61,NPR,DEBIT,COMPLETED,Taxi Ride,Sajha Yatayat,Transport
c4b3b1dd-3d69-455b-a06e-38e812b5e475,ACC-STUDENT-002,2025-03-05T08:30:00Z,169.34,NPR,DEBIT,COMPLETED,Americano,Red Mug Cafe,coffee
3536f320-1eaa-4859-acc8-c727c3ca76e3,ACC-STUDENT-005,2025-01-28T20:42:00Z,340.15,NPR,DEBIT,COMPLETED,Burger & Fries,Burger House,Food
fea07515-7d3d-49d8-a840-dc179c2d07e9,ACC-STUDENT-005,2025-03-31T08:30:00Z,289.56,NPR,DEBIT,COMPLETED,Chiya,Local Tea Stall,Coffee
3d27242b-b069-40b5-bb5b-fef6e62a7c2b,ACC-STUDENT-003,2025-03-27T17:16:00Z,206.7,NPR,DEBIT,COMPLETED,Taxi Ride,Local Taxi,Transport
8e4259ba-40d3-40e5-be60-2f60dacea72c,ACC-STUDENT-005,2025-09-07T19:08:00Z,630.39,NPR,DEBIT,COMPLETED,Coke and Momo,Restaurant,Food
d927733f-1bb8-4553-bf67-f2df78f899cb,ACC-STUDENT-005,2025-10-10T20:18:00Z,513.72,NPR,DEBIT,COMPLETED,Breakfast,,Food
f3ae881a-b1f5-43f0-a8b4-04e2d57e3ed9,ACC-STUDENT-005,2025-05-17T17:04:00Z,190.7,NPR,DEBIT,COMPLETED,Taxi Ride,,Transport
850b9c23-4936-4db6-992e-06655c41d50e,ACC-STUDENT-005,2025-08-31T13:50:00Z,315.47,NPR,DEBIT,COMPLETED,Breakfast,Burger House,Food
40dd972d-dcf1-463a-b1f8-b543f53499a8,ACC-STUDENT-004,2025-11-06T19:20:00Z,195.26,NPR,DEBIT,COMPLETED,Dinner,Boba Shop,Food
241539cf-0972-4e2c-a1d5-39beaae29e99,ACC-STUDENT-003,2025/03/15,1628.73,NPR,DEBIT,COMPLETED,Rice and Oil,,Groceries
ecbc533e-b951-4a71-8e6d-a8803659b261,ACC-STUDENT-005,2025-10-31T18:42:00Z,60.44,NPR,DEBIT,COMPLETED,Ride Sharing,Sajha Yatayat,Transport
335f23bd-936b-4660-9284-d055a8e5c392,ACC-STUDENT-003,2025-01-22T08:30:00Z,277.67,NPR,DEBIT,COMPLETED,Cappuccino,Red Mug Cafe,Coffee
e39dc9bc-d949-499e-b661-8aa6d7df6760,ACC-STUDENT-004,2025-03-10T14:30:00Z,6506.1,NPR,CREDIT,COMPLETED,Part-time Payment,Tutoring,Income
3aaf9c63-9fc7-4180-92c2-a4939424a7c4,ACC-STUDENT-005,2025-07-23T08:30:00Z,137.15,NPR,DEBIT,COMPLETED,Latte,Coffee Point,Coffee
2af83c18-1bc8-444d-a42d-f65f7edc1944,ACC-STUDENT-004,2025-12-03T20:34:00Z,737.09,NPR,DEBIT,COMPLETED,Breakfast,Cafe,Food
8dafde49-24be-4bd6-a377-ef2bfdd3dbaf,ACC-STUDENT-001,2025-05-06T17:37:00Z,375.3,NPR,DEBIT,COMPLETED,Daily Commute,Local Taxi,Transport
37eef10c-cdcd-4942-8983-b852c473802c,ACC-STUDENT-004,2025-09-01T08:30:00Z,125.26,NPR,DEBIT,COMPLETED,Latte,,Coffee
ebdc5c68-b7c8-4129-8bcd-45a345b34698,ACC-STUDENT-005,2025-03-18T12:22:00Z,Rs. 286.83,NPR,DEBIT,COMPLETED,Burger & Fries,Bakery,Food
4e0a7c64-7eba-4993-a155-a847fccad5c5,ACC-STUDENT-002,2025-12-21T17:03:00Z,337.13,NPR,DEBIT,COMPLETED,Taxi Ride,Microbus,Transport
fc5722ed-ac0f-47c2-99d2-9dd8899d83f3,ACC-STUDENT-001,2025-03-24T18:42:00Z,188.79,NPR,DEBIT,COMPLETED,Ride Sharing,,Transport
e29fc2f0-5385-438c-a0e8-abe00083ac41,ACC-STUDENT-002,2025-11-19T13:30:00Z,225.66,NPR,DEBIT,COMPLETED,Meals,Bakery,food
b20951da-c066-473d-b885-dafdb9e369f8,ACC-STUDENT-005,2025-03-03T20:30:00Z,289.78,NPR,DEBIT,COMPLETED,Meals,Boba Shop,food
fd0c5d05-92f9-416c-a62c-3e399f478b0e,ACC-STUDENT-005,2025-05-28T08:30:00Z,167.87,NPR,DEBIT,COMPLETED,Iced Coffee,Red Mug Cafe,Coffee
9e0926db-5107-4f31-87c8-7a0d285794a0,ACC-STUDENT-002,2025-03-03T13:09:00Z,659.47,NPR,DEBIT,COMPLETED,Snacks,Canteen,Food
61d2c0d0-eb48-4dca-84dd-ffe2758700b0,ACC-STUDENT-001,2025-06-30T09:51:00Z,358.72,NPR,DEBIT,COMPLETED,Bus Ticket,Bus,Transport
918e13c3-09f9-4ac8-a86d-edbccea2ded5,ACC-STUDENT-005,2025-01-18T20:42:00Z,192.33,NPR,DEBIT,COMPLETED,Dinner,Bakery,Food
50beebb9-dbb7-44a7-b99c-3b745bfbd219,ACC-STUDENT-005,2025-04-15T08:30:00Z,137.46,NPR,DEBIT,COMPLETED,Cappuccino,Local Tea Stall,Coffee
dbad67a1-cb41-4f1c-8fb4-a38d144572db,ACC-STUDENT-004,2025-07-23T08:30:00Z,179.44,NPR,DEBIT,COMPLETED,Americano,Local Tea Stall,Coffee
f632c6c6-fabb-47f6-ad58-32e3209ec1f7,ACC-STUDENT-002,2025-01-20T08:30:00Z,146.63,NPR,DEBIT,COMPLETED,Iced Coffee,Red Mug Cafe,Coffee
0200c7ea-8065-4746-9882-e84e09356f72,ACC-STUDENT-003,2025-02-21T13:11:00Z,223.25,NPR,DEBIT,COMPLETED,Snacks,Boba Shop,Food
d8abf928-6892-4d3e-9b3e-78a234caf4e6,ACC-STUDENT-001,2025-11-06T17:46:00Z,306.01,NPR,DEBIT,COMPLETED,Daily Commute,Pathao,Transport
71b94fcc-db36-4394-a2ce-759b3ba47b98,ACC-STUDENT-002,2025-09-25T18:26:00Z,359.25,NPR,DEBIT,COMPLETED,Daily Commute,Local Taxi,Transport
3653bdcc-b225-415a-80cd-3340dfa6fd01,ACC-STUDENT-005,2025-11-22T12:00:00Z,3657.48,NPR,DEBIT,COMPLETED,Monthly Supplies,Local Grocery,Groceries
0255df2d-348d-419d-b85d-f0989faa6fb9,ACC-STUDENT-004,2025-03-28T18:34:00Z,439.57,NPR,DEBIT,COMPLETED,Bus Ticket,Pathao,Transport
b863e7d0-218b-4449-ac6f-e42d4a95e31e,ACC-STUDENT-002,2025-03-24T14:30:00Z,6947.08,NPR,CREDIT,COMPLETED,Monthly Allowance,Tutoring,Income
45285062-6e5a-475e-8a64-3f840b6a34d4,ACC-STUDENT-003,2025-11-07T19:32:00Z,206.9,NPR,DEBIT,COMPLETED,Dinner,Cafe,food
59386f04-1f97-4188-878c-5674ff406a96,ACC-STUDENT-004,2025-12-18T20:38:00Z,232.23,NPR,DEBIT,COMPLETED,Breakfast,Restaurant,Food
ffec15d7-2787-420d-bbd4-879d9343be62,ACC-STUDENT-003,2025-04-08T17:16:00Z,309.67,NPR,DEBIT,COMPLETED,Bus Ticket,Microbus,Transport
c7372066-9276-4c16-8f0b-23a584505239,ACC-STUDENT-001,2025-11-02T19:39:00Z,558.61,NPR,DEBIT,COMPLETED,Breakfast,Boba Shop,Food
3603f3d4-498e-44e4-97f9-61affd21f7cd,ACC-STUDENT-002,2025-04-12T12:00:00Z,1747.65,NPR,DEBIT,COMPLETED,Vegetables & Fruits,Local Grocery,Groceries
14ac572d-c1a6-4da5-b82b-dcd1e2793ec6,ACC-STUDENT-001,2025-04-18T18:09:00Z,186.86,NPR,DEBIT,COMPLETED,Ride Sharing,Local Taxi,Transport
46fcfec0-c3ac-4bb2-b060-19dd8d978e89,ACC-STUDENT-005,2025-07-07T09:01:00Z,358.6,NPR,DEBIT,COMPLETED,Taxi Ride,Local Taxi,Transport
cb8b8e4d-4e9d-407b-8f9f-01a94e49ad55,ACC-STUDENT-003,2025-07-24T18:54:00Z,452.53,NPR,DEBIT,COMPLETED,Ride Sharing,Local Taxi,Transport
0c4656ce-73ae-4acc-bf19-8f8206794dd2,ACC-STUDENT-003,2025-09-16T18:41:00Z,151.87,NPR,DEBIT,COMPLETED,Micro Fare,Pathao,Transport
82e68bed-cb36-474d-90ea-5565fec0a723,ACC-STUDENT-003,2025-09-29T17:54:00Z,439.03,NPR,DEBIT,COMPLETED,Ride Sharing,InDrive,Transport
18fbd785-6322-4834-9fd3-97f11dc3704c,ACC-STUDENT-004,2025-06-03T20:09:00Z,696.05,NPR,DEBIT,COMPLETED,Coke and Momo,Burger House,Food
174b443d-ab4a-4e6a-aba7-cce0515b8b99,ACC-STUDENT-001,2025-07-11T08:30:00Z,179.88,NPR,DEBIT,COMPLETED,Americano,Beans Cafe,Coffee
bbb0b5b4-b541-4bf9-a37f-44c80ed0edb2,ACC-STUDENT-001,2025-12-04T08:30:00Z,258.2,NPR,DEBIT,COMPLETED,Latte,Red Mug Cafe,Coffee
fb9181f8-be29-4eb4-855f-40bb3d9e0215,ACC-STUDENT-001,2025-12-29T08:30:00Z,136.99,NPR,DEBIT,COMPLETED,Iced Coffee,Beans Cafe,Coffee
912293e6-0554-4947-87d2-2750493ac119,ACC-STUDENT-004,2025-08-28T13:18:00Z,631.59,NPR,DEBIT,COMPLETED,Meals,Restaurant,Food
5069a6ab-543a-4f7b-844d-22572fa853e7,ACC-STUDENT-001,2025-08-18T18:42:00Z,71.14,NPR,DEBIT,COMPLETED,Micro Fare,Sajha Yatayat,Transport
9d87cb3a-fb7e-4cbb-947d-03ad67cd17ae,ACC-STUDENT-004,2026-01-11T18:30:00Z,887.3,NPR,DEBIT,COMPLETED,Popcorn & Soda,Fuzz Factory,Entertainment
83cb8195-eb4c-4a35-ac01-35d131c8b40e,ACC-STUDENT-005,2025-05-23T09:08:00Z,207.27,NPR,DEBIT,COMPLETED,Taxi Ride,Sajha Yatayat,Transport
724f9d46-7d22-4894-8cfa-05ffdfe3a990,ACC-STUDENT-001,2025-06-23T09:49:00Z,454.95,NPR,DEBIT,COMPLETED,Taxi Ride,Sajha Yatayat,Transport
270e379b-91e8-424d-adb6-bbf4e5b4f776,ACC-STUDENT-004,2025-06-16T13:55:00Z,282.42,NPR,DEBIT,COMPLETED,Lunch,Restaurant,Food
1668d7bd-fe73-48c6-9d8d-95380f76990e,ACC-STUDENT-002,2025-11-15T17:55:00Z,466.74,NPR,DEBIT,COMPLETED,Ride Sharing,InDrive,Transport
5e2a3b5e-4466-4ea8-a8cf-362b0014ab1e,ACC-STUDENT-004,2025-03-10T20:07:00Z,724.19,NPR,DEBIT,COMPLETED,Meals,Bakery,Food
56190e0a-beaa-493e-b3a1-93f00c320b30,ACC-STUDENT-005,2025-02-02T13:14:00Z,218.22,NPR,DEBIT,COMPLETED,Meals,Burger House,Food
50dcaa6a-9bb4-4523-a2a0-3b116a0048ff,ACC-STUDENT-001,2025-02-05T18:54:00Z,106.08,NPR,DEBIT,COMPLETED,Taxi Ride,InDrive,Transport
b89558d4-9a25-4f1d-af62-947de19fbab8,ACC-STUDENT-005,2025-07-15T08:00:00Z,339.16,NPR,DEBIT,COMPLETED,Spotify Premium,Spotify,Entertainment
8f25a3ce-6f0b-4d87-8bf4-bf05ece72e05,ACC-STUDENT-004,2025-06-04T20:08:00Z,171.56,NPR,DEBIT,COMPLETED,Burger & Fries,Local Eatery,Food
d20161cc-0f0e-442b-b099-03b37f9a1e3e,ACC-STUDENT-003,2025-10-02T10:00:00Z,13280.67,NPR,DEBIT,COMPLETED,House Rent,Rent House Ltd,Utilities
7ab1d23f-6d9e-4c47-a007-6d870e430c14,ACC-STUDENT-002,2025-02-16 16:20:00,4159.68,NPR,DEBIT,COMPLETED,Birthday Gift,Daraz,Shopping
187dd2f0-ec5c-413b-b1bd-59b888240ea2,ACC-STUDENT-005,2025-03-23T17:23:00Z,371.25,NPR,DEBIT,COMPLETED,Micro Fare,Bus,Transport
12e5e129-9c1e-47a5-a025-d0da7837daff,ACC-STUDENT-002,2025-12-29T08:30:00Z,339.02,NPR,DEBIT,COMPLETED,Chiya,Coffee Point,Coffee
fb1710ee-8805-460c-82ff-cb3fe8e43429,ACC-STUDENT-002,2025-06-13T17:30:00Z,119.53,NPR,DEBIT,COMPLETED,Daily Commute,,Transport
a0cb37d2-3ed4-4aef-8030-c69067d47de7,ACC-STUDENT-001,2025-08-16T12:48:00Z,378.95,NPR,DEBIT,COMPLETED,Snacks,Local Eatery,Food
e5a0a268-5e1e-42d8-b032-85bc7efeec4f,ACC-STUDENT-001,2025-09-15T08:00:00Z,251.16,NPR,DEBIT,COMPLETED,Spotify Premium,Spotify,Entertainment
5dec1b1b-4f41-4d75-9def-41a19c727713,ACC-STUDENT-003,2025-11-18T18:48:00Z,167.96,NPR,DEBIT,COMPLETED,Taxi Ride,Sajha Yatayat,Transport
373a7fac-b41f-4943-8c96-d9e9e11a3879,ACC-STUDENT-003,2025-09-10T18:39:00Z,394.41,NPR,DEBIT,COMPLETED,Micro Fare,Microbus,Transport
d111859f-c3f3-421c-885c-c1ffefacc92e,ACC-STUDENT-001,2025-05-29T09:04:00Z,125.24,NPR,DEBIT,COMPLETED,Taxi Ride,Sajha Yatayat,Transport
981eb424-e249-4edd-b89b-5f1c4ebb251b,ACC-STUDENT-001,2025-12-08T18:10:00Z,247.4,NPR,DEBIT,COMPLETED,Bus Ticket,,Transport
7b8a9ece-11fb-4847-af8d-cd56cf518a8e,ACC-STUDENT-001,2025-11-13T19:19:00Z,366.02,NPR,DEBIT,COMPLETED,Lunch,Burger House,Food
d4add81e-97cc-4a6d-b677-03b469fa20b7,ACC-STUDENT-003,2025-04-08T08:30:00Z,281.81,NPR,DEBIT,COMPLETED,Americano,Red Mug Cafe,Coffee
9f1317be-d253-4a4b-8f40-25fb4a62b3b6,ACC-STUDENT-004,2025-11-30T18:30:00Z,881.73,NPR,DEBIT,COMPLETED,Spotify Premium,Fuzz Factory,Entertainment
13b8dd5d-ff3c-41f9-b988-646965e51a8f,ACC-STUDENT-002,2025-05-17T20:08:00Z,525.1,NPR,DEBIT,COMPLETED,Coke and Momo,Restaurant,Food
28773477-1a16-4219-bfe1-57a956f3a3aa,ACC-STUDENT-003,2025-01-14T19:13:00Z,761.18,NPR,DEBIT,COMPLETED,Coke and Momo,Burger House,Food
147908d3-20cd-4ae4-8ff0-a8d45850b9e9,ACC-STUDENT-001,2025-06-05T18:11:00Z,133.87,NPR,DEBIT,COMPLETED,Micro Fare,Sajha Yatayat,Transport
54bbc011-6d1e-4a9b-a6bd-063928ce6b95,ACC-STUDENT-005,2025-02-01T13:00:00Z,643.41,NPR,DEBIT,COMPLETED,Coke and Momo,Local Eatery,Food
4f3ecf5a-0ab3-400b-badf-c919036052ee,ACC-STUDENT-003,2025-07-07T09:40:00Z,160.98,NPR,DEBIT,COMPLETED,Ride Sharing,Microbus,Transport
728e5ac1-3994-4470-83bf-c96d2942bd55,ACC-STUDENT-003,2025-07-31T09:38:00Z,485.34,NPR,DEBIT,COMPLETED,Ride Sharing,Sajha Yatayat,Transport
a5d28c8e-2fd4-4ea1-899a-293789f4e37e,ACC-STUDENT-004,2025-10-15T09:02:00Z,63.01,NPR,DEBIT,COMPLETED,Ride Sharing,Sajha Yatayat,Transport
fc492fbc-8241-40f8-a8f0-9c98b265f118,ACC-STUDENT-005,2025-08-04T17:00:00Z,248.68,NPR,DEBIT,COMPLETED,Bus Ticket,Local Taxi,Transport
93c5df33-3348-4821-afd3-2f96b530ae29,ACC-STUDENT-005,2025-12-25T19:01:00Z,653.52,NPR,DEBIT,COMPLETED,Lunch,Bakery,Food
43594bfa-d2c6-4bdd-9510-d6b837652ffd,ACC-STUDENT-005,2025-05-03T17:07:00Z,201.9,NPR,DEBIT,COMPLETED,Micro Fare,Microbus,Transport
1154b9ea-a837-4083-b7ca-ac164dfc8f2b,ACC-STUDENT-005,2025-08-19T18:35:00Z,463.48,NPR,DEBIT,COMPLETED,Micro Fare,Pathao,Transport
47d5d4f2-d5b5-4dd5-8411-2af22c8d90dc,ACC-STUDENT-001,2025-12-15T08:00:00Z,307.43,NPR,DEBIT,COMPLETED,Spotify Premium,Spotify,Entertainment
9885ede4-43d5-4df1-aa88-871341cbc1cb,ACC-STUDENT-001,2025-06-16T07:00:00Z,7869.18,NPR,DEBIT,COMPLETED,Pokhara Trip,Resort Pokhara,Travel
7388d46b-49e7-4aeb-9473-b2a395ef7dd9,ACC-STUDENT-002,2025-04-19T12:00:00Z,2214.19,NPR,DEBIT,COMPLETED,Dairy Products,Local Grocery,Groceries
0f991f0b-3280-45d1-a5b2-3e508f3b01c2,ACC-STUDENT-004,2025-03-05T20:16:00Z,402.53,NPR,DEBIT,COMPLETED,Meals,Canteen,Food
55fcdb33-628b-4ac7-a044-dd06e7133dd9,ACC-STUDENT-005,2025-05-24T14:30:00Z,5348.63,NPR,CREDIT,COMPLETED,Scholarship payout,Scholarship,Income
285e223f-bd3b-4b12-afb1-ae3014f56751,ACC-STUDENT-005,2025-07-22T18:01:00Z,338.86,NPR,DEBIT,COMPLETED,Daily Commute,Sajha Yatayat,Transport
1f5a69d4-037a-4341-85b9-27972c4971ac,ACC-STUDENT-003,2026-01-03T20:06:00Z,311.09,NPR,DEBIT,COMPLETED,,Restaurant,Food
5715bf44-da47-4eeb-b76a-5cb35ce8bdab,ACC-STUDENT-002,2025-11-01T09:00:00Z,31378.14,NPR,CREDIT,COMPLETED,Monthly Allowance,Family Transfer,Income
246f47bc-f142-4515-b0c5-6ca400e5ff4b,ACC-STUDENT-005,2025-09-11T19:45:00Z,689.79,NPR,DEBIT,COMPLETED,Lunch,Restaurant,Food
a14959ef-14e2-4f1e-a79f-b59ccfe51c3b,ACC-STUDENT-001,2025-03-28T19:50:00Z,328.54,NPR,DEBIT,COMPLETED,Meals,Restaurant,Food
bd8bd9be-981c-4bd3-aff1-91c4fcbcacf3,ACC-STUDENT-002,2025-02-08T19:20:00Z,668.8,NPR,DEBIT,COMPLETED,Coke and Momo,Canteen,Food
1e2b51da-5c1f-45e2-a83b-a88ccdc96e3e,ACC-STUDENT-001,2025-06-15T08:00:00Z,413.65,NPR,DEBIT,COMPLETED,Spotify Premium,Spotify,Entertainment
b1ed0849-0616-4f6a-b6a0-48fe3b216f4d,ACC-STUDENT-003,2025-06-08T18:30:00Z,1022.12,NPR,DEBIT,COMPLETED,Movie Ticket,Spotify,Entertainment
94797ef5-0473-45d5-ade6-7412448b2cc4,ACC-STUDENT-001,2025-05-19T17:09:00Z,138.29,NPR,DEBIT,COMPLETED,Ride Sharing,Sajha Yatayat,Transport
54d69c60-e32c-461c-8923-6c6fee53ea52,ACC-STUDENT-004,2025-05-01T19:52:00Z,695.44,NPR,DEBIT,COMPLETED,Burger & Fries,Restaurant,Food
7e444961-0ae7-4c35-9485-ef35bdbedbe7,ACC-STUDENT-003,2025-12-23T17:40:00Z,346.07,NPR,DEBIT,COMPLETED,Ride Sharing,InDrive,Transport
f110fc81-bedb-4937-90d6-457f01a4c4cd,ACC-STUDENT-002,2025-08-09T13:02:00Z,457.57,NPR,DEBIT,COMPLETED,Dinner,Cafe,Food
1bdf2466-8da9-49a8-ad0d-9be36443c334,ACC-STUDENT-005,2025-01-27T12:05:00Z,167.11,NPR,DEBIT,COMPLETED,Breakfast,Cafe,Food
92944457-62d7-480d-b8dd-44eaadd97599,ACC-STUDENT-002,2025/08/20,722.49,NPR,DEBIT,COMPLETED,Coke and Momo,Bakery,Food
68ab82d7-778e-447f-aa72-44a1989c68e5,ACC-STUDENT-005,2025-06-09T09:25:00Z,66.85,NPR,DEBIT,COMPLETED,Taxi Ride,Bus,TRANSPORT
7d998c59-c95c-4fe1-a12a-9d0533857511,ACC-STUDENT-002,2025-09-01T18:28:00Z,342.46,NPR,DEBIT,COMPLETED,,Bus,Transport
bac6b66f-15bf-4c94-87b5-25476267b79b,ACC-STUDENT-001,2025-06-09T16:20:00Z,2799.02,NPR,DEBIT,COMPLETED,Gift for Mom,Miniso,Shopping
ce2c2c00-f9b7-4875-80b3-fba6b1a2c9bb,ACC-STUDENT-002,2025-12-22T18:31:00Z,302.3,NPR,DEBIT,COMPLETED,Bus Ticket,Sajha Yatayat,Transport
1db00e0e-dec0-4bd9-af57-9137b9dd7391,ACC-STUDENT-003,2025-02-28T17:47:00Z,337.69,NPR,DEBIT,COMPLETED,Micro Fare,Pathao,Transport
e276c1df-9c17-4896-ae4b-9fdf883ebcf5,ACC-STUDENT-005,2025-08-06T19:24:00Z,623.61,NPR,DEBIT,COMPLETED,Snacks,Local Eatery,Food
ecb5f7dd-4d2a-4f05-830f-aa08cdd9ad98,ACC-STUDENT-002,2025-04-10T08:30:00Z,324.99,NPR,DEBIT,COMPLETED,Iced Coffee,Local Tea Stall,Coffee
baca7a8f-cff6-47ac-9397-dbb540963f1f,ACC-STUDENT-004,2026-01-09T13:04:00Z,455.63,NPR,DEBIT,COMPLETED,Breakfast,Local Eatery,Food
2b85e6ed-3598-45a0-a173-c36242ca970d,ACC-STUDENT-004,2025-04-29T18:50:00Z,348.66,NPR,DEBIT,COMPLETED,Micro Fare,Pathao,TRANSPORT
a79d9e58-0437-4614-b432-2064de04ceb6,ACC-STUDENT-005,2025-09-07T13:39:00Z,374.23,NPR,DEBIT,COMPLETED,Lunch,Burger House,Food
8c6eb715-ebc0-45da-a5df-94105b0d94db,ACC-STUDENT-004,2025-08-19T08:30:00Z,254.3,NPR,DEBIT,COMPLETED,Americano,Himalayan Java,Coffee
05e4b6a1-35ca-42fd-b71c-881c4d1dfc64,ACC-STUDENT-005,2025-10-28T17:03:00Z,281.1,NPR,DEBIT,COMPLETED,Ride Sharing,Bus,Transport
df831c31-06f3-4760-bc97-d72908c93a54,ACC-STUDENT-002,2025-01-28T20:50:00Z,566.71,NPR,DEBIT,COMPLETED,Meals,Bakery,Food
261d4c5c-31fa-4585-af3c-1272f3f36fbf,ACC-STUDENT-004,2025-12-16T17:29:00Z,133.16,NPR,DEBIT,COMPLETED,Bus Ticket,Bus,Transport
89587757-f72b-4810-a5f8-7fbeefe43690,ACC-STUDENT-002,2025-12-19T09:40:00Z,102.78,NPR,DEBIT,COMPLETED,Taxi Ride,InDrive,Transport
b892c27c-c895-469c-8d43-bf67ffd3acc1,ACC-STUDENT-001,2025-07-07T09:14:00Z,320.75,NPR,DEBIT,COMPLETED,Daily Commute,InDrive,Transport
5f204a71-ce62-43d1-8b9c-9f6240455a1e,ACC-STUDENT-001,2025-02-07T19:14:00Z,674.27,NPR,DEBIT,COMPLETED,Lunch,Canteen,Food
701c166e-2789-44cc-b6bd-3ef3f32a8fe5,ACC-STUDENT-003,2025-10-14T09:26:00Z,483.69,NPR,DEBIT,COMPLETED,Bus Ticket,InDrive,Transport
a904dd6c-ee6e-44ac-8361-90ec68fda7f4,ACC-STUDENT-004,2025-06-10T19:54:00Z,441.56,NPR,DEBIT,COMPLETED,Burger & Fries,Local Eatery,Food
b96e6eb1-dfba-4e8c-80fb-c4e9949a11ad,ACC-STUDENT-001,2025-03-16T18:30:00Z,1186.42,NPR,DEBIT,COMPLETED,Popcorn & Soda,Spotify,Entertainment
366fc507-a83c-42d3-9eaa-f904799f14c7,ACC-STUDENT-004,2025-12-10T08:30:00Z,321.23,NPR,DEBIT,COMPLETED,Chiya,Red Mug Cafe,Coffee
541c14b9-cbf8-4751-8bf5-fb1b19b70ea1,ACC-STUDENT-001,2025-02-28T17:26:00Z,362.15,NPR,DEBIT,COMPLETED,Taxi Ride,Microbus,Transport
e307f707-d3b2-4d14-b42c-36fb77c3873e,ACC-STUDENT-005,2025-04-11T09:48:00Z,300.81,NPR,DEBIT,COMPLETED,Micro Fare,Sajha Yatayat,Transport
a68b218c-a0fe-46b2-a94f-50f95f4749d7,ACC-STUDENT-001,2026-01-04T12:26:00Z,449.32,NPR,DEBIT,COMPLETED,Meals,Canteen,Food
a5f5c275-2349-4892-b01f-838d888d8a66,ACC-STUDENT-004,2025-10-12T18:30:00Z,677.31,NPR,DEBIT,COMPLETED,Spotify Premium,Netflix,Entertainment
629617df-f7cb-400f-9619-10dea643e498,ACC-STUDENT-002,2025-09-25T13:29:00Z,771.61,NPR,DEBIT,COMPLETED,Coke and Momo,Canteen,Food
b8fddc11-cba7-4fd5-b735-8966a312bc96,ACC-STUDENT-003,2025-07-22T09:25:00Z,73.89,NPR,DEBIT,COMPLETED,Ride Sharing,Microbus,Transport
4888831a-ef9b-46b0-98a8-309dac017401,ACC-STUDENT-003,2025-03-24T12:15:00Z,699.5,NPR,DEBIT,COMPLETED,Lunch,Cafe,Food
1be9da74-ffd7-4412-b1c0-fea16d7e8c2f,ACC-STUDENT-002,2025-06-04T08:30:00Z,302.51,NPR,DEBIT,COMPLETED,Cappuccino,Coffee Point,Coffee
0893b2e4-596c-4273-a4fe-6fb48461fa55,ACC-STUDENT-001,2025-09-15T08:30:00Z,226.56,NPR,DEBIT,COMPLETED,Cappuccino,Himalayan Java,Coffee
bc48b5eb-9ec3-4452-b94a-c51a103201c9,ACC-STUDENT-003,2025-02-05T11:15:00Z,1303.43,NPR,DEBIT,COMPLETED,WiFi Internet,Worldlink,Utilities
70d93466-687a-470f-8250-580f65abc937,ACC-STUDENT-001,2025-03-11T19:53:00Z,0.0,NPR,DEBIT,COMPLETED,,Bakery,Food
cb6bf00f-690c-407e-ae94-5c9226aa069a,ACC-STUDENT-004,2025-12-05T08:30:00Z,344.66,NPR,DEBIT,COMPLETED,Chiya,Coffee Point,Coffee
229bddfc-d4b7-4bc9-a480-a830e08f4d34,ACC-STUDENT-005,2025-03-11T17:47:00Z,268.69,NPR,DEBIT,COMPLETED,Taxi Ride,Local Taxi,Transport
2a0dff6d-7f1b-4ae6-bfea-5c8da0f4ac2d,ACC-STUDENT-002,2025-06-18T20:26:00Z,-507.07,NPR,DEBIT,COMPLETED,Burger & Fries,Local Eatery,Food
829cddb7-240b-4cb7-8f5e-eb95e58f22e8,ACC-STUDENT-005,2026-01-03T12:00:00Z,1535.12,NPR,DEBIT,COMPLETED,Dairy Products,Bhatbhateni,Groceries
fbb5457a-ff7f-455d-9fad-5fce3c069043,ACC-STUDENT-001,2025-11-20T13:30:00Z,240.39,NPR,DEBIT,COMPLETED,Burger & Fries,Bakery,Food
dffe6aea-839c-415e-84a1-2b0bf143c92e,ACC-STUDENT-005,2025-09-06T12:00:00Z,3362.98,NPR,DEBIT,COMPLETED,Monthly Supplies,Fresh Vegetable Vendor,Groceries
5dc81f44-b874-46a3-99ed-6f6c18236bbd,ACC-STUDENT-002,2025-04-02T10:00:00Z,10205.07,NPR,DEBIT,COMPLETED,House Rent,Rent House Ltd,Utilities
412b7125-d876-4204-9730-040ca39a2f3a,ACC-STUDENT-003,2025-09-30T08:30:00Z,280.28,NPR,DEBIT,COMPLETED,Chiya,Himalayan Java,Coffee
2adec550-10a6-43c4-88cb-b3f454953917,ACC-STUDENT-004,2025-02-23T12:09:00Z,770.33,NPR,DEBIT,COMPLETED,Coke and Momo,Burger House,Food
542ee191-e4e5-426e-ac88-cb6f15b34921,ACC-STUDENT-003,2025-11-07T17:19:00Z,429.91,NPR,DEBIT,COMPLETED,Ride Sharing,,Transport
a81285fa-fc28-4b8a-91c5-c41548e254e2,ACC-STUDENT-003,2025-11-14T08:30:00Z,329.62,NPR,DEBIT,COMPLETED,Iced Coffee,Coffee Point,Coffee
2e9e8dfc-12dd-4b83-809b-afee89da1da0,ACC-STUDENT-003,2025-04-14T18:54:00Z,166.99,NPR,DEBIT,COMPLETED,Bus Ticket,Bus,Transport
aaa776c9-cd45-4b54-a0df-5b52df1ad214,ACC-STUDENT-005,2025-11-16T20:40:00Z,220.03,NPR,DEBIT,COMPLETED,Breakfast,Bakery,Food
c4b2c9ad-17f3-4b10-9d3d-ef8398269c58,ACC-STUDENT-004,2025-05-07T13:11:00Z,344.86,NPR,DEBIT,COMPLETED,Lunch,Canteen,Food
b9b366ed-c6b8-4029-8b7d-878823db4401,ACC-STUDENT-005,2025-03-27T17:49:00Z,419.08,NPR,DEBIT,COMPLETED,Daily Commute,Microbus,Transport
87fefec8-248a-4535-8231-045049ae9403,ACC-STUDENT-005,2025-06-04T09:20:00Z,336.28,NPR,DEBIT,COMPLETED,Micro Fare,InDrive,transport
d9231091-3404-4efa-9b5f-e2804613313b,ACC-STUDENT-001,2025-07-05T11:15:00Z,1664.66,NPR,DEBIT,COMPLETED,WiFi Internet,Worldlink,Utilities
2e34355a-b6a1-45a2-8186-4460b723df71,ACC-STUDENT-001,2025-08-15T13:08:00Z,418.28,NPR,DEBIT,COMPLETED,Coke and Momo,Burger House,Food
493b873f-4084-4ae0-9062-90fe4d61599a,ACC-STUDENT-001,2025-03-22T18:48:00Z,189.04,NPR,DEBIT,COMPLETED,Taxi Ride,Local Taxi,Transport
d10c29f1-bf1a-407f-887f-ec73ecb3cfc0,ACC-STUDENT-001,2025-12-18T18:58:00Z,353.59,NPR,DEBIT,COMPLETED,Daily Commute,Bus,Transport
c4d1587d-8cf5-4db7-9d0a-a6e414ce0e0d,ACC-STUDENT-005,2025-03-18T20:07:00Z,-796.17,NPR,DEBIT,COMPLETED,Coke and Momo,Canteen,Food
c36fc5b5-0414-46b6-80dc-672c152e8bee,ACC-STUDENT-002,2025/04/21,85.17,NPR,DEBIT,COMPLETED,Micro Fare,Local Taxi,Transport
2f73c31b-7fbb-47f5-8f72-6114ddeca336,ACC-STUDENT-004,2025-05-05T17:07:00Z,461.93,NPR,DEBIT,COMPLETED,Ride Sharing,Sajha Yatayat,Transport
9582798e-5704-46f6-a34e-4e347bab94d7,ACC-STUDENT-001,2025-07-11T17:28:00Z,379.66,NPR,DEBIT,COMPLETED,Ride Sharing,Sajha Yatayat,Transport
ef9ac079-15bd-4eb6-a5f8-dbbf5832e1e3,ACC-STUDENT-003,2025-09-16T12:51:00Z,208.2,NPR,DEBIT,COMPLETED,Coke and Momo,Local Eatery,Food
72752d0c-f739-4373-ad0a-96fccd0c146b,ACC-STUDENT-004,2025-11-26T20:20:00Z,783.45,NPR,DEBIT,COMPLETED,Breakfast,Bakery,food
af321ed5-436c-4aec-82c5-02768acadbb6,ACC-STUDENT-004,2025-03-12T08:30:00Z,281.35,NPR,DEBIT,COMPLETED,Chiya,Red Mug Cafe,Coffee
552297dc-9b73-4aeb-ab25-d0afefe57a9d,ACC-STUDENT-004,2025-02-02T13:50:00Z,529.92,NPR,DEBIT,COMPLETED,Meals,Cafe,Food
315f6b49-065e-4a49-b9b7-f9d4ebc67d7e,ACC-STUDENT-003,2025-06-27T09:48:00Z,241.71,NPR,DEBIT,COMPLETED,Ride Sharing,InDrive,Transport
5382ab26-8997-4350-acf4-950c5a8b0a68,ACC-STUDENT-002,2025-05-06T20:51:00Z,301.69,NPR,DEBIT,COMPLETED,Dinner,Canteen,Food
af21a845-f362-4078-bf2c-0a468540864b,ACC-STUDENT-004,2025-08-28T09:25:00Z,233.99,NPR,DEBIT,COMPLETED,Daily Commute,Bus,Transport
130f37ed-d133-4488-b20f-135b62228187,ACC-STUDENT-005,2025-08-01T13:32:00Z,301.56,NPR,DEBIT,COMPLETED,Snacks,Bakery,Food
a22647e8-5cc4-432f-87a1-a7c19a5cb8c7,ACC-STUDENT-005,2025-04-17T08:30:00Z,306.35,NPR,DEBIT,COMPLETED,Latte,Local Tea Stall,Coffee
107109bc-1503-4040-b3bc-be67c97ecfb3,ACC-STUDENT-003,2025-04-17T20:12:00Z,374.31,NPR,DEBIT,COMPLETED,Meals,Canteen,Food
227e236b-c5f9-4657-b974-0d4047bf65ec,ACC-STUDENT-003,2025-05-08T17:22:00Z,134.6,NPR,DEBIT,COMPLETED,Ride Sharing,Sajha Yatayat,TRANSPORT
ead282fd-b1a1-4e75-b24c-a0217b05e9ef,ACC-STUDENT-005,2025-06-10T12:01:00Z,792.35,NPR,DEBIT,COMPLETED,Snacks,Boba Shop,Food
b0272f8d-0176-4db3-9739-6fb1d01551bf,ACC-STUDENT-002,2025-04-26T19:44:00Z,346.44,NPR,DEBIT,COMPLETED,Burger & Fries,Burger House,Food
4ed1d20d-082c-41b9-a536-5ba0372fe16b,ACC-STUDENT-001,2025/03/14,246.84,NPR,DEBIT,COMPLETED,Latte,Local Tea Stall,COFFEE
19fbc0da-8dc3-48de-8283-276d20b48b44,ACC-STUDENT-003,2025-08-19T19:06:00Z,0.0,NPR,DEBIT,COMPLETED,Burger & Fries,Boba Shop,Food
5d8be3e2-66b3-4119-beef-69e1220d392a,ACC-STUDENT-001,2025-12-12T19:14:00Z,213.74,NPR,DEBIT,COMPLETED,Coke and Momo,Bakery,Food
12435c4b-4654-4719-adb7-870958e944a4,ACC-STUDENT-005,2025-08-04T19:11:00Z,385.16,NPR,DEBIT,COMPLETED,Lunch,Bakery,Food
fd0fe3c3-429f-4126-af00-d09ee7eff53c,ACC-STUDENT-002,2025-02-04T17:57:00Z,124.24,NPR,DEBIT,COMPLETED,Micro Fare,Pathao,Transport
7a2391f8-b27b-4712-943c-8fed9e6433db,ACC-STUDENT-001,2025-08-04T13:13:00Z,601.87,NPR,DEBIT,COMPLETED,Coke and Momo,Canteen,Food
4f5047a1-12ad-4dc8-b95b-bf8ee123cdbc,ACC-STUDENT-005,2025-10-12T12:26:00Z,349.84,NPR,DEBIT,COMPLETED,Breakfast,Boba Shop,Food
b4e19cfa-a1b8-48be-96e6-5b787eafa9bd,ACC-STUDENT-005,2025-08-25T12:31:00Z,503.95,NPR,DEBIT,COMPLETED,,Local Eatery,Food
1dab16c6-61cb-48bd-83dc-30f4da882bf2,ACC-STUDENT-001,2025-06-19T17:24:00Z,100.73,NPR,DEBIT,COMPLETED,Micro Fare,Microbus,transport
c008e520-44cd-4893-9f7c-cd43c56f814b,ACC-STUDENT-003,2025-10-23T09:42:00Z,93.19,NPR,DEBIT,COMPLETED,Bus Ticket,Pathao,Transport
95e391d8-e965-4d12-b4ac-e2728b8be9d2,ACC-STUDENT-002,2025-11-01T17:01:00Z,132.77,NPR,DEBIT,COMPLETED,Taxi Ride,Microbus,Transport
ce824955-346f-45b2-8d17-918458a23311,ACC-STUDENT-005,2025-12-30T18:55:00Z,318.35,NPR,DEBIT,COMPLETED,,Sajha Yatayat,Transport
4d825fc8-97af-4186-b68d-41be839f1e3c,ACC-STUDENT-001,2025-08-14T18:30:00Z,Rs. 465.97,NPR,DEBIT,COMPLETED,Ride Sharing,Microbus,Transport
131a278a-871f-4318-9c95-54f36c11df78,ACC-STUDENT-003,2025-03-20T09:51:00Z,470.35,NPR,DEBIT,COMPLETED,Micro Fare,Sajha Yatayat,Transport
1a7ab608-8786-4495-9a38-7d560571760b,ACC-STUDENT-004,2025-05-29T16:20:00Z,4219.44,NPR,DEBIT,COMPLETED,Gift for Mom,Daraz,Shopping
d494067f-6422-442e-9555-9dbdfb8886a1,ACC-STUDENT-002,2025-08-27T12:59:00Z,185.98,NPR,DEBIT,COMPLETED,Breakfast,Boba Shop,Food
709d7fd8-d6da-4360-a559-940ea08e8c52,ACC-STUDENT-003,2025-03-19T09:38:00Z,405.48,NPR,DEBIT,COMPLETED,Taxi Ride,Pathao,Transport
28812220-ff15-4037-965b-325a44d96a79,ACC-STUDENT-001,2025-12-03T19:34:00Z,704.67,NPR,DEBIT,COMPLETED,Dinner,Canteen,FOOD
f3e22be0-94ff-4110-b3b5-12cbcd38b23c,ACC-STUDENT-004,2025-03-08T20:38:00Z,749.59,NPR,DEBIT,COMPLETED,Dinner,Canteen,Food
00affa0d-d42b-4fbd-b929-ebd1b04e5695,ACC-STUDENT-002,2025-09-11T18:14:00Z,252.04,NPR,DEBIT,COMPLETED,Micro Fare,Pathao,Transport
42603b3b-e313-4a21-9e0a-e6abc8bef048,ACC-STUDENT-001,2025-05-08T09:43:00Z,142.43,NPR,DEBIT,COMPLETED,Bus Ticket,Sajha Yatayat,Transport
f592b34d-e33c-4b39-801c-cec516fdd778,ACC-STUDENT-003,2026-01-01T13:17:00Z,308.78,NPR,DEBIT,COMPLETED,Burger & Fries,Cafe,Food
a1ee72bb-71ee-40fb-84e1-103eadb8b742,ACC-STUDENT-003,2025-06-10T08:30:00Z,311.86,NPR,DEBIT,COMPLETED,Iced Coffee,Coffee Point,Coffee
9b3a6e17-8651-4c34-9e0b-1f97ab388cd6,ACC-STUDENT-003,2025-05-21T08:30:00Z,299.15,NPR,DEBIT,COMPLETED,Latte,Himalayan Java,Coffee
cb61a0cf-22ff-450c-a059-26b5e57e4846,ACC-STUDENT-004,2025-06-24T19:53:00Z,155.21,NPR,DEBIT,COMPLETED,Burger & Fries,Local Eatery,Food
9f79e295-8572-46fe-ab05-1e01d706708e,ACC-STUDENT-003,2025-07-13T12:00:00Z,3429.94,NPR,DEBIT,COMPLETED,Weekly Groceries,Saleways,Groceries
d9f172be-a3f7-458c-af4b-e3506c7a5f01,ACC-STUDENT-005,2025-01-30T09:40:00Z,235.07,NPR,DEBIT,COMPLETED,Ride Sharing,InDrive,Transport
5fec79f8-033d-4901-b8f8-0baf44964508,ACC-STUDENT-001,2025-11-04T12:06:00Z,521.39,NPR,DEBIT,COMPLETED,Coke and Momo,Local Eatery,Food
e2d8067d-1ec0-40dc-9ad7-e932cd6fcc94,ACC-STUDENT-003,2025-05-22T16:20:00Z,2423.85,NPR,DEBIT,COMPLETED,Books,Local Store,Shopping
8f944051-a126-4d3c-ab41-892cf423cacf,ACC-STUDENT-001,2025-04-15T18:58:00Z,499.38,NPR,DEBIT,COMPLETED,Ride Sharing,Bus,Transport
2a58af63-5ef0-4b22-9b4d-934679e79061,ACC-STUDENT-003,2025-05-01T18:35:00Z,470.84,NPR,DEBIT,COMPLETED,Bus Ticket,Local Taxi,Transport
4a04849d-5af9-4dcb-adab-97ed6479d8ce,ACC-STUDENT-005,2025/09/21,3239.99,NPR,DEBIT,COMPLETED,,Saleways,Groceries
441e3702-1962-4503-a6fc-25848cb07352,ACC-STUDENT-003,2025-02-25T12:58:00Z,Rs. 563.86,NPR,DEBIT,COMPLETED,Coke and Momo,Boba Shop,Food
21922745-3ee5-4edf-8ef2-9c97e9e64be6,ACC-STUDENT-001,2025-05-02T20:41:00Z,757.77,NPR,DEBIT,COMPLETED,Snacks,Bakery,Food
3d4091b8-36d5-42b9-ab3c-a73e8ca70515,ACC-STUDENT-004,2026-01-09T18:38:00Z,425.66,NPR,DEBIT,COMPLETED,Ride Sharing,Sajha Yatayat,transport
73aa2615-776e-4c93-af36-6a85369136da,ACC-STUDENT-003,2025-11-05T11:15:00Z,1245.15,NPR,DEBIT,COMPLETED,WiFi Internet,Worldlink,Utilities
cd784a57-32df-4b4f-9273-a3aaa1853b33,ACC-STUDENT-001,2025-05-28T20:06:00Z,167.07,NPR,DEBIT,COMPLETED,Dinner,Local Eatery,Food
9456812c-3b31-462a-b4f7-ba49ebfea283,ACC-STUDENT-005,2025-12-19T17:29:00Z,325.89,NPR,DEBIT,COMPLETED,Bus Ticket,Sajha Yatayat,Transport
5b22dff4-c341-41c7-9326-ee2d8078a093,ACC-STUDENT-003,2025-07-05T11:15:00Z,1904.57,NPR,DEBIT,COMPLETED,WiFi Internet,Worldlink,Utilities
1ee62933-ef8d-4186-935d-c2a3f2f3b2ef,ACC-STUDENT-002,2025-12-05T09:24:00Z,411.54,NPR,DEBIT,COMPLETED,Micro Fare,Bus,Transport
98159a43-6e62-4d06-9d8d-4f48884dee40,ACC-STUDENT-002,2025-04-11T17:21:00Z,385.68,NPR,DEBIT,COMPLETED,Ride Sharing,,Transport
c192e3b3-a16a-4bf2-bdc7-339d6d293090,ACC-STUDENT-003,2025-05-30T18:24:00Z,120.5,NPR,DEBIT,COMPLETED,Taxi Ride,Local Taxi,Transport
bacd2dac-aeec-446c-a011-2c8830ac18fb,ACC-STUDENT-002,2025-02-02T18:30:00Z,823.45,NPR,DEBIT,COMPLETED,Movie Ticket,Fuzz Factory,Entertainment
0d1c0eef-7dc8-4a7d-8705-e45f78a8756b,ACC-STUDENT-002,2025-03-27T16:20:00Z,2390.21,NPR,DEBIT,COMPLETED,Gift for Mom,Local Store,Shopping
e038d3a1-55a5-40df-a25c-2129223c85f2,ACC-STUDENT-002,2025-09-19T17:36:00Z,241.93,NPR,DEBIT,COMPLETED,Micro Fare,InDrive,Transport
3addb495-29f1-4cd0-96a5-d5b8765199aa,ACC-STUDENT-005,2025-09-09T18:46:00Z,398.57,NPR,DEBIT,COMPLETED,Ride Sharing,Local Taxi,Transport
1fa805cd-6dc8-4811-927d-259cd41f1325,ACC-STUDENT-003,2025-06-25T08:30:00Z,344.11,NPR,DEBIT,COMPLETED,Iced Coffee,Himalayan Java,Coffee
068f1202-a017-4854-a9d9-8df7a76ba5c6,ACC-STUDENT-002,2025-07-13T13:39:00Z,568.88,NPR,DEBIT,COMPLETED,Breakfast,Canteen,Food
209e1bc5-4f6c-457c-8d9d-ae60c941e359,ACC-STUDENT-001,2025-01-24T12:03:00Z,411.7,NPR,DEBIT,COMPLETED,Dinner,Boba Shop,Food
922a9ce8-c676-48e5-b4ad-7e267378116b,ACC-STUDENT-005,2025-11-20T17:48:00Z,225.74,NPR,DEBIT,COMPLETED,Daily Commute,InDrive,Transport
5e1360fc-75c2-426b-bf6b-d786caf0b7d2,ACC-STUDENT-004,2025-09-22T19:01:00Z,318.34,NPR,DEBIT,COMPLETED,Breakfast,Canteen,Food
a1a183ea-0e46-497d-a5ed-216b50c81a52,ACC-STUDENT-001,2025-04-08T12:15:00Z,422.89,NPR,DEBIT,COMPLETED,Breakfast,Local Eatery,Food
8aa518ae-4f7a-47f9-b332-2c0b0d4a9dcc,ACC-STUDENT-003,2025-03-16T17:25:00Z,176.38,NPR,DEBIT,COMPLETED,Taxi Ride,Local Taxi,Transport
b76c4c25-faea-4dfe-822b-57429c1e1794,ACC-STUDENT-002,2025-01-30T12:59:00Z,513.04,NPR,DEBIT,COMPLETED,Burger & Fries,Burger House,Food
8a02beeb-d400-48e1-a79d-346551b8b2e4,ACC-STUDENT-002,2025-03-11T17:05:00Z,227.89,NPR,DEBIT,COMPLETED,Daily Commute,Pathao,Transport
1379b7b6-6b8a-404e-8a62-0793c04c1e78,ACC-STUDENT-003,2025-07-29T19:42:00Z,484.32,NPR,DEBIT,COMPLETED,Lunch,Cafe,Food
10653a31-f79a-4fff-9617-c258367a9e6e,ACC-STUDENT-003,2025-04-01T20:15:00Z,445.71,NPR,DEBIT,COMPLETED,Coke and Momo,Canteen,Food
0f34dc45-4249-476b-b2b2-86254e67cfb9,ACC-STUDENT-005,2025-12-05T20:40:00Z,0.0,NPR,DEBIT,COMPLETED,Burger & Fries,Local Eatery,Food
3a249258-9ea6-4656-b1b3-57087ac1fedb,ACC-STUDENT-004,2025/01/16,395.59,NPR,DEBIT,COMPLETED,Breakfast,Boba Shop,Food
1af4ef0d-e56c-439b-8269-15479fff6468,ACC-STUDENT-002,2025-03-02T18:30:00Z,984.52,NPR,DEBIT,COMPLETED,Bowling Session,Fuzz Factory,Entertainment
0e2da03a-1ec6-4868-a314-45da2924f2cc,ACC-STUDENT-003,2025/09/14,2774.95,NPR,DEBIT,COMPLETED,Vegetables & Fruits,Saleways,Groceries
02330524-d023-4952-b777-a0f97e95f415,ACC-STUDENT-004,2025-05-29T09:33:00Z,216.25,NPR,DEBIT,COMPLETED,Micro Fare,Sajha Yatayat,Transport
05ceac1d-cd29-48cd-955c-0a800cd34371,ACC-STUDENT-005,2025-11-28T09:55:00Z,189.83,NPR,DEBIT,COMPLETED,Micro Fare,Local Taxi,Transport
2edac6c5-7e0d-4f2c-850b-401900f5da67,ACC-STUDENT-004,2025-09-02T13:47:00Z,185.43,NPR,DEBIT,COMPLETED,Breakfast,Local Eatery,Food
9bdfe712-fb39-459b-8108-35de8c404640,ACC-STUDENT-001,2025-10-10T20:44:00Z,582.41,NPR,DEBIT,COMPLETED,Meals,,Food
116768be-b226-4632-9ca9-c0b0f6a10a87,ACC-STUDENT-002,2025-03-12T09:29:00Z,481.55,NPR,DEBIT,COMPLETED,Taxi Ride,Bus,Transport
d1066fd2-1c4f-42ae-a1e9-3871b994499e,ACC-STUDENT-004,2025-06-26T17:40:00Z,207.68,NPR,DEBIT,COMPLETED,Ride Sharing,Local Taxi,Transport
08720e04-cb18-40a9-b0e6-47165b7b8f6c,ACC-STUDENT-002,2025-08-13T13:33:00Z,243.7,NPR,DEBIT,COMPLETED,Coke and Momo,Bakery,Food
3cde8504-47b2-48c8-83f0-d2dbf50f6488,ACC-STUDENT-002,2025-04-23T20:04:00Z,366.6,NPR,DEBIT,COMPLETED,Coke and Momo,Bakery,Food
00af3e55-3601-4f0e-87de-6bfaa5d70acd,ACC-STUDENT-004,2025-06-15T12:00:00Z,2127.02,NPR,DEBIT,COMPLETED,Monthly Supplies,Local Grocery,Groceries
09979d13-26c3-4ced-92c8-ab2aba78254d,ACC-STUDENT-001,2025-09-01T18:46:00Z,435.72,NPR,DEBIT,COMPLETED,Ride Sharing,Sajha Yatayat,Transport
4f87b86b-e9d6-49ea-8e24-761ebad7c7a8,ACC-STUDENT-004,2025-11-25T20:52:00Z,361.16,NPR,DEBIT,COMPLETED,Lunch,Local Eatery,Food
581bf9f4-6c3c-40b6-8f41-1e5eb70ff0c1,ACC-STUDENT-003,2025-02-08T20:20:00Z,750.24,NPR,DEBIT,COMPLETED,Breakfast,Bakery,Food
d692a894-4263-48fe-b2eb-9f762d2ed19c,ACC-STUDENT-002,2025-07-14T17:13:00Z,91.96,NPR,DEBIT,COMPLETED,Daily Commute,Sajha Yatayat,Transport
9de0fd47-aaf3-4a64-9d3f-bab2a44513fb,ACC-STUDENT-005,2025-11-25T08:30:00Z,144.94,NPR,DEBIT,COMPLETED,Chiya,Himalayan Java,Coffee
db52446e-9232-4686-b3a4-27dd4895be28,ACC-STUDENT-002,2025-05-11T20:18:00Z,0.0,NPR,DEBIT,COMPLETED,Lunch,Cafe,Food
1214e191-fd2e-4e65-915a-8c08a344786f,ACC-STUDENT-002,2025-09-14T12:44:00Z,258.51,NPR,DEBIT,COMPLETED,Meals,Cafe,Food
5dc15ab9-66ff-4a0d-88a1-786f789e87a8,ACC-STUDENT-002,2025-01-21T09:51:00Z,422.25,NPR,DEBIT,COMPLETED,Micro Fare,Sajha Yatayat,Transport
adc2d5dd-209c-4f4a-b84d-fe6f685d6559,ACC-STUDENT-002,2025-05-06T19:05:00Z,222.4,NPR,DEBIT,COMPLETED,Dinner,Burger House,FOOD
788a104b-ed32-455b-a480-65bd57689e7a,ACC-STUDENT-005,2025-10-28T08:30:00Z,249.12,NPR,DEBIT,COMPLETED,Americano,Red Mug Cafe,Coffee
5d4c97ab-6104-475a-a230-911e8b28163c,ACC-STUDENT-001,2025-05-29T20:10:00Z,240.25,NPR,DEBIT,COMPLETED,Dinner,Restaurant,Food
2bbf00cc-adec-45c1-b6cd-af69437880fc,ACC-STUDENT-001,2025-04-22T20:55:00Z,550.0,NPR,DEBIT,COMPLETED,Lunch,Boba Shop,Food
9a002eb3-823b-4f3c-a21d-3e519f0feb2f,ACC-STUDENT-003,2025-12-15T12:08:00Z,501.12,NPR,DEBIT,COMPLETED,Snacks,Canteen,Food
e979c9c9-9d93-404d-971d-a519cd7ac0ab,ACC-STUDENT-003,2025-01-27T18:35:00Z,332.91,NPR,DEBIT,COMPLETED,Taxi Ride,Microbus,Transport
5dd8dc83-dea1-44bc-b5f6-93b7d22b20d5,ACC-STUDENT-002,2025-03-25T12:15:00Z,479.62,NPR,DEBIT,COMPLETED,Breakfast,Local Eatery,Food
37db8f49-ace8-438f-9599-1d4aafde4e25,ACC-STUDENT-004,2025-10-11T12:00:00Z,3238.1,NPR,DEBIT,COMPLETED,Dairy Products,Big Mart,Groceries
fb477425-26a4-4408-9db6-4c357a7c201b,ACC-STUDENT-003,2025-12-16T18:56:00Z,295.91,NPR,DEBIT,COMPLETED,Daily Commute,Sajha Yatayat,Transport
dd1ef05d-a64e-41f2-af35-b803e87a206b,ACC-STUDENT-004,2025-08-14T08:30:00Z,298.68,NPR,DEBIT,COMPLETED,Iced Coffee,Beans Cafe,Coffee
cd5ebaa1-9056-4dec-bef3-51d512d6cb48,ACC-STUDENT-001,2025-03-01T09:00:00Z,30500.97,NPR,CREDIT,COMPLETED,Monthly Allowance,Family Transfer,Income
e6e3af34-e288-4bf3-b27f-e68c3e5ba245,ACC-STUDENT-001,2025-04-23T18:30:00Z,178.59,NPR,DEBIT,COMPLETED,Daily Commute,Bus,Transport
9341e55a-73d5-400d-abce-67c192de6aac,ACC-STUDENT-003,2025-08-04T09:38:00Z,179.02,NPR,DEBIT,COMPLETED,Ride Sharing,Bus,Transport
5cd9b8a5-fe8e-4c01-bc02-97f5d6ab6bc5,ACC-STUDENT-003,2025-08-28T17:01:00Z,404.46,NPR,DEBIT,COMPLETED,Micro Fare,Sajha Yatayat,Transport
19cd4316-6502-4cb5-ad62-09199a02dd5b,ACC-STUDENT-004,2025-11-25T17:18:00Z,311.35,NPR,DEBIT,COMPLETED,Ride Sharing,Local Taxi,Transport
9f817354-2f64-4c02-8f6f-9a34522cba83,ACC-STUDENT-003,2025-08-16T20:40:00Z,295.39,NPR,DEBIT,COMPLETED,Meals,Cafe,Food
3feaae69-4937-466f-a97d-ac0b6733a2b6,ACC-STUDENT-005,2025-12-15 19:36:00,286.24,NPR,DEBIT,COMPLETED,Breakfast,Local Eatery,Food
53835ec2-91f9-4b50-94b3-806e703cfe6b,ACC-STUDENT-003,2025-11-16T17:05:00Z,278.27,NPR,DEBIT,COMPLETED,Daily Commute,Sajha Yatayat,Transport
9051e855-4f08-4d5b-881c-471dddb77520,ACC-STUDENT-005,2025-03-07T20:43:00Z,726.76,NPR,DEBIT,COMPLETED,Lunch,Bakery,Food
3dbf64e1-83d4-4c22-bb31-4bd338a34bdd,ACC-STUDENT-004,2025-09-03T17:31:00Z,393.81,NPR,DEBIT,COMPLETED,Micro Fare,Pathao,Transport
61efa6c6-0c5d-4f3f-8618-82a40fc23ddf,ACC-STUDENT-004,2025-07-26T12:00:00Z,3060.0,NPR,DEBIT,COMPLETED,Monthly Supplies,Fresh Vegetable Vendor,Groceries
be60bffb-c5a5-4821-a8d2-2c169df3f578,ACC-STUDENT-004,2025-03-14T17:30:00Z,260.19,NPR,DEBIT,COMPLETED,Daily Commute,Microbus,Transport
e9ddb204-087c-4346-8781-4b1c94ba79cf,ACC-STUDENT-001,2025-11-14T17:29:00Z,269.38,NPR,DEBIT,COMPLETED,Daily Commute,Sajha Yatayat,Transport
ca9915b4-7070-46ec-92db-031cfb5c0eb2,ACC-STUDENT-002,2025-05-04T18:30:00Z,729.34,NPR,DEBIT,COMPLETED,Movie Ticket,Netflix,Entertainment
ce31c416-b212-4c94-bf95-ab8b1f153a6c,ACC-STUDENT-002,2026-01-01T13:29:00Z,324.94,NPR,DEBIT,COMPLETED,Breakfast,Canteen,Food
17dc1be7-dd18-4629-bbdb-a41f68f39998,ACC-STUDENT-002,2025-02-13T19:58:00Z,716.37,NPR,DEBIT,COMPLETED,Lunch,Cafe,Food
df0cb7ae-2ffe-4fae-932d-508c826ecafb,ACC-STUDENT-002,2025-07-27T12:00:00Z,"Rs. 1,859.7",NPR,DEBIT,COMPLETED,Rice and Oil,Big Mart,groceries
06ed612a-4737-435a-9c9d-8d200ec696bf,ACC-STUDENT-004,2025-09-05T18:15:00Z,Rs. 119.34,NPR,DEBIT,COMPLETED,,Microbus,Transport
0be550fb-489d-44bd-b695-25aa4052fb56,ACC-STUDENT-002,2025-07-31T08:30:00Z,187.99,NPR,DEBIT,COMPLETED,Americano,Coffee Point,Coffee
e5840027-ad8b-4ae6-9eed-0a5cb67d65e7,ACC-STUDENT-004,2025-08-06T18:54:00Z,Rs. 395.43,NPR,DEBIT,COMPLETED,Micro Fare,Microbus,Transport
4ae1334c-40cb-47cc-af15-8c9a14c64f02,ACC-STUDENT-005,2025-07-15T20:45:00Z,489.1,NPR,DEBIT,COMPLETED,Breakfast,Bakery,Food
1721dc69-c2c1-4afd-8757-20e448035415,ACC-STUDENT-003,2025-08-26T09:19:00Z,83.23,NPR,DEBIT,COMPLETED,Daily Commute,InDrive,Transport
600aa05c-5ddb-4c4e-9ab4-e5c4195f73db,ACC-STUDENT-001,2026-01-02T10:00:00Z,13617.9,NPR,DEBIT,COMPLETED,House Rent,Rent House Ltd,Utilities
8b35120d-b535-48ba-9466-39a995b461ec,ACC-STUDENT-005,2025-04-14T17:53:00Z,102.82,NPR,DEBIT,COMPLETED,Daily Commute,Bus,Transport
bae2e5dc-228d-4a9d-ab7a-478502a64aff,ACC-STUDENT-002,2025-10-24T20:44:00Z,288.12,NPR,DEBIT,COMPLETED,Snacks,Burger House,Food
0c02918e-2c01-4adc-8318-fef107cf01ef,ACC-STUDENT-001,2025-02-05T19:27:00Z,195.48,NPR,DEBIT,COMPLETED,Coke and Momo,Restaurant,Food
0e42fe63-7067-4f52-8926-107817512d7c,ACC-STUDENT-001,2025-03-03T09:58:00Z,319.72,NPR,DEBIT,COMPLETED,Ride Sharing,Bus,Transport
c71449e5-8611-445d-83f7-fa85cd061e29,ACC-STUDENT-005,2025-03-13T17:21:00Z,443.64,NPR,DEBIT,COMPLETED,Bus Ticket,Pathao,Transport
1d7cad47-0439-4832-8eae-fe64ebbb02ad,ACC-STUDENT-003,2025-03-10T16:20:00Z,4645.15,NPR,DEBIT,COMPLETED,Books,Mall,Shopping
d920006a-5868-4d87-ad11-c9c51200ff1a,ACC-STUDENT-005,2025-04-13T18:30:00Z,1088.04,NPR,DEBIT,COMPLETED,Movie Ticket,QFX Cinemas,Entertainment
c93ddac2-fbf6-432e-a37e-7e1ff8bd2023,ACC-STUDENT-004,2025-11-11T17:39:00Z,140.13,NPR,DEBIT,COMPLETED,Ride Sharing,Pathao,Transport
fcbea116-f2c1-4452-8bda-9c4bdbf018f3,ACC-STUDENT-004,2025-04-03T18:54:00Z,195.94,NPR,DEBIT,COMPLETED,Micro Fare,Microbus,Transport
be627291-93ff-4231-a036-73ed7a7d2e44,ACC-STUDENT-003,2025-05-02T08:30:00Z,332.7,NPR,DEBIT,COMPLETED,Chiya,Local Tea Stall,Coffee
11809d3e-68d1-4a34-9cf5-e0c8b95151a6,ACC-STUDENT-003,2025-01-24T13:48:00Z,755.31,NPR,DEBIT,COMPLETED,Dinner,Local Eatery,Food
f40d8443-94e7-4824-83ad-b7bc7f53f752,ACC-STUDENT-001,2025-03-06T19:54:00Z,588.33,NPR,DEBIT,COMPLETED,Burger & Fries,Bakery,Food
db654628-8d1b-4eb8-b164-2af4720eb9d4,ACC-STUDENT-001,2025-05-01T13:03:00Z,585.39,NPR,DEBIT,COMPLETED,Burger & Fries,Cafe,Food
f1dbfe03-df27-4af9-b4df-991b7067ea01,ACC-STUDENT-005,2025-04-22T20:01:00Z,591.18,NPR,DEBIT,COMPLETED,Meals,Cafe,food
cd1fd0e4-7a92-4499-a475-d24a941a8272,ACC-STUDENT-002,2025-09-10T09:53:00Z,308.86,NPR,DEBIT,COMPLETED,Ride Sharing,Local Taxi,Transport
7512ec2b-500c-49e7-8b7c-125c7e8effbc,ACC-STUDENT-001,2025-12-10T12:39:00Z,385.24,NPR,DEBIT,COMPLETED,Breakfast,Local Eatery,food
c08d79f7-cbe0-4ff0-bb82-1b3fc69c2d17,ACC-STUDENT-004,2025-04-15T08:00:00Z,439.06,NPR,DEBIT,COMPLETED,Spotify Premium,Spotify,Entertainment
77f50196-bb78-41f5-aeea-f173d9f770a4,ACC-STUDENT-005,2025-04-16T20:04:00Z,292.01,NPR,DEBIT,COMPLETED,Lunch,Bakery,Food
d0b71a85-0fba-41f2-ac22-566337d84424,ACC-STUDENT-002,2025-12-23T12:37:00Z,694.83,NPR,DEBIT,COMPLETED,Coke and Momo,Canteen,Food
fa8cc96b-2d4f-4661-bc93-d28f350300d2,ACC-STUDENT-003,2025-08-24T20:11:00Z,340.35,NPR,DEBIT,COMPLETED,,Local Eatery,Food
1ceec0e7-cc2f-4a86-b174-ee08a99287bd,ACC-STUDENT-004,2025-03-24T20:16:00Z,462.73,NPR,DEBIT,COMPLETED,Breakfast,Canteen,Food
992f871f-e7a9-4a0e-9c47-c1758abd89dc,ACC-STUDENT-002,2025-10-13T08:30:00Z,312.74,NPR,DEBIT,COMPLETED,Americano,Local Tea Stall,Coffee
4aaf4417-f784-4a6b-a0bb-3dc34faf4160,ACC-STUDENT-004,2025-09-18T13:35:00Z,662.6,NPR,DEBIT,COMPLETED,Meals,Canteen,Food
75425c51-3a3e-4278-98a1-70cb663b0f17,ACC-STUDENT-005,2025-04-28T20:38:00Z,249.79,NPR,DEBIT,COMPLETED,Lunch,Bakery,Food
73476379-060f-49c8-8997-f7cf69ea0dee,ACC-STUDENT-001,2025-01-28T19:25:00Z,235.07,NPR,DEBIT,COMPLETED,,Restaurant,Food
0e733837-e252-4e02-81cb-d8b439fb5231,ACC-STUDENT-005,2025-03-30T18:30:00Z,485.21,NPR,DEBIT,COMPLETED,Spotify Premium,QFX Cinemas,Entertainment
257b1a40-621b-48c9-8b57-f6a041de9898,ACC-STUDENT-004,2025-05-02T10:00:00Z,9204.75,NPR,DEBIT,COMPLETED,House Rent,Rent House Ltd,UTILITIES
917017d2-1aac-481f-8e36-d1fe9f992f4a,ACC-STUDENT-004,2025-02-28T18:27:00Z,171.69,NPR,DEBIT,COMPLETED,Daily Commute,InDrive,Transport
14066440-6e8e-4928-b04c-091e542ce0df,ACC-STUDENT-002,2025-12-12T08:30:00Z,229.23,NPR,DEBIT,COMPLETED,Chiya,Red Mug Cafe,Coffee
bf7597c3-ca1b-436f-a146-391f7d7c3b76,ACC-STUDENT-003,2025-01-21T13:43:00Z,468.87,NPR,DEBIT,COMPLETED,Dinner,Restaurant,Food
7b0a575d-152f-4ffe-ac6d-531542320e82,ACC-STUDENT-005,2026-01-07T17:12:00Z,148.53,NPR,DEBIT,COMPLETED,Bus Ticket,Pathao,Transport
df831c31-06f3-4760-bc97-d72908c93a54,ACC-STUDENT-002,2025-01-28T20:50:00Z,566.71,NPR,DEBIT,COMPLETED,Meals,Bakery,Food
055e254e-e62a-4640-b3ae-4a7d7fc75982,ACC-STUDENT-001,2025-10-02T20:24:00Z,592.94,NPR,DEBIT,COMPLETED,Dinner,Restaurant,Food
e3d1af26-c759-4c06-a22c-38b3bb5087bf,ACC-STUDENT-001,2025-04-11T12:48:00Z,570.49,NPR,DEBIT,COMPLETED,Dinner,Restaurant,Food
0c862f78-b7d1-4773-b702-22be8e367371,ACC-STUDENT-001,2025-12-26T20:57:00Z,338.39,NPR,DEBIT,COMPLETED,Breakfast,Local Eatery,Food
7257aebb-cc1d-42bf-8d1b-fd015ecf49ae,ACC-STUDENT-004,2025-11-12T12:29:00Z,-163.81,NPR,DEBIT,COMPLETED,Coke and Momo,Restaurant,Food
75d1b43d-1a19-41c8-8a64-8c9a2f7f5303,ACC-STUDENT-004,2025-09-02T18:57:00Z,440.14,NPR,DEBIT,COMPLETED,Ride Sharing,Local Taxi,Transport
a8da6491-bd38-4b33-b967-e6479e542d3e,ACC-STUDENT-002,2025-10-03T19:47:00Z,369.61,NPR,DEBIT,COMPLETED,Lunch,Canteen,Food
fccd6f4d-cef0-4ecc-a7e5-478356ade769,ACC-STUDENT-005,2025-01-23T20:27:00Z,736.64,NPR,DEBIT,COMPLETED,Dinner,Burger House,Food
e2025f89-ee2b-4110-84d4-2be17b432789,ACC-STUDENT-005,2025-07-02T13:58:00Z,695.06,NPR,DEBIT,COMPLETED,Lunch,Boba Shop,Food
3a13d282-3e09-4879-97be-921659ce2894,ACC-STUDENT-005,2025-05-28T18:25:00Z,75.06,NPR,DEBIT,COMPLETED,Ride Sharing,Pathao,Transport
6a8b0bb9-bbfb-442b-b7e5-3f6ea7609380,ACC-STUDENT-005,2025-04-17T09:42:00Z,403.4,NPR,DEBIT,COMPLETED,Daily Commute,Sajha Yatayat,Transport
52ec1805-80de-4d9b-bf93-483f42593ec5,ACC-STUDENT-002,2025-11-14T09:38:00Z,181.55,NPR,DEBIT,COMPLETED,Micro Fare,Local Taxi,transport
92e9b362-1276-4ff6-9f91-0eb6afc702da,ACC-STUDENT-004,2025-07-10T08:30:00Z,141.75,NPR,DEBIT,COMPLETED,Iced Coffee,Local Tea Stall,Coffee
ddc50c98-ffa4-4915-8c39-a9f840a3ebc6,ACC-STUDENT-002,2025-10-22T12:26:00Z,426.83,NPR,DEBIT,COMPLETED,Dinner,Local Eatery,Food
a7b0a8a9-7874-4eec-aea8-e3eb25a5b579,ACC-STUDENT-001,2025-08-01T08:30:00Z,273.38,NPR,DEBIT,COMPLETED,Chiya,Beans Cafe,Coffee
7932fc23-11a4-47cf-ad81-c93b69198516,ACC-STUDENT-002,2025-12-19T13:28:00Z,242.57,NPR,DEBIT,COMPLETED,Dinner,Boba Shop,Food
85573dbe-744d-41dd-b2a2-0d3f55aa80cf,ACC-STUDENT-001,2025-07-26T12:00:00Z,3633.28,NPR,DEBIT,COMPLETED,Rice and Oil,Big Mart,Groceries
a89676f8-1dec-4d03-b1ac-cd21f6d6ff96,ACC-STUDENT-004,2025-09-25T09:45:00Z,101.96,NPR,DEBIT,COMPLETED,Ride Sharing,Local Taxi,Transport
84a51e82-e887-47b8-ab1a-a75df90cfcf8,ACC-STUDENT-004,2025-12-19T20:14:00Z,683.06,NPR,DEBIT,COMPLETED,Lunch,Cafe,Food
243e9e5f-37ba-4ee1-8cbc-89fbba2671c2,ACC-STUDENT-004,2025/01/17,206.37,NPR,DEBIT,COMPLETED,Latte,Red Mug Cafe,Coffee
683020f0-17e2-4516-ba41-cd78759e9863,ACC-STUDENT-004,2025-12-07T12:00:00Z,3287.64,NPR,DEBIT,COMPLETED,Dairy Products,Saleways,Groceries
c5272956-2ffa-4ea5-8934-098292d4e2f8,ACC-STUDENT-003,2025-07-31T13:03:00Z,547.85,NPR,DEBIT,COMPLETED,Lunch,Canteen,Food
ae8c7241-6b55-4ce9-b36f-74471a00435d,ACC-STUDENT-002,2025-11-21T17:06:00Z,466.38,NPR,DEBIT,COMPLETED,,Local Taxi,Transport
48fda6b9-051e-4d70-b01c-9b3dd55bbd97,ACC-STUDENT-005,2025-11-10T17:00:00Z,291.32,NPR,DEBIT,COMPLETED,Taxi Ride,InDrive,Transport
1001f78e-9bb9-4e87-838a-73d83e244a89,ACC-STUDENT-001,2025-02-09T18:30:00Z,561.82,NPR,DEBIT,COMPLETED,Movie Ticket,Netflix,Entertainment
b635b619-f4f0-4121-8fc5-a648b436c4a2,ACC-STUDENT-002,2025-08-24T18:30:00Z,790.1,NPR,DEBIT,COMPLETED,Bowling Session,Spotify,Entertainment
2e17e425-96bf-4ac9-9d10-ec4289a21761,ACC-STUDENT-002,2025-04-06T12:00:00Z,4266.43,NPR,DEBIT,COMPLETED,Vegetables & Fruits,Saleways,Groceries
3ac0504d-6fbd-47c5-b2f4-27ee3f85d53a,ACC-STUDENT-004,2025-01-28T19:40:00Z,611.49,NPR,DEBIT,COMPLETED,Dinner,Boba Shop,Food
4da25892-9c3f-44c7-9948-317116274db7,ACC-STUDENT-005,2025-05-22T16:20:00Z,3711.41,NPR,DEBIT,COMPLETED,Books,Mall,Shopping
3f814050-b0e2-4ced-8e22-5f40ca779c07,ACC-STUDENT-001,2025-12-12T17:57:00Z,149.3,NPR,DEBIT,COMPLETED,Micro Fare,InDrive,Transport
099973bd-3f52-4b64-bd99-09e2649ccd9a,ACC-STUDENT-001,2025-04-15T13:31:00Z,486.53,NPR,DEBIT,COMPLETED,Burger & Fries,Canteen,Food
7e09a2cf-1a86-435a-8561-c9a413e9267b,ACC-STUDENT-001,2025-03-24T18:03:00Z,53.46,NPR,DEBIT,COMPLETED,Taxi Ride,Pathao,Transport
7a72a8d8-669f-4bee-aebb-aefb7616be6d,ACC-STUDENT-003,2025-06-15T12:00:00Z,3841.58,NPR,DEBIT,COMPLETED,,Local Grocery,Groceries
4aa94f15-d559-4df3-9a82-7ce1b503a2a0,ACC-STUDENT-002,2025-06-20T08:30:00Z,134.45,NPR,DEBIT,COMPLETED,,Local Tea Stall,Coffee
ef2aeddb-77db-4bbb-b28a-bbbf7556358a,ACC-STUDENT-001,2025-08-16T13:32:00Z,502.62,NPR,DEBIT,COMPLETED,Coke and Momo,Restaurant,food
4805ae67-2c95-4cd6-9d77-5be292fd153f,ACC-STUDENT-003,2025-05-15T12:21:00Z,750.32,NPR,DEBIT,COMPLETED,Burger & Fries,Canteen,Food
17906168-92f2-4f5c-9457-3d0fc39e7d9e,ACC-STUDENT-004,2025-09-21T18:30:00Z,1148.22,NPR,DEBIT,COMPLETED,Spotify Premium,One Cinemas,Entertainment
ecccf2ff-b1f1-4b66-be5b-18e247f47cd9,ACC-STUDENT-004,2025-01-21T08:30:00Z,113.06,NPR,DEBIT,COMPLETED,Americano,Beans Cafe,Coffee
110bfc10-75e4-43c1-99b1-a70146f81dd6,ACC-STUDENT-004,2025-10-30T13:33:00Z,0.0,NPR,DEBIT,COMPLETED,Burger & Fries,Burger House,Food
dc32db06-cf31-45f0-b1a6-8d165a313ee6,ACC-STUDENT-004,2025-09-20T19:33:00Z,491.71,NPR,DEBIT,COMPLETED,Dinner,Bakery,Food
0e5f2409-ac57-4793-bfb3-e5341961ab0e,ACC-STUDENT-002,2025-09-15T18:28:00Z,383.31,NPR,DEBIT,COMPLETED,Micro Fare,Local Taxi,Transport
25441664-b104-4003-87bd-d27962d871b7,ACC-STUDENT-005,2025-07-18T12:41:00Z,152.65,NPR,DEBIT,COMPLETED,Lunch,Bakery,Food
b97e4693-fb5d-4488-ba98-cf60b44cb848,ACC-STUDENT-001,2025-02-08T07:00:00Z,8256.75,NPR,DEBIT,COMPLETED,Pokhara Trip,Resort Pokhara,Travel
229ade90-8399-4fc0-8fcb-54bc0d8d0e77,ACC-STUDENT-001,2025-11-16T19:34:00Z,601.19,NPR,DEBIT,COMPLETED,Lunch,Burger House,Food
26c8b02a-cb31-4801-86ee-9236fefbbe5b,ACC-STUDENT-001,2025-04-14T19:23:00Z,398.86,NPR,DEBIT,COMPLETED,Burger & Fries,Canteen,Food
fa233cf5-2d26-4e61-b3a7-14bacc837ce7,ACC-STUDENT-003,2025-06-07T19:26:00Z,199.88,NPR,DEBIT,COMPLETED,Dinner,Canteen,food
9c98c6b7-fcb3-41a0-936d-80660424bee0,ACC-STUDENT-003,2025-02-25T17:11:00Z,56.45,NPR,DEBIT,COMPLETED,Daily Commute,Microbus,Transport
956885af-77f3-4174-8309-2fc769f5deb2,ACC-STUDENT-004,2025-04-20T19:44:00Z,659.19,NPR,DEBIT,COMPLETED,Burger & Fries,Cafe,Food
fe24b5b6-da34-4765-ac2e-1336220c1924,ACC-STUDENT-002,2025-10-22T18:44:00Z,474.28,NPR,DEBIT,COMPLETED,Ride Sharing,InDrive,Transport
48f8fe26-0784-489d-b257-1ed52f868584,ACC-STUDENT-001,2025-05-31T17:23:00Z,101.25,NPR,DEBIT,COMPLETED,Bus Ticket,Pathao,transport
d5b4f33a-46d0-4596-a2bc-a59420f584fc,ACC-STUDENT-005,2025-09-16T18:04:00Z,460.08,NPR,DEBIT,COMPLETED,Daily Commute,Bus,Transport
39f17d7b-f975-4c52-8c14-948cee4a0780,ACC-STUDENT-003,2025-12-06T16:20:00Z,2857.97,NPR,DEBIT,COMPLETED,Gift for Mom,Daraz,Shopping
9680af3d-3fa9-459d-bb57-d7eb32b832fd,ACC-STUDENT-004,2026-01-09T08:30:00Z,155.45,NPR,DEBIT,COMPLETED,Latte,Local Tea Stall,Coffee
3dc39aab-f006-4aca-9feb-fc896e04be49,ACC-STUDENT-001,2025-01-18T18:25:00Z,212.9,NPR,DEBIT,COMPLETED,Ride Sharing,InDrive,Transport
1668ea15-f937-4eae-8c54-a1e911332349,ACC-STUDENT-003,2025-08-27T08:30:00Z,265.3,NPR,DEBIT,COMPLETED,Cappuccino,Red Mug Cafe,Coffee
b62a990a-b047-4965-8344-c9288a9b1fb9,ACC-STUDENT-004,2025-09-20T12:00:00Z,3926.18,NPR,DEBIT,COMPLETED,Monthly Supplies,Fresh Vegetable Vendor,Groceries
8f09d59f-61ff-4ee7-bde8-1b1ccef770b8,ACC-STUDENT-002,2025-03-24T08:30:00Z,227.22,NPR,DEBIT,COMPLETED,Chiya,Local Tea Stall,Coffee
dea63bb9-69d1-4156-8884-9974aef27474,ACC-STUDENT-003,2025-08-25T19:09:00Z,192.09,NPR,DEBIT,COMPLETED,Meals,Cafe,Food
adc8e698-edf4-4e98-9885-45f2e84eb877,ACC-STUDENT-004,2025-07-08T20:25:00Z,753.58,NPR,DEBIT,COMPLETED,Coke and Momo,Bakery,Food
5f9cf890-f7bf-42d0-b7b1-c1be51b3de46,ACC-STUDENT-002,2025-12-22T12:06:00Z,613.51,NPR,DEBIT,COMPLETED,Snacks,Cafe,Food
e985eeee-b7b7-49b0-b524-0ced857dc2e7,ACC-STUDENT-004,2025-11-18T17:38:00Z,370.75,NPR,DEBIT,COMPLETED,Ride Sharing,Bus,Transport
8ce5fdfc-9346-4123-9c64-47bb7ebc255f,ACC-STUDENT-005,2025-10-24T13:40:00Z,685.54,NPR,DEBIT,COMPLETED,Lunch,Burger House,Food
96d4174b-200a-43f5-bf17-726dd801be13,ACC-STUDENT-002,2025-02-21T12:09:00Z,570.61,NPR,DEBIT,COMPLETED,Dinner,Boba Shop,Food
22e75061-51e3-47a3-877a-3c315a11a78c,ACC-STUDENT-003,2025-04-20T16:20:00Z,1782.59,NPR,DEBIT,COMPLETED,Books,Miniso,Shopping
b2edfcaf-ea49-4a85-a2f7-56456a653f3b,ACC-STUDENT-005,2025-04-29T13:02:00Z,Rs. 227.45,NPR,DEBIT,COMPLETED,Burger & Fries,Cafe,Food
7459c9e1-68cc-474c-9d23-71ae58e4bdaa,ACC-STUDENT-004,2025-08-29T12:06:00Z,789.02,NPR,DEBIT,COMPLETED,Snacks,Bakery,Food
4242e0fd-dd87-41b3-8ff2-c89369c63f86,ACC-STUDENT-004,2025-12-07T13:17:00Z,0.0,NPR,DEBIT,COMPLETED,Breakfast,Local Eatery,Food
c77a0192-ff4e-44a4-a1cf-67649ec83b7e,ACC-STUDENT-005,2025-06-10T18:30:00Z,190.94,NPR,DEBIT,COMPLETED,Taxi Ride,InDrive,Transport
497d8105-b52c-4a65-98d5-bc8f6dcd22e5,ACC-STUDENT-003,2025-02-05T18:26:00Z,277.99,NPR,DEBIT,COMPLETED,Taxi Ride,Pathao,Transport
44209cfb-a435-47e7-8d64-e885908c0f78,ACC-STUDENT-005,2025-10-31T13:42:00Z,454.87,NPR,DEBIT,COMPLETED,Dinner,Local Eatery,Food
c757d6ae-5202-4258-ada2-7306db033aed,ACC-STUDENT-005,2025-05-23T08:30:00Z,207.78,NPR,DEBIT,COMPLETED,Chiya,Coffee Point,Coffee
51593365-ae1e-4d91-becc-0f170369ea7e,ACC-STUDENT-001,2025-05-30T19:00:00Z,766.74,NPR,DEBIT,COMPLETED,Dinner,Boba Shop,FOOD
34a85420-d2a6-46de-a55d-0fc241883a40,ACC-STUDENT-005,2025-02-04T08:30:00Z,203.37,NPR,DEBIT,COMPLETED,Latte,Local Tea Stall,Coffee
057cb298-3418-4a39-a3cd-7b1f8f8d54a2,ACC-STUDENT-002,2025-05-23T20:11:00Z,Rs. 435.32,NPR,DEBIT,COMPLETED,Dinner,Boba Shop,Food
eaea55eb-ab08-4465-8b58-ba48128f0120,ACC-STUDENT-002,2025-01-23T13:15:00Z,222.76,NPR,DEBIT,COMPLETED,Coke and Momo,Local Eatery,Food
0d28838f-234e-4f91-b085-1f2d27848007,ACC-STUDENT-001,2025-08-30T13:43:00Z,626.43,NPR,DEBIT,COMPLETED,Snacks,Bakery,Food
0671fe72-19d7-425f-9d91-fb149afbbedc,ACC-STUDENT-002,2025-11-03T17:00:00Z,233.23,NPR,DEBIT,COMPLETED,Daily Commute,Sajha Yatayat,Transport
5c3498c3-7f1f-4bb4-a4ef-002d5200a791,ACC-STUDENT-001,2025-11-19T20:45:00Z,Rs. 788.68,NPR,DEBIT,COMPLETED,Dinner,Canteen,FOOD
647c5d45-5143-4b1d-9776-b8cf67a3df8e,ACC-STUDENT-001,2025-03-29T17:37:00Z,299.44,NPR,DEBIT,COMPLETED,Daily Commute,Sajha Yatayat,Transport
ceae0cd4-9e45-44d7-bea7-97e1e27938e3,ACC-STUDENT-005,2025-09-08T18:40:00Z,369.39,NPR,DEBIT,COMPLETED,Daily Commute,Local Taxi,Transport
9f002bca-a54d-4bea-a35d-af3f662eb524,ACC-STUDENT-005,2025-06-27T17:44:00Z,206.47,NPR,DEBIT,COMPLETED,Daily Commute,Microbus,Transport
695f6d3a-ba14-4256-9b0c-ef64256b7e46,ACC-STUDENT-002,2025-07-16T12:31:00Z,699.01,NPR,DEBIT,COMPLETED,Breakfast,Cafe,Food
cb0c0549-a074-43de-84ec-8041b3cfe322,ACC-STUDENT-004,2026-01-07T13:31:00Z,744.01,NPR,DEBIT,COMPLETED,Burger & Fries,Canteen,Food
65b8e0e9-1898-4835-a3e2-0376e27e3058,ACC-STUDENT-002,2025-10-14T13:57:00Z,791.08,NPR,DEBIT,COMPLETED,Coke and Momo,Restaurant,Food
07d76b99-e620-4fb5-a66b-78c7610c2ce8,ACC-STUDENT-002,2025-11-22T12:00:00Z,3836.38,NPR,DEBIT,COMPLETED,Vegetables & Fruits,Big Mart,Groceries
399021e5-e3fe-44cc-ae5d-41a7f8279658,ACC-STUDENT-002,2025-11-05T11:15:00Z,2310.66,NPR,DEBIT,COMPLETED,WiFi Internet,Worldlink,Utilities
e2ab7364-6b48-428c-88cd-07ff4dd6e475,ACC-STUDENT-003,2025-02-07T12:47:00Z,588.43,NPR,DEBIT,COMPLETED,Dinner,Local Eatery,Food
45c0d545-10e0-4710-a297-a0d69848d0e9,ACC-STUDENT-005,2025-09-04T13:15:00Z,381.3,NPR,DEBIT,COMPLETED,Burger & Fries,,Food
6a4bc1ec-d26e-4c04-882d-1ebd3ff95bf3,ACC-STUDENT-001,2025-06-08T12:00:00Z,2215.72,NPR,DEBIT,COMPLETED,Weekly Groceries,Big Mart,Groceries
d1de7fc8-a292-423e-a8c7-22dcd328e6b2,ACC-STUDENT-001,2025-01-17T17:25:00Z,170.48,NPR,DEBIT,COMPLETED,Ride Sharing,InDrive,Transport
466b1d92-1668-4443-abdd-923b039c0a18,ACC-STUDENT-001,2025-10-16T09:48:00Z,110.69,NPR,DEBIT,COMPLETED,Bus Ticket,Pathao,Transport
ff07dfac-c3ac-4b19-9f8a-3c34f8855401,ACC-STUDENT-003,2026-01-07T08:30:00Z,273.19,NPR,DEBIT,COMPLETED,Chiya,Local Tea Stall,Coffee
e683d275-c13c-4304-99a5-de8b82570118,ACC-STUDENT-002,2025-06-28T13:21:00Z,339.05,NPR,DEBIT,COMPLETED,Burger & Fries,Boba Shop,Food
11384e7d-21a3-4615-9c21-10f6a3193713,ACC-STUDENT-002,2025-09-21T18:30:00Z,635.04,NPR,DEBIT,COMPLETED,Spotify Premium,Gaming Zone,ENTERTAINMENT
ebc55bcb-9f98-4f38-a768-be8804e87ff2,ACC-STUDENT-005,2025-11-24T19:52:00Z,632.8,NPR,DEBIT,COMPLETED,Breakfast,Canteen,Food
727405bc-c0a7-4b36-882e-15dec027abb1,ACC-STUDENT-004,2025-03-28T13:18:00Z,701.55,NPR,DEBIT,COMPLETED,Coke and Momo,Burger House,Food
514549a4-9706-47e9-973a-1ac405cb75fb,ACC-STUDENT-001,2025-01-15T18:39:00Z,448.45,NPR,DEBIT,COMPLETED,Taxi Ride,InDrive,Transport
96f957b2-a03a-4fd9-8e10-46f914606317,ACC-STUDENT-003,2025-02-26T08:30:00Z,239.36,NPR,DEBIT,COMPLETED,Chiya,Himalayan Java,Coffee
0b2e5547-ecb7-464b-905b-77401bedf3b7,ACC-STUDENT-005,2025-04-07T12:08:00Z,263.25,NPR,DEBIT,COMPLETED,Snacks,Local Eatery,Food
fa99ddf5-ce0f-49eb-9365-d782e41e8a31,ACC-STUDENT-001,2025-04-17 09:20:00,339.05,NPR,DEBIT,COMPLETED,Micro Fare,Sajha Yatayat,Transport
0c6b60ce-64bb-4fe7-b858-48a36c47028d,ACC-STUDENT-001,2025-10-20T18:17:00Z,348.34,NPR,DEBIT,COMPLETED,Taxi Ride,Bus,transport
bad3166b-9c12-44ff-ae6f-2914534ab2e9,ACC-STUDENT-005,2026-01-06T13:47:00Z,766.35,NPR,DEBIT,COMPLETED,Snacks,Bakery,Food
09284d1e-10a6-473c-911a-b0e450b706ff,ACC-STUDENT-002,2025-11-17T19:35:00Z,Rs. 775.08,NPR,DEBIT,COMPLETED,Breakfast,Burger House,Food
ce46745c-100f-4a62-892b-3805b664542a,ACC-STUDENT-002,2025-11-28T12:08:00Z,227.47,NPR,DEBIT,COMPLETED,Snacks,Bakery,Food
9b72bafe-fad8-4c97-94e8-a1ceb773f600,ACC-STUDENT-004,2025-07-22T20:40:00Z,193.04,NPR,DEBIT,COMPLETED,Burger & Fries,Bakery,Food
cea226ee-4e7f-4e13-97a2-dd424a2f3999,ACC-STUDENT-001,2025-12-22T17:26:00Z,249.74,NPR,DEBIT,COMPLETED,Daily Commute,Local Taxi,Transport
93dfd590-746d-44bd-a031-0960db6b6b6d,ACC-STUDENT-004,2025-05-27T12:59:00Z,251.54,NPR,DEBIT,COMPLETED,Lunch,Bakery,Food
74b2a908-14d3-46ec-9ecb-a577fd814af5,ACC-STUDENT-004,2025-01-26T12:00:00Z,2431.17,NPR,DEBIT,COMPLETED,Vegetables & Fruits,Local Grocery,Groceries
5be87d82-bd7b-4beb-bdb1-32159540d134,ACC-STUDENT-002,2025-03-26T19:39:00Z,344.76,NPR,DEBIT,COMPLETED,Dinner,Cafe,Food
fa5d01e7-9275-415b-afdf-8095daac01fb,ACC-STUDENT-005,2025-05-04T12:00:00Z,3529.05,NPR,DEBIT,COMPLETED,Weekly Groceries,Big Mart,Groceries
6764b49c-cece-41f0-b97c-984cfb344e50,ACC-STUDENT-005,2025-12-27T12:44:00Z,747.22,NPR,DEBIT,COMPLETED,Breakfast,Boba Shop,Food
3cb60e00-cf1c-44a4-9355-48f862685257,ACC-STUDENT-005,2025-06-21T12:08:00Z,765.91,NPR,DEBIT,COMPLETED,Breakfast,Cafe,Food
c80d6b69-a641-4b4e-9fa6-a5d11a8ccd9a,ACC-STUDENT-005,2026-01-11T13:31:00Z,244.47,NPR,DEBIT,COMPLETED,,,Food
67be25de-e0cb-44f9-acc3-aba8082e385b,ACC-STUDENT-005,2025-11-21T18:58:00Z,56.45,NPR,DEBIT,COMPLETED,Micro Fare,Pathao,Transport
57c16933-3346-44cd-a557-28c66eff2381,ACC-STUDENT-002,2025-02-18T20:53:00Z,761.78,NPR,DEBIT,COMPLETED,Coke and Momo,Burger House,Food
2fdc37cd-1e15-4cfa-a41c-1360c3ee537e,ACC-STUDENT-003,2026-01-10T12:00:00Z,2886.13,NPR,DEBIT,COMPLETED,Rice and Oil,Local Grocery,Groceries
c2577392-e331-4092-b20a-4f94c9d1467c,ACC-STUDENT-002,2025-03-27T09:18:00Z,248.18,NPR,DEBIT,COMPLETED,Bus Ticket,Local Taxi,Transport
71019d1c-15b1-4c1b-b4ec-243abeb77612,ACC-STUDENT-005,2025-04-24T08:30:00Z,175.1,NPR,DEBIT,COMPLETED,Iced Coffee,Himalayan Java,Coffee
ceeee9de-b869-4b6b-a258-188aeba9acd9,ACC-STUDENT-003,2025-01-29T19:56:00Z,370.85,NPR,DEBIT,COMPLETED,Meals,Restaurant,Food
86a3e1c7-c90c-4163-9389-f348e0e80d47,ACC-STUDENT-002,2025-06-12T12:38:00Z,214.82,NPR,DEBIT,COMPLETED,Snacks,Canteen,Food
f1a8658c-4e89-42e6-aa65-863cf96278f5,ACC-STUDENT-001,2025-08-05T18:31:00Z,459.66,NPR,DEBIT,COMPLETED,Micro Fare,Local Taxi,Transport
cd50c46b-a0c7-4933-b073-545e86dbed54,ACC-STUDENT-005,2025-12-28T17:33:00Z,153.71,NPR,DEBIT,COMPLETED,Bus Ticket,Sajha Yatayat,Transport
17b4cab1-5494-403a-9649-41ac8a6d3ee7,ACC-STUDENT-004,2025-05-15T13:36:00Z,419.56,NPR,DEBIT,COMPLETED,Dinner,Burger House,Food
6465c978-a9f9-4c29-a563-621971a5818c,ACC-STUDENT-001,2025-03-11T08:30:00Z,132.85,NPR,DEBIT,COMPLETED,Chiya,Beans Cafe,Coffee
1dcc9bb3-6d9a-4c8a-b08f-f261bf0099d1,ACC-STUDENT-001,2025-12-08T09:06:00Z,405.97,NPR,DEBIT,COMPLETED,,Sajha Yatayat,Transport
7bb98266-52a4-4afc-8f9b-b045315e7309,ACC-STUDENT-001,2025-12-02T19:09:00Z,605.04,NPR,DEBIT,COMPLETED,Snacks,Local Eatery,Food
8493b730-58ee-430f-9bce-87df766a80e8,ACC-STUDENT-003,2025-02-26T17:26:00Z,128.76,NPR,DEBIT,COMPLETED,Daily Commute,InDrive,Transport
720a11fa-ccef-4d39-ad79-d134628f830a,ACC-STUDENT-003,2025-09-10T13:12:00Z,250.21,NPR,DEBIT,COMPLETED,Coke and Momo,Bakery,Food
1632cd69-12bd-4f7f-af46-a9de35afe67e,ACC-STUDENT-001,2025-05-19T08:30:00Z,309.93,NPR,DEBIT,COMPLETED,Latte,Beans Cafe,Coffee
71ac522e-313b-4f45-b1f1-2ef2a7c9f05c,ACC-STUDENT-002,2025-05-16T12:02:00Z,233.73,NPR,DEBIT,COMPLETED,Lunch,Burger House,Food
4cc40c7d-606d-43fe-b35d-ea4941622cfe,ACC-STUDENT-003,2025/05/06,136.02,NPR,DEBIT,COMPLETED,Taxi Ride,Microbus,Transport
fd1410d9-abec-46a8-840f-eb91649339fb,ACC-STUDENT-001,2025-11-05 13:39:00,515.71,NPR,DEBIT,COMPLETED,Burger & Fries,Burger House,Food
23bff14a-9271-4249-bce8-902d590e10f0,ACC-STUDENT-005,2025-09-05T17:01:00Z,108.19,NPR,DEBIT,COMPLETED,Micro Fare,Sajha Yatayat,Transport
4e665d09-976b-49b3-aeb2-b743d89fdcd5,ACC-STUDENT-003,2025-05-29T08:30:00Z,261.94,NPR,DEBIT,COMPLETED,Iced Coffee,Beans Cafe,Coffee
664038b8-09ef-4d8d-bdd3-06aeade413dd,ACC-STUDENT-001,2025-02-06T13:27:00Z,660.74,NPR,DEBIT,COMPLETED,Burger & Fries,Burger House,Food
b23b75e8-2831-4eb7-8131-5779b6217e41,ACC-STUDENT-004,2025-01-14T18:03:00Z,276.19,NPR,DEBIT,COMPLETED,Micro Fare,Microbus,Transport
0d90d733-c84f-4bed-8e31-f6ac13f3d482,ACC-STUDENT-003,2025-05-29T13:43:00Z,192.59,NPR,DEBIT,COMPLETED,Coke and Momo,Bakery,Food
d288d99f-a843-45dc-a9a6-7b71c949fc0f,ACC-STUDENT-002,2025-10-23T19:29:00Z,407.4,NPR,DEBIT,COMPLETED,Snacks,Canteen,Food
698efebd-9346-4525-82bd-578827fea771,ACC-STUDENT-001,2025-05-16T12:34:00Z,620.98,NPR,DEBIT,COMPLETED,Lunch,,food
66f52cea-c68e-4a5d-81d0-450c62e95f47,ACC-STUDENT-004,2025-05-08T08:30:00Z,242.57,NPR,DEBIT,COMPLETED,Americano,Red Mug Cafe,Coffee
9716f5c8-8432-44e8-a107-ae88ad8c3120,ACC-STUDENT-003,2025-12-29 13:45:00,754.61,NPR,DEBIT,COMPLETED,Breakfast,Cafe,Food
e45306cf-d4d2-4739-9927-2b875ff58700,ACC-STUDENT-002,2025-06-08T09:41:00Z,491.01,NPR,DEBIT,COMPLETED,Ride Sharing,InDrive,Transport
dbfd3c47-a99e-44d9-96e6-3bbb1ee1bdf8,ACC-STUDENT-005,2025-10-05T20:45:00Z,209.21,NPR,DEBIT,COMPLETED,Coke and Momo,Boba Shop,Food
0fd8e4c6-c0ee-48b7-b9fa-8bd860760e85,ACC-STUDENT-005,2025-03-26T08:30:00Z,111.37,NPR,DEBIT,COMPLETED,Americano,Local Tea Stall,Coffee
b982cc5c-fa7c-46eb-abfb-a95e87f69b39,ACC-STUDENT-004,2025-01-30T18:06:00Z,87.35,NPR,DEBIT,COMPLETED,Ride Sharing,Microbus,Transport
b1e4ff86-eee4-4532-922b-90796b130c81,ACC-STUDENT-005,2025-10-09T08:30:00Z,118.25,NPR,DEBIT,COMPLETED,Americano,Local Tea Stall,Coffee
3be0db27-9c6e-4bec-952c-0504b957cc45,ACC-STUDENT-001,2025-07-28T17:41:00Z,90.18,NPR,DEBIT,COMPLETED,Taxi Ride,Pathao,Transport
1768b47a-7bbb-49c4-9915-af3355213eaa,ACC-STUDENT-004,2025-03-27 20:39:00,598.56,NPR,DEBIT,COMPLETED,Lunch,Local Eatery,Food
0071d660-db88-4e9c-bc10-74c7808006d9,ACC-STUDENT-001,2025-12-01T09:39:00Z,339.5,NPR,DEBIT,COMPLETED,Micro Fare,Microbus,Transport
c3500c80-4ff8-4678-ab6d-7a9dd28ee572,ACC-STUDENT-001,2025-03-08T12:00:00Z,2009.95,NPR,DEBIT,COMPLETED,Weekly Groceries,Fresh Vegetable Vendor,Groceries
998ae326-d1eb-4acf-8b2a-95153d22578e,ACC-STUDENT-002,2025-03-12T19:56:00Z,593.37,NPR,DEBIT,COMPLETED,Dinner,Burger House,Food
de379a6c-dd12-4cd3-925d-f56cef84c550,ACC-STUDENT-003,2025-09-11T17:43:00Z,126.37,NPR,DEBIT,COMPLETED,Daily Commute,Sajha Yatayat,Transport
79ba64b3-1137-4302-b789-a45ccad46cba,ACC-STUDENT-005,2026-01-09T18:02:00Z,391.13,NPR,DEBIT,COMPLETED,Micro Fare,InDrive,transport
6e8280fa-3e66-408b-aa81-b2550ff54dc4,ACC-STUDENT-004,2025-12-28T20:46:00Z,594.83,NPR,DEBIT,COMPLETED,Meals,Burger House,Food
7e30dab4-9d16-4bae-81ca-c653df19195a,ACC-STUDENT-002,2026-01-09T20:02:00Z,382.91,NPR,DEBIT,COMPLETED,Snacks,Boba Shop,Food
e1f029a5-62ad-4f70-a7ee-bf58fd5a772c,ACC-STUDENT-004,2026-01-01T09:00:00Z,30512.06,NPR,CREDIT,COMPLETED,Monthly Allowance,,Income
4f52c9e8-544c-40e3-8c91-f4fc8a3aa6a2,ACC-STUDENT-001,2025-06-02T18:39:00Z,69.93,NPR,DEBIT,COMPLETED,Micro Fare,Local Taxi,Transport
e3a87883-ad5f-4c39-b12f-57d4cc498b45,ACC-STUDENT-005,2025-09-17T08:30:00Z,240.8,NPR,DEBIT,COMPLETED,Cappuccino,Himalayan Java,Coffee
5f45a282-efe3-4ceb-ab64-0e93b8e2094a,ACC-STUDENT-005,2025-06-23T09:01:00Z,234.8,NPR,DEBIT,COMPLETED,Daily Commute,InDrive,Transport
1ef7b026-b3af-4681-acdc-50c9fd642e59,ACC-STUDENT-003,2025-10-21T12:22:00Z,739.49,NPR,DEBIT,COMPLETED,,Boba Shop,Food
ce8fb9e3-cce0-480f-8f8d-44e523c38261,ACC-STUDENT-001,2025/08/18,489.12,NPR,DEBIT,COMPLETED,Taxi Ride,InDrive,Transport
838e6f55-0534-4e41-a25d-5a06c666e0c0,ACC-STUDENT-002,2025-03-10T08:30:00Z,201.69,NPR,DEBIT,COMPLETED,Americano,Coffee Point,Coffee
b0c6c00a-a7fb-4de4-8ef6-0dad0acfa726,ACC-STUDENT-002,2025-10-11T19:33:00Z,276.68,NPR,DEBIT,COMPLETED,Burger & Fries,Restaurant,Food
7ba0be24-be2a-4acf-997f-07f6c83603bd,ACC-STUDENT-002,2025-11-23 12:00:00,4057.07,NPR,DEBIT,COMPLETED,Dairy Products,Big Mart,Groceries
588d999f-4e10-4126-8fea-36022ac990bb,ACC-STUDENT-002,2025-11-03T18:08:00Z,173.65,NPR,DEBIT,COMPLETED,Micro Fare,InDrive,Transport
110e1f85-073d-434e-b284-e138a8658454,ACC-STUDENT-004,2025-05-14T20:44:00Z,664.45,NPR,DEBIT,COMPLETED,Meals,Local Eatery,Food
08cd94d4-e174-48a7-8f7e-c26ec77e8fde,ACC-STUDENT-001,2025-03-19T20:28:00Z,727.26,NPR,DEBIT,COMPLETED,Snacks,Restaurant,Food
43e3f449-52a5-4a88-a2d8-2652a5194c3d,ACC-STUDENT-004,2025-10-17T12:06:00Z,213.94,NPR,DEBIT,COMPLETED,Dinner,Burger House,Food
20b402b0-33bf-47b0-8a58-95415da1cb8b,ACC-STUDENT-005,2025-03-08T09:59:00Z,375.18,NPR,DEBIT,COMPLETED,Daily Commute,InDrive,TRANSPORT
efcfb7a9-dc50-42b0-a198-b4081126ad44,ACC-STUDENT-004,2025-03-30T13:14:00Z,584.04,NPR,DEBIT,COMPLETED,Burger & Fries,Boba Shop,Food
7dbf2cff-bd5b-4e50-bfa5-803e6858ff2a,ACC-STUDENT-003,2025-11-26T08:30:00Z,118.32,NPR,DEBIT,COMPLETED,Latte,Coffee Point,Coffee
df447197-c8ec-4289-bf48-ce7d1f1f0eba,ACC-STUDENT-003,2025-10-24T13:08:00Z,580.62,NPR,DEBIT,COMPLETED,Lunch,Canteen,Food
0f4177fd-ee76-4c39-85d2-177a2a5e0b5c,ACC-STUDENT-001,2025-12-22T08:30:00Z,137.62,NPR,DEBIT,COMPLETED,Latte,Coffee Point,Coffee
5a05709a-1794-4d62-9aa0-ac8354aadd14,ACC-STUDENT-001,2025-11-01T09:29:00Z,273.93,NPR,DEBIT,COMPLETED,Micro Fare,InDrive,Transport
3d3bc694-02df-4be2-baad-6f7ef341960b,ACC-STUDENT-002,2025-11-28T20:51:00Z,466.13,NPR,DEBIT,COMPLETED,Meals,Boba Shop,Food
e72abda9-fc76-476a-9087-4be7d94ee411,ACC-STUDENT-003,2025-08-04T19:55:00Z,155.68,NPR,DEBIT,COMPLETED,Coke and Momo,Restaurant,Food
7e137930-3c44-41ea-a769-94dc35113013,ACC-STUDENT-003,2025-10-02T20:03:00Z,683.53,NPR,DEBIT,COMPLETED,Lunch,Cafe,Food
56c5155c-ede4-44e1-b5ec-f460d8479600,ACC-STUDENT-002,2025-08-04T19:53:00Z,298.39,NPR,DEBIT,COMPLETED,Burger & Fries,Cafe,Food
04602a3b-a10e-4857-be62-7b4ba870f548,ACC-STUDENT-004,2025/08/27,73.76,NPR,DEBIT,COMPLETED,Ride Sharing,Bus,Transport
8e080027-8c69-4a75-b7ea-5ffa25d0e97c,ACC-STUDENT-004,2025-02-08T12:00:00Z,3954.41,NPR,DEBIT,COMPLETED,Rice and Oil,Local Grocery,Groceries
eb6b1a7a-8e2f-4203-8148-9995a800937e,ACC-STUDENT-005,2025-01-22T19:00:00Z,396.06,NPR,DEBIT,COMPLETED,Coke and Momo,Cafe,Food
2ba47a87-31f7-4178-a96c-47d7b492df5b,ACC-STUDENT-001,2025-03-26T20:53:00Z,598.25,NPR,DEBIT,COMPLETED,Dinner,Canteen,Food
28f967c7-7091-48ca-a33b-5d4509289cd0,ACC-STUDENT-005,2025-07-28T19:59:00Z,665.83,NPR,DEBIT,COMPLETED,Lunch,Burger House,Food
b0eb971d-000d-4ede-bd7f-fc269046d54c,ACC-STUDENT-005,2025-12-20T12:00:00Z,4433.42,NPR,DEBIT,COMPLETED,Dairy Products,Local Grocery,Groceries
0171bd1c-be26-465e-8578-6499e8ff6485,ACC-STUDENT-001,2025-03-17T17:32:00Z,317.15,NPR,DEBIT,COMPLETED,Micro Fare,InDrive,Transport
2e455fbc-b851-4cd3-a176-61f010129625,ACC-STUDENT-005,2025-07-28T08:30:00Z,276.42,NPR,DEBIT,COMPLETED,Iced Coffee,Himalayan Java,Coffee
b4a158e9-c199-4747-bd23-a4b9185797ce,ACC-STUDENT-005,2025/12/08,250.52,NPR,DEBIT,COMPLETED,Chiya,Coffee Point,coffee
0520aa58-f3fb-42b8-995b-7a4fc1a49e73,ACC-STUDENT-001,2025-02-01T09:43:00Z,162.29,NPR,DEBIT,COMPLETED,Daily Commute,Local Taxi,Transport
ef8e0762-0cf7-40b7-8f5b-165403bb6668,ACC-STUDENT-002,2025-01-15T13:15:00Z,302.5,NPR,DEBIT,COMPLETED,Dinner,Local Eatery,Food
367c0b52-abb6-472c-881b-7dbdf1ade63b,ACC-STUDENT-003,2025-12-21T18:30:00Z,823.92,NPR,DEBIT,COMPLETED,Popcorn & Soda,One Cinemas,Entertainment
efacd070-73dc-488b-9752-c206890a8587,ACC-STUDENT-002,2025-08-21T16:20:00Z,1523.56,NPR,DEBIT,COMPLETED,,Miniso,Shopping
c47499a4-89e3-4ff9-86c1-20dc11c6f2d1,ACC-STUDENT-005,2025-12-24T19:47:00Z,367.61,NPR,DEBIT,COMPLETED,Snacks,Burger House,Food
c14a09e3-38f6-4682-a006-6dcf092ffc33,ACC-STUDENT-003,2025-04-16T09:59:00Z,339.94,NPR,DEBIT,COMPLETED,Bus Ticket,Microbus,Transport
d32d369f-d9f0-4c7e-b80e-c4ca0441d1bf,ACC-STUDENT-003,2025-02-03T08:30:00Z,327.23,NPR,DEBIT,COMPLETED,Americano,Red Mug Cafe,Coffee
2e2520bf-1ef4-40e2-9306-bc7cca1ebe3e,ACC-STUDENT-003,2025-02-22T09:31:00Z,476.06,NPR,DEBIT,COMPLETED,Micro Fare,Microbus,Transport
5a2a5518-1d93-4d4f-8f7d-9918e6c59269,ACC-STUDENT-002,2026-01-07T19:06:00Z,716.86,NPR,DEBIT,COMPLETED,Lunch,Local Eatery,Food
155315c1-05a5-4e8c-813d-7ea5c1fb1523,ACC-STUDENT-005,2025-10-02T10:00:00Z,-10471.18,NPR,DEBIT,COMPLETED,House Rent,Rent House Ltd,Utilities
f6bbace6-2ed2-42b4-9e3c-a3fa3ea87fd4,ACC-STUDENT-005,2025-09-04T12:55:00Z,643.48,NPR,DEBIT,COMPLETED,Lunch,Local Eatery,Food
a1c8c799-4939-4f82-a57e-bb508c33ba39,ACC-STUDENT-002,2025-04-25T20:43:00Z,245.79,NPR,DEBIT,COMPLETED,Lunch,Local Eatery,Food
28b40915-0975-4cd9-a567-8f3576c65bed,ACC-STUDENT-004,2025-08-14T13:46:00Z,229.52,NPR,DEBIT,COMPLETED,Coke and Momo,Burger House,Food
3b696f2b-1fb4-43a9-afb3-cb89c62daf0b,ACC-STUDENT-002,2025-01-17T19:23:00Z,780.13,NPR,DEBIT,COMPLETED,Lunch,Bakery,Food
1c45371f-39ee-45fd-b66a-9ca1ffeffd96,ACC-STUDENT-005,2025-08-25T09:20:00Z,363.63,NPR,DEBIT,COMPLETED,Taxi Ride,Local Taxi,Transport
5eca0b60-e1ee-4482-a15f-92e7de8a212f,ACC-STUDENT-005,2025-12-31T08:30:00Z,215.37,NPR,DEBIT,COMPLETED,Cappuccino,Local Tea Stall,Coffee
20eea43e-3529-4335-913a-5dc15a05484e,ACC-STUDENT-002,2025-10-27T08:30:00Z,263.51,NPR,DEBIT,COMPLETED,Iced Coffee,Red Mug Cafe,Coffee
37642bed-94e3-4183-9485-3baced993ee2,ACC-STUDENT-003,2025-12-10T14:30:00Z,3538.91,NPR,CREDIT,COMPLETED,Freelance Project,Family Transfer,Income
108bebc5-cb63-476c-8a78-fa112d015311,ACC-STUDENT-005,2025-03-27T13:20:00Z,461.86,NPR,DEBIT,COMPLETED,Breakfast,,Food
335acbf9-a7ba-4158-9c5d-03e01187e2de,ACC-STUDENT-001,2025-05-01T08:30:00Z,306.99,NPR,DEBIT,COMPLETED,Chiya,,Coffee
6d26ea72-6b11-4756-8728-6dac02343d25,ACC-STUDENT-001,2025-06-18T20:55:00Z,291.21,NPR,DEBIT,COMPLETED,Meals,Cafe,Food
0e364c7b-1586-4483-8566-39227faf088f,ACC-STUDENT-003,2025-04-15T08:00:00Z,290.7,NPR,DEBIT,COMPLETED,Spotify Premium,Spotify,Entertainment
d33026c3-6e7d-421d-a951-458a4abff993,ACC-STUDENT-001,2025-04-07 08:30:00,179.67,NPR,DEBIT,COMPLETED,Americano,Beans Cafe,Coffee
76ed467c-c04d-4c7e-a7c3-c6a3a8a80b1b,ACC-STUDENT-001,2025-11-11T09:17:00Z,101.51,NPR,DEBIT,COMPLETED,Bus Ticket,InDrive,Transport
73f68f3b-67f4-48ff-93f6-95ab4679c3c1,ACC-STUDENT-001,2025-08-29T08:30:00Z,132.05,NPR,DEBIT,COMPLETED,Latte,Himalayan Java,Coffee
2eb15574-7b0a-44d7-95ef-ed17e0c40ccd,ACC-STUDENT-005,2025-12-13T19:40:00Z,767.3,NPR,DEBIT,COMPLETED,Meals,Canteen,Food
3234a014-0a39-4bc6-89ec-719f4e574d29,ACC-STUDENT-002,2025-01-24T18:03:00Z,270.66,NPR,DEBIT,COMPLETED,Taxi Ride,Microbus,Transport
431b46a8-1ee2-471f-baff-805260f61078,ACC-STUDENT-001,2025-03-05T17:00:00Z,375.1,NPR,DEBIT,COMPLETED,Micro Fare,Microbus,Transport
15a3b2bc-5b17-495f-8bd6-c187cef4a61e,ACC-STUDENT-003,2025-06-06T18:30:00Z,204.33,NPR,DEBIT,COMPLETED,Daily Commute,InDrive,TRANSPORT
bdf12e2b-8d88-42d5-a0bc-850dbfb15b2a,ACC-STUDENT-002,2025-09-01T18:52:00Z,404.57,NPR,DEBIT,COMPLETED,Daily Commute,Pathao,Transport
b6cdc8a9-4450-465f-94b4-ceb4c92529cb,ACC-STUDENT-003,2025-04-19T19:45:00Z,372.93,NPR,DEBIT,COMPLETED,Burger & Fries,Restaurant,Food
0f23bcc7-6476-4c9b-8bbf-a8b6dc83742e,ACC-STUDENT-003,2025-10-03T19:44:00Z,340.47,NPR,DEBIT,COMPLETED,Breakfast,Burger House,food
91f05d99-f9a4-4071-8dfc-29817622f5da,ACC-STUDENT-001,2025-06-07T20:37:00Z,224.25,NPR,DEBIT,COMPLETED,Dinner,Boba Shop,Food
add3b865-2b0c-432b-8c52-0bdf322c2abb,ACC-STUDENT-004,2025/02/27,185.35,NPR,DEBIT,COMPLETED,Daily Commute,Sajha Yatayat,Transport
fed277b0-d218-418f-8909-3655832b5d71,ACC-STUDENT-003,2025-02-16T12:41:00Z,333.89,NPR,DEBIT,COMPLETED,Burger & Fries,Boba Shop,Food
5aea29bd-038c-4425-8035-5f73ee5c5c58,ACC-STUDENT-001,2025-08-14T20:00:00Z,494.74,NPR,DEBIT,COMPLETED,Meals,,Food
2936a97a-d371-4e82-bdb5-018e04ceb469,ACC-STUDENT-005,2025-09-14T18:30:00Z,449.02,NPR,DEBIT,COMPLETED,Movie Ticket,,Entertainment
8be22f5c-705d-426a-b662-f5dd1c36d3f5,ACC-STUDENT-002,2026-01-10T20:25:00Z,432.84,NPR,DEBIT,COMPLETED,Meals,Bakery,Food
55e702fd-9da0-40b8-b180-3ed5dfae31f8,ACC-STUDENT-003,2025-05-01T09:00:00Z,0.0,NPR,CREDIT,COMPLETED,Monthly Allowance,Family Transfer,Income
02ce3b37-38b6-4588-a250-b039ca8bb79a,ACC-STUDENT-002,2025-05-20T20:52:00Z,249.77,NPR,DEBIT,COMPLETED,Breakfast,Bakery,Food
65566a0d-5749-4e65-90bb-959876897eb5,ACC-STUDENT-004,2025-12-23T08:30:00Z,251.15,NPR,DEBIT,COMPLETED,Latte,Beans Cafe,Coffee
4d88bb0b-135c-474d-aa0a-61120a1e38af,ACC-STUDENT-003,2025-10-01T12:30:00Z,192.84,NPR,DEBIT,COMPLETED,Breakfast,Restaurant,Food
35e71b04-c4d5-4511-bf8c-91fdc784011f,ACC-STUDENT-004,2025-12-30T08:30:00Z,282.36,NPR,DEBIT,COMPLETED,Latte,Beans Cafe,COFFEE
2fb9087b-d031-41ac-8855-1dc75eaef2f3,ACC-STUDENT-001,2025-03-04T08:30:00Z,333.56,NPR,DEBIT,COMPLETED,Cappuccino,Beans Cafe,Coffee
231ad10b-b858-4192-9206-ca9ca9cc950a,ACC-STUDENT-004,2025/12/24,151.9,NPR,DEBIT,COMPLETED,Lunch,Local Eatery,Food
eedf7418-6a4b-4484-b653-9d5698567ac3,ACC-STUDENT-002,2025-12-06T19:14:00Z,799.81,NPR,DEBIT,COMPLETED,Meals,Burger House,Food
ef5c7388-9cc8-48ed-88d6-c0f9d982b575,ACC-STUDENT-003,2025-07-02T08:30:00Z,104.04,NPR,DEBIT,COMPLETED,Latte,Red Mug Cafe,Coffee
7c5c07b6-8c69-4716-8f61-fca42c30b5ea,ACC-STUDENT-001,2025-09-09T17:08:00Z,164.53,NPR,DEBIT,COMPLETED,Ride Sharing,Bus,Transport
ed036faf-8b3b-430b-b383-66e517bec8f8,ACC-STUDENT-005,2025-04-16T09:39:00Z,395.39,NPR,DEBIT,COMPLETED,Micro Fare,Sajha Yatayat,Transport
e24acfcd-70ee-45e9-aa68-140b67ad12b6,ACC-STUDENT-001,2025-04-14T18:28:00Z,476.97,NPR,DEBIT,COMPLETED,Taxi Ride,Sajha Yatayat,Transport
79240ebd-b414-4bfa-b84c-7d30e04b45af,ACC-STUDENT-002,2025-03-29T17:38:00Z,0.0,NPR,DEBIT,COMPLETED,Ride Sharing,Bus,Transport
d2388c90-8c9e-4b4e-8e3e-f9c2993636c0,ACC-STUDENT-002,2025-06-25T08:30:00Z,167.29,NPR,DEBIT,COMPLETED,Cappuccino,Coffee Point,Coffee
519d900f-02c2-4fea-8711-9bd196e4481a,ACC-STUDENT-004,2025-05-10T13:29:00Z,478.37,NPR,DEBIT,COMPLETED,Burger & Fries,Restaurant,Food
dbe4bccc-50e3-43c3-858a-2ba6c2731e8c,ACC-STUDENT-004,2025-11-24T12:05:00Z,623.66,NPR,DEBIT,COMPLETED,Snacks,Boba Shop,Food
33a6d072-a8eb-4e4c-8098-322cef67b26e,ACC-STUDENT-003,2025-06-21T20:40:00Z,Rs. 243.37,NPR,DEBIT,COMPLETED,Coke and Momo,Restaurant,Food
eebeadd6-3aef-4a6f-93ea-fe02124c0791,ACC-STUDENT-003,2025-03-17T13:30:00Z,369.1,NPR,DEBIT,COMPLETED,Coke and Momo,Bakery,Food
375758cf-b9e6-4015-9f96-2d648e6c939a,ACC-STUDENT-005,2025-09-01T09:00:00Z,34082.42,NPR,CREDIT,COMPLETED,Monthly Allowance,,Income
eab5cbed-a489-4242-9849-0f36a1a90cab,ACC-STUDENT-001,2025-06-08T13:35:00Z,258.46,NPR,DEBIT,COMPLETED,Dinner,Cafe,Food
2fe58180-666d-4207-9d0b-256c15cb837c,ACC-STUDENT-005,2025-02-26T08:30:00Z,348.96,NPR,DEBIT,COMPLETED,Americano,Red Mug Cafe,Coffee
c45cbd79-04f9-4ef0-b7df-825f55e739d4,ACC-STUDENT-003,2025-04-20T13:27:00Z,650.31,NPR,DEBIT,COMPLETED,Coke and Momo,Boba Shop,Food
1748108f-5fed-4fb0-9dc1-c667c326f6bd,ACC-STUDENT-001,2025-03-16T12:00:00Z,3865.93,NPR,DEBIT,COMPLETED,Dairy Products,Bhatbhateni,Groceries
892a1c7d-10aa-4231-bccf-fe4a2cddc4e0,ACC-STUDENT-002,2025-11-22 18:13:00,306.95,NPR,DEBIT,COMPLETED,Ride Sharing,Local Taxi,transport
5a63fbba-da5d-44ee-b471-b8abee123ff8,ACC-STUDENT-004,2025-04-08T17:54:00Z,84.64,NPR,DEBIT,COMPLETED,Daily Commute,Pathao,Transport
01de2277-53be-4922-ae61-53dd2716ba05,ACC-STUDENT-004,2025-06-16T12:57:00Z,398.39,NPR,DEBIT,COMPLETED,Coke and Momo,Bakery,Food
558230bd-e143-4e7e-8cd0-188785a2deb0,ACC-STUDENT-002,2025-03-20T17:33:00Z,407.35,NPR,DEBIT,COMPLETED,Daily Commute,InDrive,Transport
2ca93ac6-cb9d-4822-ad01-71359fca354c,ACC-STUDENT-005,2025-04-08T18:45:00Z,205.32,NPR,DEBIT,COMPLETED,Daily Commute,Pathao,Transport
e60a3618-bc36-4a3f-bb99-f7991480115e,ACC-STUDENT-004,2025-12-01T09:00:00Z,28446.3,NPR,CREDIT,COMPLETED,Monthly Allowance,Family Transfer,Income
7395d8ad-c1de-48ca-a878-52cf152005e8,ACC-STUDENT-002,2025-06-18T18:45:00Z,239.83,NPR,DEBIT,COMPLETED,Bus Ticket,Microbus,Transport
f3a44178-d53c-429b-87ae-0d9d1d0bdc62,ACC-STUDENT-003,2025-04-24T08:30:00Z,140.98,NPR,DEBIT,COMPLETED,,Beans Cafe,Coffee
57a9fc5f-00ab-4bab-a05b-d37d4fe4ad3f,ACC-STUDENT-001,2025-04-18T13:27:00Z,476.86,NPR,DEBIT,COMPLETED,Breakfast,Canteen,Food
78f5456c-767a-4987-94d1-fb83f7298ac0,ACC-STUDENT-005,2025-09-27T12:00:00Z,2643.63,NPR,DEBIT,COMPLETED,Weekly Groceries,Saleways,Groceries
71ac522e-313b-4f45-b1f1-2ef2a7c9f05c,ACC-STUDENT-002,2025-05-16T12:02:00Z,233.73,NPR,DEBIT,COMPLETED,Lunch,Burger House,Food
9e8a589b-30bf-4ee2-a931-4ab39c0af4b7,ACC-STUDENT-003,2025-03-02T19:34:00Z,561.25,NPR,DEBIT,COMPLETED,Coke and Momo,Cafe,Food
0dde009c-35dd-4a8f-ba27-3b0bccc7fb04,ACC-STUDENT-004,2025-08-02T18:32:00Z,249.48,NPR,DEBIT,COMPLETED,Ride Sharing,InDrive,Transport
c79746f9-d8ac-41dd-860f-5a81ce5c121f,ACC-STUDENT-005,2025-10-03T18:44:00Z,486.13,NPR,DEBIT,COMPLETED,Micro Fare,Pathao,transport
823b5ffc-c88f-40bf-8e09-5405ce76df55,ACC-STUDENT-005,2025-07-15T09:58:00Z,281.31,NPR,DEBIT,COMPLETED,Taxi Ride,Sajha Yatayat,Transport
f42c5830-880f-4b7e-869e-bea6eb2f216c,ACC-STUDENT-002,2025-02-16T17:47:00Z,310.4,NPR,DEBIT,COMPLETED,Bus Ticket,Local Taxi,Transport
385cbb21-b931-4e55-9a79-e03a91ec35ac,ACC-STUDENT-003,2025-01-19T18:10:00Z,114.51,NPR,DEBIT,COMPLETED,Taxi Ride,Bus,Transport
f7abd119-9375-4bff-9155-297af4cf8880,ACC-STUDENT-003,2025-02-07T19:44:00Z,592.7,NPR,DEBIT,COMPLETED,Coke and Momo,Canteen,Food
c2de9243-f03b-493e-9979-911812263072,ACC-STUDENT-005,2025-04-05T11:15:00Z,1588.06,NPR,DEBIT,COMPLETED,WiFi Internet,Worldlink,Utilities
6cf1fa50-35c9-449d-a860-664ee7534f6c,ACC-STUDENT-003,2025-03-10T08:30:00Z,286.13,NPR,DEBIT,COMPLETED,Latte,Local Tea Stall,Coffee
ebf145b1-b5b8-4dab-ab41-5bc74118b074,ACC-STUDENT-001,2025-05-20T20:29:00Z,259.35,NPR,DEBIT,COMPLETED,Breakfast,Restaurant,Food
34d95e94-9e75-45af-b192-ea7a3d3fc18e,ACC-STUDENT-003,2026-01-09T08:30:00Z,254.34,NPR,DEBIT,COMPLETED,Iced Coffee,Coffee Point,Coffee
1b5e6eca-a8e6-487f-a051-0a3e22e62135,ACC-STUDENT-005,2025-02-21T09:47:00Z,410.1,NPR,DEBIT,COMPLETED,Taxi Ride,Local Taxi,transport
6d7532b3-b2bd-408e-acc0-eec37df9b644,ACC-STUDENT-002,2025-09-09T19:13:00Z,396.25,NPR,DEBIT,COMPLETED,Burger & Fries,Canteen,Food
e2529cac-bdda-485f-a377-86d06ceff70e,ACC-STUDENT-004,2025-05-27T17:25:00Z,420.31,NPR,DEBIT,COMPLETED,Daily Commute,Pathao,Transport
a6f5dffa-316a-42dc-910b-f49634d39b17,ACC-STUDENT-005,2025-09-01T20:30:00Z,781.19,NPR,DEBIT,COMPLETED,Burger & Fries,Boba Shop,Food
d1661a12-06f9-46b9-81e5-9ce5307cfba7,ACC-STUDENT-002,2025-09-01T08:30:00Z,113.5,NPR,DEBIT,COMPLETED,Iced Coffee,Coffee Point,Coffee
26965171-b40e-4b17-95b5-41a7982dc290,ACC-STUDENT-004,2025-10-03T18:11:00Z,158.17,NPR,DEBIT,COMPLETED,Ride Sharing,Local Taxi,Transport
6f81a7db-0045-44c2-ab5a-7326a98160e3,ACC-STUDENT-004,2025-08-10T18:30:00Z,1179.88,NPR,DEBIT,COMPLETED,Bowling Session,Fuzz Factory,Entertainment
3c451d67-2256-4628-b2cd-130a70407634,ACC-STUDENT-001,2025-03-27T13:15:00Z,216.82,NPR,DEBIT,COMPLETED,Dinner,Cafe,Food
ad5fffdf-e282-44c8-88d0-b9b24d8ffd5a,ACC-STUDENT-004,2025-09-19T12:26:00Z,537.93,NPR,DEBIT,COMPLETED,Snacks,Burger House,Food
5e57fa29-2b4b-46f3-80ea-6fe831b0600c,ACC-STUDENT-004,2025-04-12T18:01:00Z,440.76,NPR,DEBIT,COMPLETED,Micro Fare,Sajha Yatayat,Transport
236dc208-76fd-4c3a-b9ef-e047b7cc7728,ACC-STUDENT-002,2025-06-11T13:36:00Z,468.84,NPR,DEBIT,COMPLETED,Coke and Momo,Cafe,FOOD
e155491e-7975-4c86-9cb7-625a4c8ed2ea,ACC-STUDENT-003,2025-03-06T18:30:00Z,437.53,NPR,DEBIT,COMPLETED,Micro Fare,InDrive,Transport
74b6da8e-6b97-4740-beae-bde0d527d3a6,ACC-STUDENT-005,2025-03-17T20:34:00Z,455.99,NPR,DEBIT,COMPLETED,Snacks,Canteen,Food
5fde6142-14cf-42ca-b884-4fb3b3b1e742,ACC-STUDENT-004,2025-02-10T08:30:00Z,243.78,NPR,DEBIT,COMPLETED,Americano,Local Tea Stall,Coffee
9f3ee599-a9b3-4d34-b95d-95b1c3703cd2,ACC-STUDENT-005,2025-03-29T12:09:00Z,726.13,NPR,DEBIT,COMPLETED,Breakfast,Boba Shop,Food
f71ad1c9-f666-4976-a6d7-83a5cb19e0b5,ACC-STUDENT-001,2025-07-03T09:17:00Z,222.36,NPR,DEBIT,COMPLETED,Micro Fare,Pathao,Transport
53559433-e359-4981-98ba-70ebe69c78df,ACC-STUDENT-001,2025-01-27T18:58:00Z,433.72,NPR,DEBIT,COMPLETED,Ride Sharing,Bus,Transport
0168512f-341f-4c9e-bbe8-cfd32cd0f20d,ACC-STUDENT-005,2025-03-13T09:58:00Z,121.42,NPR,DEBIT,COMPLETED,Ride Sharing,Sajha Yatayat,Transport
b300efa1-7e8c-403c-81bf-dbadf66d2a17,ACC-STUDENT-002,2026-01-10T14:30:00Z,6784.62,NPR,CREDIT,COMPLETED,Monthly Allowance,Part-time Gig,Income
d58fcdb8-8001-4dde-a539-8fc22386a15c,ACC-STUDENT-003,2025-07-15T08:00:00Z,Rs. 362.44,NPR,DEBIT,COMPLETED,Spotify Premium,Spotify,Entertainment
63e3ba98-88b8-4886-b4cb-f1ba4f6de221,ACC-STUDENT-004,2025/03/25,343.1,NPR,DEBIT,COMPLETED,Taxi Ride,Pathao,Transport
560e183f-fe9e-4532-a534-32f80525a985,ACC-STUDENT-005,2025-06-11T20:33:00Z,217.12,NPR,DEBIT,COMPLETED,Meals,Bakery,Food
a64d9396-0d1c-4b88-be49-cf83de0c972c,ACC-STUDENT-001,2025-04-15T17:45:00Z,250.82,NPR,DEBIT,COMPLETED,Bus Ticket,Local Taxi,Transport
8c30c8b4-8f9b-4f72-a259-7dd816ea3416,ACC-STUDENT-003,2025-06-17T18:48:00Z,211.42,NPR,DEBIT,COMPLETED,Ride Sharing,Sajha Yatayat,Transport
aee547d8-6d0e-43a5-833e-e87e0e6e80d9,ACC-STUDENT-003,2025-06-01T09:00:00Z,27258.66,NPR,CREDIT,COMPLETED,Monthly Allowance,Family Transfer,Income
4d3d6a9e-30db-47ff-a9f2-14571a8a8c15,ACC-STUDENT-003,2025-10-24T14:30:00Z,"Rs. 3,269.87",NPR,CREDIT,COMPLETED,Tutoring fee,Family Transfer,Income
f6bb9706-025c-4347-b375-1461fb70a351,ACC-STUDENT-005,2025-11-10T08:30:00Z,189.06,NPR,DEBIT,COMPLETED,Americano,Coffee Point,Coffee
39285198-584e-4a9f-8acd-5f0144a6f5c6,ACC-STUDENT-003,2025-04-12T13:03:00Z,151.36,NPR,DEBIT,COMPLETED,Lunch,Canteen,Food
8087dd2d-4989-4482-995f-60957254a0ae,ACC-STUDENT-003,2025-03-22T16:20:00Z,4309.62,NPR,DEBIT,COMPLETED,Gift for Mom,Clothing Shop,Shopping
32694179-3402-44eb-8819-dbd7ed1913c8,ACC-STUDENT-003,2025-05-25T16:20:00Z,4479.17,NPR,DEBIT,COMPLETED,Shopping,Local Store,Shopping
8e8c5516-2019-453e-ac7d-f1bce8d57caf,ACC-STUDENT-003,2025-03-19T12:46:00Z,619.78,NPR,DEBIT,COMPLETED,Dinner,Burger House,Food
c143e668-d7b1-4cc6-981d-554b7dcae0c8,ACC-STUDENT-001,2025-03-20T20:06:00Z,633.98,NPR,DEBIT,COMPLETED,Dinner,,Food
b98950e4-488e-4928-86f0-0aaf6ed2b9c7,ACC-STUDENT-001,2025-06-27T09:13:00Z,288.42,NPR,DEBIT,COMPLETED,Ride Sharing,Sajha Yatayat,Transport
d5f0fb75-af9b-4f12-ad2c-ec66a68978c3,ACC-STUDENT-004,2025-11-07T09:56:00Z,374.93,NPR,DEBIT,COMPLETED,Daily Commute,Microbus,Transport
72a63a18-6cf0-49aa-9d94-0d7d197eefc8,ACC-STUDENT-002,2025-10-13T12:28:00Z,564.36,NPR,DEBIT,COMPLETED,Meals,Restaurant,Food
11120ab4-2c46-4365-90df-c3746905494d,ACC-STUDENT-001,2025-05-22T17:36:00Z,159.44,NPR,DEBIT,COMPLETED,Ride Sharing,Local Taxi,Transport
aa2b4b3a-7ecf-4a89-a524-c35f8ed9ca6f,ACC-STUDENT-002,2025-12-31T19:57:00Z,751.58,NPR,DEBIT,COMPLETED,Lunch,Restaurant,Food
82a485d7-208e-4231-95b6-29b395f7df6c,ACC-STUDENT-001,2025-05-16T19:24:00Z,587.89,NPR,DEBIT,COMPLETED,Burger & Fries,Canteen,Food
5c69378c-c198-4216-8d4f-47d201868735,ACC-STUDENT-002,2025-08-29T09:08:00Z,247.35,NPR,DEBIT,COMPLETED,Taxi Ride,Bus,Transport
38e1082f-a064-4a1f-be6e-4a4c935be35c,ACC-STUDENT-003,2025-03-23T12:00:00Z,2161.31,NPR,DEBIT,COMPLETED,Dairy Products,Fresh Vegetable Vendor,Groceries
692f3db6-1f24-402d-815c-a4b690da394e,ACC-STUDENT-001,2025-05-12T08:30:00Z,279.77,NPR,DEBIT,COMPLETED,Iced Coffee,Coffee Point,Coffee
8b9a8908-4541-42ac-b394-95c3d65e3587,ACC-STUDENT-001,2025-01-26T18:30:00Z,759.15,NPR,DEBIT,COMPLETED,Spotify Premium,QFX Cinemas,Entertainment
3a54de7c-f655-4e3f-b2ef-5c245ea8fde4,ACC-STUDENT-005,2025-09-22T08:30:00Z,318.82,NPR,DEBIT,COMPLETED,Latte,Red Mug Cafe,Coffee
e511a479-12bb-4fba-a05a-0d2b088afa38,ACC-STUDENT-002,2025-05-22T20:11:00Z,374.36,NPR,DEBIT,COMPLETED,Coke and Momo,,Food
8798379c-efbd-4b9e-b18c-c3318c244a7a,ACC-STUDENT-003,2025-11-25T08:30:00Z,146.22,NPR,DEBIT,COMPLETED,Iced Coffee,Himalayan Java,coffee
6e2d48c0-d015-4188-a839-20d15e190c5a,ACC-STUDENT-005,2025/05/23,469.4,NPR,DEBIT,COMPLETED,Daily Commute,Microbus,Transport
d55b187b-5d56-4f54-8d57-9d764a4a6a72,ACC-STUDENT-005,2025-07-21T09:59:00Z,352.37,NPR,DEBIT,COMPLETED,Taxi Ride,Sajha Yatayat,Transport
36863b0c-a3af-45a4-8b15-de50b068c7f6,ACC-STUDENT-005,2025-12-03T13:00:00Z,563.12,NPR,DEBIT,COMPLETED,Meals,Canteen,Food
02107337-d3f1-42ed-b9e0-b4c0aa79ea2b,ACC-STUDENT-004,2025-03-06T19:09:00Z,782.31,NPR,DEBIT,COMPLETED,Lunch,Burger House,Food
d61a8e03-f42b-46e0-a276-884839bf69ca,ACC-STUDENT-001,2025-01-19T17:38:00Z,498.25,NPR,DEBIT,COMPLETED,Bus Ticket,Local Taxi,Transport
82c771ae-32f3-4dcb-95e9-9a5552d14a82,ACC-STUDENT-005,2025-08-03T12:00:00Z,4490.49,NPR,DEBIT,COMPLETED,Monthly Supplies,Fresh Vegetable Vendor,Groceries
7dd4e53c-c1a8-4459-995f-2d337022a285,ACC-STUDENT-005,2025-05-14T17:25:00Z,187.5,NPR,DEBIT,COMPLETED,Daily Commute,InDrive,Transport
a191c0f3-3c30-4b07-acd2-e45aa0117534,ACC-STUDENT-002,2025-07-06T18:30:00Z,706.24,NPR,DEBIT,COMPLETED,Spotify Premium,Spotify,Entertainment
44f9e32e-e252-4d54-95fa-678038b0aab1,ACC-STUDENT-001,2025-12-29T20:55:00Z,514.67,NPR,DEBIT,COMPLETED,Lunch,Burger House,Food
092aafbc-2a88-4c0d-9375-d41cfcf883e7,ACC-STUDENT-001,2025-07-12T12:00:00Z,1804.29,NPR,DEBIT,COMPLETED,Monthly Supplies,Fresh Vegetable Vendor,Groceries
5e1b766f-9420-4586-b662-dfd5958d070f,ACC-STUDENT-001,2025-03-11T18:55:00Z,202.42,NPR,DEBIT,COMPLETED,Daily Commute,Sajha Yatayat,Transport
a6a32aa3-0fd7-4a5d-a2e0-016182c41841,ACC-STUDENT-003,2025-12-02T10:00:00Z,10098.59,NPR,DEBIT,COMPLETED,House Rent,Rent House Ltd,Utilities
943dcb86-6a82-41bc-af61-782d853f37f4,ACC-STUDENT-001,2025-09-02T10:00:00Z,10183.19,NPR,DEBIT,COMPLETED,House Rent,Rent House Ltd,Utilities
a58d54fc-ea77-4cb1-950e-6c3c7594245a,ACC-STUDENT-001,2025-11-04 17:46:00,359.89,NPR,DEBIT,COMPLETED,Taxi Ride,Sajha Yatayat,Transport
a2d0ab32-88a8-4c2b-8c69-1efa854d1a98,ACC-STUDENT-001,2025-01-28T17:59:00Z,388.34,NPR,DEBIT,COMPLETED,Daily Commute,Bus,Transport
ee935794-b06a-45d3-bb42-2b802bfbd76a,ACC-STUDENT-005,2025-08-15T20:47:00Z,534.26,NPR,DEBIT,COMPLETED,Meals,Canteen,Food
cb6e2776-7756-4e15-8055-e94b9e4b1e27,ACC-STUDENT-004,2025-01-15T09:38:00Z,317.89,NPR,DEBIT,COMPLETED,Daily Commute,Sajha Yatayat,Transport
8b524d3e-1197-41d1-b6fc-1b87bdf0f559,ACC-STUDENT-005,2025-07-10T17:02:00Z,397.21,NPR,DEBIT,COMPLETED,Daily Commute,Bus,Transport
0d5650f7-342a-4d7c-b279-197ffd11ff61,ACC-STUDENT-003,2025-04-20T12:29:00Z,776.69,NPR,DEBIT,COMPLETED,Burger & Fries,Local Eatery,Food
e84e69e1-b72e-464c-95c9-a7b05d6afce0,ACC-STUDENT-001,2025-11-03T13:29:00Z,-637.07,NPR,DEBIT,COMPLETED,Dinner,Canteen,Food
de034dda-6fd3-4c25-8780-29fe7fbbf868,ACC-STUDENT-002,2025-10-30T20:03:00Z,452.1,NPR,DEBIT,COMPLETED,Meals,Canteen,Food
6d748d53-680e-4321-a248-d1f11149041d,ACC-STUDENT-001,2025-11-24T20:32:00Z,738.94,NPR,DEBIT,COMPLETED,Burger & Fries,Burger House,Food
3e5a62c6-daf2-4bb2-8774-0a09440717f0,ACC-STUDENT-001,2025-02-11T09:53:00Z,239.06,NPR,DEBIT,COMPLETED,Bus Ticket,Microbus,Transport
051f6090-270d-4013-b137-7afa3fd9c4c1,ACC-STUDENT-005,2025-04-28T09:23:00Z,69.93,NPR,DEBIT,COMPLETED,Daily Commute,InDrive,Transport
ebd3a2f5-0fac-4974-855d-a844c4ed991c,ACC-STUDENT-003,2025-01-24T16:20:00Z,2991.79,NPR,DEBIT,COMPLETED,Shopping,,Shopping
cf5f4c15-0ce1-40e7-a284-cfc64d3c8544,ACC-STUDENT-003,2025-10-16T17:16:00Z,108.5,NPR,DEBIT,COMPLETED,Micro Fare,Pathao,Transport
9df016cd-34f6-4ae0-ada6-aa2acce91e52,ACC-STUDENT-002,2025-11-03T12:38:00Z,409.14,NPR,DEBIT,COMPLETED,Lunch,Burger House,Food
0178a656-b488-46cf-a79a-79c0b82dd6f5,ACC-STUDENT-001,2025-07-10T13:38:00Z,356.84,NPR,DEBIT,COMPLETED,Breakfast,Local Eatery,FOOD
be9cbe3f-7227-45d5-83f3-40d34c9583ae,ACC-STUDENT-005,2025-01-21T13:34:00Z,399.42,NPR,DEBIT,COMPLETED,Burger & Fries,Restaurant,Food
08e8d757-3625-4be5-916f-671d57b6f784,ACC-STUDENT-003,2025-10-22T16:20:00Z,5965.87,NPR,DEBIT,COMPLETED,Gift for Mom,Clothing Shop,Shopping
b12ff92f-5681-43d3-bb67-e612cb775fb2,ACC-STUDENT-004,2025-10-02T09:22:00Z,148.98,NPR,DEBIT,COMPLETED,Daily Commute,InDrive,Transport
9ded9303-3e4b-4e44-9e80-79271d241a25,ACC-STUDENT-005,2025-03-10T13:30:00Z,398.02,NPR,DEBIT,COMPLETED,Burger & Fries,Canteen,Food
704db7bd-db5f-4796-a01c-10f9b93634d0,ACC-STUDENT-002,2025-06-22T12:00:00Z,3585.74,NPR,DEBIT,COMPLETED,Rice and Oil,Bhatbhateni,Groceries
5f0ce60c-16e1-423e-9d94-3c442fa6817a,ACC-STUDENT-002,2025-02-13T17:34:00Z,58.06,NPR,DEBIT,COMPLETED,Micro Fare,Bus,Transport
ff371c5d-396f-49f4-9b49-708b1f9b49b6,ACC-STUDENT-005,2025-01-14T18:04:00Z,79.94,NPR,DEBIT,COMPLETED,Ride Sharing,Pathao,Transport
f7b3a41d-889b-4cb8-8e85-d11f03b9cf20,ACC-STUDENT-005,2025-07-05T13:08:00Z,306.41,NPR,DEBIT,COMPLETED,Meals,Cafe,Food
9554d1b9-904b-4282-ab81-e14ab3f2c315,ACC-STUDENT-001,2025-07-25T13:29:00Z,346.39,NPR,DEBIT,COMPLETED,Burger & Fries,Boba Shop,Food
ba81dfce-5711-4110-8306-3e4248713fb4,ACC-STUDENT-003,2025-08-11T12:29:00Z,204.88,NPR,DEBIT,COMPLETED,Burger & Fries,Canteen,Food
2479afd5-d5d3-4e5e-9b02-34c291355cc3,ACC-STUDENT-004,2026-01-08T20:33:00Z,785.72,NPR,DEBIT,COMPLETED,Lunch,Burger House,food
ebb5987c-98c4-487f-8dc4-6bfd2851b273,ACC-STUDENT-002,2025-01-27T20:30:00Z,629.01,NPR,DEBIT,COMPLETED,Breakfast,Restaurant,Food
22f6dbe2-829f-4be7-8649-434be590cef9,ACC-STUDENT-004,2025-06-29T12:00:00Z,2823.66,NPR,DEBIT,COMPLETED,Weekly Groceries,Local Grocery,Groceries
878cafa5-55f7-4823-9751-537136f72ad7,ACC-STUDENT-001,2025-08-04T20:24:00Z,230.34,NPR,DEBIT,COMPLETED,Dinner,Bakery,Food
e501e04c-8a75-4d4d-bf70-31358af4f1ac,ACC-STUDENT-003,2025-07-25T18:46:00Z,102.42,NPR,DEBIT,COMPLETED,Micro Fare,InDrive,Transport
b7934ff2-2dfc-43ee-a8c3-c3ba17007c36,ACC-STUDENT-004,2025-08-03T12:09:00Z,753.46,NPR,DEBIT,COMPLETED,Coke and Momo,Boba Shop,Food
e1dc1107-897b-4b7a-82f3-b30b06d00466,ACC-STUDENT-003,2025-04-14T08:30:00Z,100.05,NPR,DEBIT,COMPLETED,Latte,Red Mug Cafe,Coffee
9c5aa22b-6ca8-4e76-a9f1-86be9f8595ab,ACC-STUDENT-002,2025-02-15T08:00:00Z,271.52,NPR,DEBIT,COMPLETED,Spotify Premium,Spotify,Entertainment
d0779d50-ed47-4faf-94fa-44df511962a9,ACC-STUDENT-003,2025-05-23 19:54:00,369.49,NPR,DEBIT,COMPLETED,Meals,Boba Shop,Food
f84d10de-79d3-41e0-923e-575490030cff,ACC-STUDENT-004,2025-12-05T18:13:00Z,345.6,NPR,DEBIT,COMPLETED,Taxi Ride,Local Taxi,Transport
1b844ce0-d36a-43f3-b992-34c5b4f24a26,ACC-STUDENT-004,2025-02-25T12:08:00Z,218.75,NPR,DEBIT,COMPLETED,Burger & Fries,Burger House,Food
c3478d5d-5369-401d-9c9f-342a660fbeb8,ACC-STUDENT-004,2025-02-26T20:08:00Z,289.03,NPR,DEBIT,COMPLETED,Snacks,Canteen,Food
5064fed5-3008-470a-9a43-da99256ba138,ACC-STUDENT-005,2025-10-07T18:22:00Z,436.75,NPR,DEBIT,COMPLETED,Micro Fare,InDrive,Transport
ac9ad466-4dde-4ac1-b24f-149e58bc52b9,ACC-STUDENT-005,2025-08-12T18:13:00Z,248.36,NPR,DEBIT,COMPLETED,Daily Commute,Microbus,Transport
3e10eea8-dd4d-4746-8979-a173a9f2996e,ACC-STUDENT-002,2025-05-05T08:30:00Z,279.79,NPR,DEBIT,COMPLETED,Iced Coffee,Himalayan Java,Coffee
6eb5d0cb-8a57-491f-88aa-8c3480a45387,ACC-STUDENT-005,2025-12-03T18:50:00Z,440.27,NPR,DEBIT,COMPLETED,Micro Fare,Local Taxi,Transport
b94875f4-2281-4358-9f3a-0f27554ede9e,ACC-STUDENT-001,2025-06-24T09:47:00Z,278.97,NPR,DEBIT,COMPLETED,Daily Commute,Bus,Transport
83857010-a56b-4c51-9d19-5d9d58f0ce1a,ACC-STUDENT-001,2025-07-01T09:00:00Z,26483.24,NPR,CREDIT,COMPLETED,Monthly Allowance,Family Transfer,Income
6448735f-62ba-4d4c-bd4a-f63667a58a3c,ACC-STUDENT-002,2025-05-22T12:57:00Z,181.18,NPR,DEBIT,COMPLETED,Dinner,Boba Shop,Food
5a0355a7-1f09-4335-8433-b633c13aae5d,ACC-STUDENT-003,2025-08-05T08:30:00Z,341.92,NPR,DEBIT,COMPLETED,Iced Coffee,Himalayan Java,Coffee
cddfd3da-3620-4f18-adf6-c7520c4cccfe,ACC-STUDENT-005,2026-01-01T13:26:00Z,170.61,NPR,DEBIT,COMPLETED,Breakfast,Bakery,Food
319f2c27-053e-41b7-a8f7-7434f8621560,ACC-STUDENT-005,2025-03-25T17:25:00Z,354.59,NPR,DEBIT,COMPLETED,Taxi Ride,Pathao,Transport
d99523bd-8449-4e6f-aa28-aa5d720af562,ACC-STUDENT-002,2025-02-19T08:30:00Z,223.05,NPR,DEBIT,COMPLETED,,Local Tea Stall,COFFEE
abec52bd-251c-4566-84e6-e3ac67d68c49,ACC-STUDENT-002,2025-02-07T13:01:00Z,202.69,NPR,DEBIT,COMPLETED,Breakfast,Burger House,Food
b7dce6f4-c364-4584-8d27-b7f01182361f,ACC-STUDENT-001,2025-08-10T16:20:00Z,5319.81,NPR,DEBIT,COMPLETED,Birthday Gift,Miniso,Shopping
f0fc43e4-c4a3-4225-a4b8-c7aedf75a983,ACC-STUDENT-002,2025-06-29T12:00:00Z,1957.2,NPR,DEBIT,COMPLETED,Monthly Supplies,Bhatbhateni,Groceries
7d6bd6bb-d27e-4b70-b1f1-38f734eef60c,ACC-STUDENT-003,2025-02-09T18:30:00Z,719.22,NPR,DEBIT,COMPLETED,Popcorn & Soda,One Cinemas,Entertainment
de6bd74f-9f8e-4eb0-aa31-1260c00ca6ee,ACC-STUDENT-001,2025-11-21T17:32:00Z,240.86,NPR,DEBIT,COMPLETED,Micro Fare,Sajha Yatayat,Transport
ad73432e-7ff6-45ef-aabb-bd4fdfebd4b2,ACC-STUDENT-001,2025-05-10T20:24:00Z,202.16,NPR,DEBIT,COMPLETED,Coke and Momo,Boba Shop,Food
a114970b-1cd3-4efa-a49c-abd9741512ed,ACC-STUDENT-005,2025-06-22T18:30:00Z,Rs. 0.0,NPR,DEBIT,COMPLETED,Bowling Session,Netflix,Entertainment
4e5b3625-7748-4af4-823f-d586b691b696,ACC-STUDENT-001,2025-04-16T08:30:00Z,278.34,NPR,DEBIT,COMPLETED,Americano,Beans Cafe,Coffee
1abc65eb-cbfa-4d25-a2fd-3af4343652a9,ACC-STUDENT-004,2025-12-27T18:19:00Z,212.81,NPR,DEBIT,COMPLETED,Taxi Ride,Sajha Yatayat,Transport
3ac71147-5299-4fae-8010-0749fb8ae1fc,ACC-STUDENT-004,2025-05-02T13:19:00Z,693.63,NPR,DEBIT,COMPLETED,Meals,Canteen,Food
f3caf9f1-0501-4e6f-b16a-b15063c28aa3,ACC-STUDENT-004,2025-06-27T17:00:00Z,155.63,NPR,DEBIT,COMPLETED,Micro Fare,Bus,Transport
bb5c5584-5a6c-4ea6-8a0c-03ff899607a2,ACC-STUDENT-001,2025-04-06 12:26:00,184.62,NPR,DEBIT,COMPLETED,Burger & Fries,Restaurant,Food
98d25278-5248-4049-8d91-eba9ad602f31,ACC-STUDENT-003,2025-10-08T18:44:00Z,189.26,NPR,DEBIT,COMPLETED,Daily Commute,Microbus,Transport
a0f042de-b226-4081-a291-cf46adedba12,ACC-STUDENT-003,2025-10-22T18:44:00Z,92.39,NPR,DEBIT,COMPLETED,Bus Ticket,InDrive,Transport
2b8c1f13-7357-4ad0-93f7-af6aabe68c82,ACC-STUDENT-001,2025-09-05T13:41:00Z,691.69,NPR,DEBIT,COMPLETED,Meals,Cafe,Food
484ae06b-8287-41a4-aca8-a03bf9d039b2,ACC-STUDENT-005,2025-11-30T12:00:00Z,3379.4,NPR,DEBIT,COMPLETED,Rice and Oil,Saleways,Groceries
c348fe8c-c9e2-4800-9723-67c38f6c5c7c,ACC-STUDENT-004,2025-02-09T18:30:00Z,1143.58,NPR,DEBIT,COMPLETED,Bowling Session,QFX Cinemas,Entertainment
5b218e3e-aed4-4352-9e72-c1defd010130,ACC-STUDENT-002,2025-02-12T17:02:00Z,87.48,NPR,DEBIT,COMPLETED,Taxi Ride,Local Taxi,Transport
3ca98b68-eb82-42dd-8a75-cfb58f17d4be,ACC-STUDENT-004,2025-05-27T08:30:00Z,319.23,NPR,DEBIT,COMPLETED,Latte,Local Tea Stall,Coffee
754f5c74-1876-4261-9e45-03ed35be7a63,ACC-STUDENT-003,2025-08-09T17:27:00Z,51.23,NPR,DEBIT,COMPLETED,Daily Commute,InDrive,Transport
0f174023-e23c-4f0f-a8c4-316687d0a4e3,ACC-STUDENT-001,2025-12-19T18:48:00Z,311.05,NPR,DEBIT,COMPLETED,Ride Sharing,Microbus,Transport
9e9a4f63-89b2-44dd-9f68-720f362d2b69,ACC-STUDENT-002,2025-04-13T17:11:00Z,147.5,NPR,DEBIT,COMPLETED,Daily Commute,Microbus,Transport
96307ced-36c9-4c4d-8ccf-158b4f3f3412,ACC-STUDENT-002,2025-06-24T09:13:00Z,318.7,NPR,DEBIT,COMPLETED,Taxi Ride,Pathao,Transport
5315751e-41f7-4cf2-aa8f-56994f31f03a,ACC-STUDENT-004,2025-02-03T09:18:00Z,197.48,NPR,DEBIT,COMPLETED,Ride Sharing,Local Taxi,Transport
a2fd9b86-0109-40fa-9fc0-093dcc3b53cd,ACC-STUDENT-002,2026-01-08T12:31:00Z,275.55,NPR,DEBIT,COMPLETED,Lunch,Local Eatery,Food
31948f83-3750-411a-9cc2-0f66cded3c2e,ACC-STUDENT-004,2025-04-23T17:23:00Z,154.45,NPR,DEBIT,COMPLETED,Micro Fare,Pathao,Transport
54ce40e1-63b8-4cc8-95f2-f3fef5f3c6a2,ACC-STUDENT-004,2025-08-26T08:30:00Z,121.08,NPR,DEBIT,COMPLETED,Americano,Himalayan Java,Coffee
40d4b3d9-876b-49b7-9eff-a27de5f0e3a6,ACC-STUDENT-001,2025-04-30 20:20:00,461.87,NPR,DEBIT,COMPLETED,Burger & Fries,Boba Shop,Food
1015e1b6-1ae6-4284-8787-44348b7dcd7c,ACC-STUDENT-002,2025-05-19T18:17:00Z,497.91,NPR,DEBIT,COMPLETED,,Microbus,Transport
367f753a-1177-46eb-ac54-ed28a115d0d7,ACC-STUDENT-002,2025-07-11T20:13:00Z,294.87,NPR,DEBIT,COMPLETED,Snacks,Local Eatery,Food
b23e64b1-a548-461b-b848-842bc88bf69e,ACC-STUDENT-005,2025-07-11T16:20:00Z,2029.8,NPR,DEBIT,COMPLETED,Gift for Mom,Daraz,Shopping
9dc212c4-9720-4a2f-9f84-c07dfd91adef,ACC-STUDENT-003,2025-04-07T13:12:00Z,421.94,NPR,DEBIT,COMPLETED,Lunch,Bakery,Food
40065435-c6c2-40cf-a0c0-36aff091217a,ACC-STUDENT-003,2025-04-19T19:00:00Z,217.99,NPR,DEBIT,COMPLETED,Breakfast,Boba Shop,Food
d070cb0b-c72f-479f-a0ac-2fb58c3bbbd2,ACC-STUDENT-002,2025-11-07T17:18:00Z,51.5,NPR,DEBIT,COMPLETED,Taxi Ride,Sajha Yatayat,Transport
63d5971e-c156-4ec6-802f-77881733e972,ACC-STUDENT-003,2025-04-10T14:30:00Z,7780.88,NPR,CREDIT,COMPLETED,Scholarship payout,Family Transfer,Income
6242822b-c8c0-47f8-9d69-de96428b9d85,ACC-STUDENT-003,2025-10-13T19:22:00Z,231.94,NPR,DEBIT,COMPLETED,Meals,Cafe,Food
3dc5c4f5-b9b6-483b-9966-e5a7149cba2b,ACC-STUDENT-004,2025-11-29T12:00:00Z,1549.98,NPR,DEBIT,COMPLETED,Vegetables & Fruits,Fresh Vegetable Vendor,Groceries
41169668-c641-4ebc-adcf-134d7bec10f4,ACC-STUDENT-004,2025-06-18T17:06:00Z,93.31,NPR,DEBIT,COMPLETED,Bus Ticket,Local Taxi,Transport
58f765d3-1896-4f9a-886b-d109c3146ef4,ACC-STUDENT-005,2025-02-13T19:29:00Z,626.6,NPR,DEBIT,COMPLETED,Burger & Fries,Restaurant,Food
26824567-f11e-49a0-8575-fc80ad526f96,ACC-STUDENT-005,2025-07-19T18:49:00Z,466.81,NPR,DEBIT,COMPLETED,Taxi Ride,Microbus,Transport
a6e25ca8-e315-48f2-90be-39a3c4180f7c,ACC-STUDENT-003,2025-03-05T12:01:00Z,170.21,NPR,DEBIT,COMPLETED,Meals,Cafe,Food
5b6178f6-ea46-4501-8ec8-1fa486888f0f,ACC-STUDENT-004,2025-06-04T18:20:00Z,424.77,NPR,DEBIT,COMPLETED,Micro Fare,Local Taxi,Transport
5165634e-fa88-4e51-8958-2ca90922c1cb,ACC-STUDENT-005,2025-11-11T09:04:00Z,393.08,NPR,DEBIT,COMPLETED,Taxi Ride,InDrive,Transport
69e46d25-f13e-49ab-8910-3b09070b9cf4,ACC-STUDENT-003,2025-08-12T08:30:00Z,149.87,NPR,DEBIT,COMPLETED,Iced Coffee,Red Mug Cafe,Coffee
b17fba93-2a13-47e2-9c32-c2e8c752e5da,ACC-STUDENT-003,2025-06-27T13:16:00Z,487.63,NPR,DEBIT,COMPLETED,Snacks,Cafe,Food
4571d6e5-66d4-4912-8df3-edd41af2084d,ACC-STUDENT-002,2025-05-17T12:00:00Z,2245.01,NPR,DEBIT,COMPLETED,Weekly Groceries,Fresh Vegetable Vendor,Groceries
8b4ab080-ec73-439e-b357-51e9ff96c238,ACC-STUDENT-002,2025-07-30T18:41:00Z,95.93,NPR,DEBIT,COMPLETED,Micro Fare,Bus,Transport
4c9eae14-35a4-4d08-9973-0b8c4d729fb7,ACC-STUDENT-003,2025/11/23,353.99,NPR,DEBIT,COMPLETED,Dinner,Boba Shop,Food
0e363fc8-628e-41ea-b801-1dbe6af66f89,ACC-STUDENT-003,2025-05-24T12:00:00Z,3117.09,NPR,DEBIT,COMPLETED,Rice and Oil,Bhatbhateni,GROCERIES
babf0295-c70d-4bd9-97ca-80ef9729b47b,ACC-STUDENT-001,2025-08-13T20:06:00Z,315.29,NPR,DEBIT,COMPLETED,Lunch,Cafe,Food
021d67f2-f5a7-41e1-b7df-872c9da89e34,ACC-STUDENT-002,2025/06/26,414.74,NPR,DEBIT,COMPLETED,Coke and Momo,Local Eatery,Food
78673037-1c36-4325-9590-9b9eaa9b6e4e,ACC-STUDENT-004,2025-08-27T17:11:00Z,368.03,NPR,DEBIT,COMPLETED,Ride Sharing,Bus,Transport
b6896519-e6f6-4071-a033-56856abbd70f,ACC-STUDENT-002,2025-06-12T09:48:00Z,423.73,NPR,DEBIT,COMPLETED,Daily Commute,Pathao,Transport
989b1ea2-0903-46fc-b708-459eeab53277,ACC-STUDENT-002,2025-01-20T20:59:00Z,517.98,NPR,DEBIT,COMPLETED,Coke and Momo,Canteen,Food
30e780bf-e5f9-46a1-b681-ce145291c9dd,ACC-STUDENT-002,2025-11-11T12:28:00Z,462.52,NPR,DEBIT,COMPLETED,Coke and Momo,Canteen,Food
18c3ee19-c56c-443f-a660-836003f94540,ACC-STUDENT-004,2025-12-20T16:20:00Z,5326.99,NPR,DEBIT,COMPLETED,T-shirt,Bhatbhateni Fashion,Shopping
6dc9e200-bee7-47de-8188-2f7c3a32eb9c,ACC-STUDENT-002,2025-05-30T13:09:00Z,373.68,NPR,DEBIT,COMPLETED,Meals,Boba Shop,Food
0cd5653b-c2ff-4bab-b64a-9eaad1658cf0,ACC-STUDENT-001,2025-02-18T17:27:00Z,421.58,NPR,DEBIT,COMPLETED,Bus Ticket,Local Taxi,Transport
c6e45b72-7f14-4383-92b3-b828c7c8f109,ACC-STUDENT-002,2025-07-04T17:17:00Z,163.43,NPR,DEBIT,COMPLETED,Ride Sharing,Bus,Transport
0cf0718f-3aa2-44b2-afe3-253c46e45d5e,ACC-STUDENT-003,2025-09-02T08:30:00Z,264.02,NPR,DEBIT,COMPLETED,Cappuccino,Beans Cafe,Coffee
19677aa7-3a79-4826-93e4-b9c508e29be8,ACC-STUDENT-005,2025-11-10T14:30:00Z,3948.46,NPR,CREDIT,COMPLETED,Scholarship payout,Part-time Gig,Income
a71f270b-9233-421b-9467-5fe3bfb9cf60,ACC-STUDENT-003,2025-12-13 17:29:00,248.44,NPR,DEBIT,COMPLETED,Daily Commute,Microbus,Transport
a78070b9-d587-4c93-a310-91364d2af4fd,ACC-STUDENT-002,2025-07-18T13:01:00Z,362.9,NPR,DEBIT,COMPLETED,Lunch,Canteen,Food
1844e935-4872-4d79-a0b7-23596cdad3d0,ACC-STUDENT-002,2025-05-24T12:27:00Z,590.07,NPR,DEBIT,COMPLETED,Coke and Momo,Cafe,FOOD
a8644a3a-af3e-42ed-bcd0-00d9dfb98f22,ACC-STUDENT-004,2025-04-18T12:17:00Z,318.38,NPR,DEBIT,COMPLETED,Burger & Fries,Canteen,Food
ffc77a57-d034-45cc-8ff0-1e64f7a35e3e,ACC-STUDENT-002,2025-06-17T09:49:00Z,223.26,NPR,DEBIT,COMPLETED,Taxi Ride,Sajha Yatayat,Transport
656be3da-28d1-463a-a751-ae96f4f7207b,ACC-STUDENT-004,2025-09-19T13:24:00Z,193.18,NPR,DEBIT,COMPLETED,Burger & Fries,Restaurant,Food
8fcb58bb-7467-437d-bfd0-43226d9fc04e,ACC-STUDENT-001,2025-05-20T18:02:00Z,427.58,NPR,DEBIT,COMPLETED,Daily Commute,Microbus,Transport
99bdb4cc-030f-4eec-a881-e081b79ff287,ACC-STUDENT-003,2025-03-08T12:00:00Z,3831.49,NPR,DEBIT,COMPLETED,Monthly Supplies,Big Mart,Groceries
c659ebe4-71c0-4ea8-9ee8-fed5c73df769,ACC-STUDENT-003,2025-11-09T09:42:00Z,396.64,NPR,DEBIT,COMPLETED,Ride Sharing,Bus,Transport
b778c25e-beb5-48cb-a843-7284329d3d4a,ACC-STUDENT-005,2025-08-14T18:25:00Z,126.91,NPR,DEBIT,COMPLETED,Daily Commute,Microbus,Transport
10f1e5d9-3cd1-48bf-8196-561756f6dbe7,ACC-STUDENT-004,2025-08-25T13:03:00Z,603.94,NPR,DEBIT,COMPLETED,Breakfast,,Food
a6f79616-a49f-4595-9ec4-cad69f56aa62,ACC-STUDENT-002,2025-02-05T11:15:00Z,1438.08,NPR,DEBIT,COMPLETED,WiFi Internet,Worldlink,utilities
2e7af25a-d2e7-4b5b-8660-5a41c14e5ded,ACC-STUDENT-003,2025-06-16T13:19:00Z,515.08,NPR,DEBIT,COMPLETED,Coke and Momo,Cafe,Food
41a98764-4cea-4335-99b4-c86d18779fb1,ACC-STUDENT-003,2025-12-24T16:20:00Z,4908.53,NPR,DEBIT,COMPLETED,T-shirt,Bhatbhateni Fashion,Shopping
739d032b-08b6-487b-adca-6153ff037b23,ACC-STUDENT-002,2025-06-03T17:31:00Z,213.61,NPR,DEBIT,COMPLETED,,Bus,Transport
02d55ebe-9335-4247-93ae-6456bc3c2cad,ACC-STUDENT-004,2025-01-21T18:54:00Z,379.51,NPR,DEBIT,COMPLETED,Daily Commute,Sajha Yatayat,Transport
38ff81e8-91f4-42dd-a52b-c174f0eb797d,ACC-STUDENT-003,2025-04-02T10:00:00Z,10370.1,NPR,DEBIT,COMPLETED,House Rent,Rent House Ltd,Utilities
04603660-323e-4081-96d7-50cd8110e5f6,ACC-STUDENT-005,2025-10-04T12:00:00Z,4488.15,NPR,DEBIT,COMPLETED,Weekly Groceries,Local Grocery,Groceries
70be0bb5-b96c-4102-a2bc-7b2da6f0c840,ACC-STUDENT-002,2026-01-11T12:00:00Z,4340.34,NPR,DEBIT,COMPLETED,Rice and Oil,Fresh Vegetable Vendor,Groceries
44292173-e6d1-4b5b-917d-1f277bc158b7,ACC-STUDENT-002,2025-11-10T14:30:00Z,7685.7,NPR,CREDIT,COMPLETED,Monthly Allowance,Part-time Gig,Income
6e8145f5-f3c7-4f4b-b87b-56e723fe7c3f,ACC-STUDENT-002,2025-05-14T18:47:00Z,92.55,NPR,DEBIT,COMPLETED,Bus Ticket,Pathao,Transport
9ac12297-c8cc-4eb7-9a15-b8453ab646a9,ACC-STUDENT-002,2025-10-27T19:24:00Z,588.93,NPR,DEBIT,COMPLETED,Snacks,Canteen,Food
26048c45-fb43-481c-92e1-6948116e22c0,ACC-STUDENT-001,2025-10-09T09:13:00Z,482.26,NPR,DEBIT,COMPLETED,Daily Commute,Bus,TRANSPORT
33dc844e-76fe-4c67-8193-2ce15078c1ac,ACC-STUDENT-003,2025-05-08T12:55:00Z,389.69,NPR,DEBIT,COMPLETED,Snacks,Bakery,Food
b9a97e02-b4dd-423a-80ae-dfa52663247a,ACC-STUDENT-004,2025-05-01T20:12:00Z,270.32,NPR,DEBIT,COMPLETED,Snacks,Boba Shop,Food
18890272-fea6-465d-8b6a-200e66f6ea58,ACC-STUDENT-004,2025-06-23T09:25:00Z,156.43,NPR,DEBIT,COMPLETED,Micro Fare,Sajha Yatayat,TRANSPORT
7efbb784-5267-4ca0-8872-c30069538e9c,ACC-STUDENT-001,2025-04-03T08:30:00Z,311.11,NPR,DEBIT,COMPLETED,,Coffee Point,Coffee
c5dacfc0-ef82-43d6-bd36-225a1c7d95ba,ACC-STUDENT-002,2025-12-13T12:00:00Z,2951.53,NPR,DEBIT,COMPLETED,Rice and Oil,Big Mart,Groceries
c2f4de3d-2cf6-4144-aa02-327933813688,ACC-STUDENT-002,2025-02-01T13:01:00Z,338.63,NPR,DEBIT,COMPLETED,Dinner,Cafe,Food
12fe9a19-b83a-406d-8b35-b9e538ba9bd0,ACC-STUDENT-003,2025-10-25T13:44:00Z,156.64,NPR,DEBIT,COMPLETED,Lunch,Burger House,Food
444db254-c4a0-4053-a6dd-aa3f3c86b405,ACC-STUDENT-005,2025-05-30T17:31:00Z,335.7,NPR,DEBIT,COMPLETED,Daily Commute,InDrive,Transport
5ac42105-4e44-4b68-8ae3-646c83e91b18,ACC-STUDENT-003,2025-11-04T19:29:00Z,Rs. 783.17,NPR,DEBIT,COMPLETED,Lunch,Restaurant,Food
ff46531c-da92-46e7-b642-42663a663c78,ACC-STUDENT-005,2025-05-22T17:16:00Z,303.93,NPR,DEBIT,COMPLETED,Micro Fare,Sajha Yatayat,Transport
b6516302-b550-42dc-9316-184bbafb9fc0,ACC-STUDENT-005,2025-11-17T18:44:00Z,83.92,NPR,DEBIT,COMPLETED,Bus Ticket,Sajha Yatayat,Transport
b44b47f0-0daa-45cc-9fbd-28e1684deea3,ACC-STUDENT-003,2025-06-20T12:03:00Z,225.91,NPR,DEBIT,COMPLETED,Breakfast,Bakery,Food
be1a3e5e-596e-4f79-b179-13f732bed6fb,ACC-STUDENT-002,2025-07-19T17:06:00Z,312.64,NPR,DEBIT,COMPLETED,Bus Ticket,Local Taxi,Transport
635d847b-56fe-435a-b28e-02c5b644870f,ACC-STUDENT-004,2025-10-16T18:16:00Z,96.48,NPR,DEBIT,COMPLETED,Bus Ticket,Pathao,Transport
38455754-5cef-40d0-9ae2-a8618e041168,ACC-STUDENT-004,2025-08-14T17:47:00Z,469.35,NPR,DEBIT,COMPLETED,Bus Ticket,Bus,Transport
55422cdc-96e0-4d1c-b4bb-53dd53e5f5f5,ACC-STUDENT-003,2025-02-05T13:56:00Z,502.3,NPR,DEBIT,COMPLETED,Lunch,Burger House,Food
bf037e7d-3b98-40b1-88b9-67162f791f8f,ACC-STUDENT-002,2025-02-09T18:30:00Z,767.22,NPR,DEBIT,COMPLETED,Spotify Premium,Gaming Zone,Entertainment
6e435999-8c23-4bf7-8935-db8a5cd67fa0,ACC-STUDENT-005,2025-05-25T12:00:00Z,2941.46,NPR,DEBIT,COMPLETED,,Bhatbhateni,Groceries
3a531337-6fae-4ea9-a7e0-d4b3ea70af6a,ACC-STUDENT-005,2025-08-15T18:03:00Z,459.97,NPR,DEBIT,COMPLETED,Bus Ticket,Local Taxi,Transport
f8ae9c6f-484a-4d4a-8b6d-096f95803936,ACC-STUDENT-005,2025-09-19T09:12:00Z,391.86,NPR,DEBIT,COMPLETED,Bus Ticket,InDrive,Transport
2ccc7ef7-579d-4957-b051-8f86b059bfb3,ACC-STUDENT-003,2025-12-04T18:52:00Z,289.93,NPR,DEBIT,COMPLETED,Bus Ticket,InDrive,Transport
43451a00-e525-4299-b12a-958206ae12c0,ACC-STUDENT-004,2025-11-05T09:50:00Z,281.95,NPR,DEBIT,COMPLETED,Ride Sharing,Pathao,Transport
5274c916-a0c0-4171-bf45-078137a9e919,ACC-STUDENT-001,2025-06-27T17:03:00Z,487.65,NPR,DEBIT,COMPLETED,Ride Sharing,Microbus,Transport
50daf133-4bef-4954-af3c-0601897bdb7a,ACC-STUDENT-004,2025-02-04T18:22:00Z,279.35,NPR,DEBIT,COMPLETED,Bus Ticket,Sajha Yatayat,Transport
fc94054d-040d-49b7-b932-069a70eab7b7,ACC-STUDENT-003,2025-07-16T08:30:00Z,183.07,NPR,DEBIT,COMPLETED,Latte,Himalayan Java,Coffee
c38dc8f9-0300-4b5c-8aad-b60fea051218,ACC-STUDENT-001,2025-08-25T20:40:00Z,412.89,NPR,DEBIT,COMPLETED,Dinner,Canteen,Food
f491f18d-f7bb-45c5-9285-b4115874d0d8,ACC-STUDENT-002,2025-04-16T18:39:00Z,216.04,NPR,DEBIT,COMPLETED,Daily Commute,Pathao,Transport
ef0705c5-8834-412a-a681-99be13809219,ACC-STUDENT-005,2025-06-02T19:50:00Z,228.99,NPR,DEBIT,COMPLETED,Breakfast,Cafe,Food
2d47a66a-1e2c-472f-9047-20e8b8ec805e,ACC-STUDENT-002,2025-12-11T13:42:00Z,203.42,NPR,DEBIT,COMPLETED,Meals,Burger House,Food
ab82d068-2357-4b20-99c4-f86df5588501,ACC-STUDENT-001,2025-10-21T20:55:00Z,538.12,NPR,DEBIT,COMPLETED,Meals,Cafe,Food
758f2de2-1bef-4697-8133-8b43121c7ea4,ACC-STUDENT-005,2025-09-20T20:25:00Z,596.17,NPR,DEBIT,COMPLETED,Lunch,Boba Shop,Food
8b614a6a-2a75-4658-b21a-69b34557279e,ACC-STUDENT-002,2025-03-09T12:00:00Z,2655.15,NPR,DEBIT,COMPLETED,Weekly Groceries,Saleways,Groceries
f5cd8273-9331-44e7-a169-78492a8cff1f,ACC-STUDENT-005,2025-03-30T18:34:00Z,305.42,NPR,DEBIT,COMPLETED,Ride Sharing,Local Taxi,Transport
b7e748d9-c9f2-4355-ae8e-05b73388803a,ACC-STUDENT-005,2025-12-01T17:27:00Z,220.86,NPR,DEBIT,COMPLETED,Micro Fare,Microbus,Transport
6622d70d-853a-47ec-b22f-7c5f316fc7e0,ACC-STUDENT-005,2025-10-30T08:30:00Z,282.43,NPR,DEBIT,COMPLETED,,Coffee Point,Coffee
65a4803c-328e-4b96-981e-75791bab4def,ACC-STUDENT-002,2025/02/23,5651.33,NPR,DEBIT,COMPLETED,Saree for Mother,Local Store,Shopping
3b0a2d9a-5a96-420a-9ba0-e52e891f0ded,ACC-STUDENT-005,2025-11-11T09:09:00Z,483.28,NPR,DEBIT,COMPLETED,Ride Sharing,Pathao,Transport
191ec097-0954-485d-a49f-c00f08880f6c,ACC-STUDENT-001,2025-04-15T08:30:00Z,262.39,NPR,DEBIT,COMPLETED,Latte,Himalayan Java,Coffee
721d8469-534a-4804-87c1-2492a9a45501,ACC-STUDENT-002,2026-01-10T17:31:00Z,496.53,NPR,DEBIT,COMPLETED,Taxi Ride,Microbus,Transport
8a9f96d0-8edd-4afd-952a-0f83ed5bb609,ACC-STUDENT-001,2025-05-30T17:28:00Z,200.63,NPR,DEBIT,COMPLETED,Bus Ticket,Pathao,Transport
7a42f12a-e793-4d5e-a26e-aac73772f8cd,ACC-STUDENT-004,2025-08-17T17:26:00Z,Rs. 245.98,NPR,DEBIT,COMPLETED,Daily Commute,Bus,Transport
144fe668-9778-4667-b329-2b36bcfd453c,ACC-STUDENT-005,2025-03-14T18:32:00Z,79.1,NPR,DEBIT,COMPLETED,Micro Fare,Local Taxi,Transport
85cbdab7-3c44-4fc3-882f-a8dd8cc3857e,ACC-STUDENT-004,2025-02-09T12:00:00Z,1928.13,NPR,DEBIT,COMPLETED,Monthly Supplies,Big Mart,Groceries
a12ed5e2-3629-4c51-aed5-dfb75132612d,ACC-STUDENT-003,2025-08-02T12:00:00Z,2812.91,NPR,DEBIT,COMPLETED,Vegetables & Fruits,Big Mart,Groceries
77c817eb-6642-47c9-abce-d7d5f299f19f,ACC-STUDENT-004,2025-12-14T12:00:00Z,2202.12,NPR,DEBIT,COMPLETED,Dairy Products,Local Grocery,Groceries
86a161ff-752f-4f3f-b2bf-6cd4f218c909,ACC-STUDENT-004,2025-08-17T12:00:00Z,4298.47,NPR,DEBIT,COMPLETED,,Fresh Vegetable Vendor,Groceries
abdaf220-53c1-46f2-87bc-d04bd2ad849e,ACC-STUDENT-002,2025-05-18 12:00:00,2399.13,NPR,DEBIT,COMPLETED,Vegetables & Fruits,Big Mart,Groceries
334c51bb-795d-40fc-a39b-158240633bdf,ACC-STUDENT-003,2025-11-10T09:27:00Z,450.13,NPR,DEBIT,COMPLETED,Bus Ticket,Sajha Yatayat,Transport
2db0c620-e914-4bac-9bb4-2d25fa070228,ACC-STUDENT-002,2025-03-28T18:08:00Z,220.52,NPR,DEBIT,COMPLETED,Daily Commute,Local Taxi,Transport
20ffdbb0-a29b-4f54-bf9a-e082c1458b9d,ACC-STUDENT-001,2025-11-02T13:03:00Z,270.15,NPR,DEBIT,COMPLETED,Meals,Burger House,Food
8a609a65-a6cd-47ca-acf5-80eb79dc3106,ACC-STUDENT-002,2026-01-08T08:30:00Z,270.76,NPR,DEBIT,COMPLETED,Cappuccino,Coffee Point,Coffee
a4d6c67b-0cc4-4bee-b197-5c6e81524296,ACC-STUDENT-003,2025-09-22T12:04:00Z,158.48,NPR,DEBIT,COMPLETED,Coke and Momo,Bakery,Food
2294bb98-193e-417d-9997-930ad8c36a9c,ACC-STUDENT-001,2025-03-24T08:30:00Z,210.51,NPR,DEBIT,COMPLETED,Chiya,Red Mug Cafe,Coffee
70078650-64d3-4829-9c35-ae8bc72a17d1,ACC-STUDENT-001,2025-05-15T08:00:00Z,417.84,NPR,DEBIT,COMPLETED,Spotify Premium,Spotify,ENTERTAINMENT
65d3be7f-bc2e-42ac-a724-9d7f3406819a,ACC-STUDENT-004,2025-07-16T08:30:00Z,192.52,NPR,DEBIT,COMPLETED,Chiya,Local Tea Stall,Coffee
480190ef-e554-42ca-9434-8992b68a81db,ACC-STUDENT-001,2025-06-20T09:02:00Z,-465.16,NPR,DEBIT,COMPLETED,Micro Fare,InDrive,Transport
cfe29671-ceeb-4017-9058-d03468d6766b,ACC-STUDENT-001,2025-04-30T17:52:00Z,205.31,NPR,DEBIT,COMPLETED,Ride Sharing,Local Taxi,Transport
995445c0-0792-4b5c-84ad-bdd35a9b0eeb,ACC-STUDENT-002,2025-11-08T13:40:00Z,168.88,NPR,DEBIT,COMPLETED,Lunch,Cafe,Food
b1b09dc1-08c0-4d25-a67f-cff81816f46b,ACC-STUDENT-002,2025-12-08T17:56:00Z,466.23,NPR,DEBIT,COMPLETED,Ride Sharing,Bus,Transport
3c1cff74-c017-4e33-a7ed-f0e764d98c2a,ACC-STUDENT-001,2025-08-12T08:30:00Z,122.72,NPR,DEBIT,COMPLETED,Cappuccino,Coffee Point,Coffee
0aa53b4d-66fe-4222-b29b-78d4645f0456,ACC-STUDENT-004,2025-01-28T09:09:00Z,82.16,NPR,DEBIT,COMPLETED,Bus Ticket,Sajha Yatayat,Transport
fef21f47-ea89-4782-9799-f57373426035,ACC-STUDENT-002,2025-07-15T17:42:00Z,73.29,NPR,DEBIT,COMPLETED,Daily Commute,Pathao,Transport
e2907d2b-7ce3-4db3-845d-db3bfb4d2211,ACC-STUDENT-002,2025-04-09T17:29:00Z,309.26,NPR,DEBIT,COMPLETED,Daily Commute,Local Taxi,Transport
1ce2811f-2e9e-4bd3-84d5-4275b30dbbbf,ACC-STUDENT-002,2025-11-04T19:46:00Z,612.82,NPR,DEBIT,COMPLETED,Breakfast,,Food
ec234786-28e2-481f-b067-f3fb4e9e0fef,ACC-STUDENT-003,2025-04-12T20:31:00Z,732.78,NPR,DEBIT,COMPLETED,Breakfast,Boba Shop,Food
37395e0d-7678-4c2d-99f6-8f58c8cf4687,ACC-STUDENT-002,2025-04-24T13:48:00Z,433.59,NPR,DEBIT,COMPLETED,Dinner,Boba Shop,Food
a72e4b8f-cbd5-46ac-90c7-db920c91a515,ACC-STUDENT-005,2025-06-15T18:31:00Z,372.95,NPR,DEBIT,COMPLETED,Ride Sharing,Pathao,Transport
2e36ecab-f045-4037-a322-b447eb1c4c44,ACC-STUDENT-004,2025-09-03T08:30:00Z,308.71,NPR,DEBIT,COMPLETED,Americano,Beans Cafe,Coffee
290a0179-c1e7-4ab6-aa1f-28ad8de16880,ACC-STUDENT-001,2026-01-05T08:30:00Z,303.64,NPR,DEBIT,COMPLETED,Latte,Red Mug Cafe,Coffee
cc5a53c4-b86b-4f80-a814-c0f719cf71b3,ACC-STUDENT-005,2025-07-03T18:45:00Z,122.07,NPR,DEBIT,COMPLETED,Bus Ticket,Microbus,Transport
e9705b69-011d-4345-9c1f-6c69dcfdeb12,ACC-STUDENT-002,2025-12-31T18:08:00Z,93.48,NPR,DEBIT,COMPLETED,Bus Ticket,Microbus,Transport
92c7e452-629e-4a8b-aa33-74c96908e2c7,ACC-STUDENT-003,2025-06-19T09:30:00Z,0.0,NPR,DEBIT,COMPLETED,Daily Commute,Bus,Transport
2f9a5037-a09f-4ca6-910a-2022c74566c0,ACC-STUDENT-005,2025-07-26T09:57:00Z,119.22,NPR,DEBIT,COMPLETED,Ride Sharing,InDrive,Transport
5b035156-7eef-4cd3-bdfc-d94eb97dfd22,ACC-STUDENT-005,2025-02-19T13:06:00Z,597.94,NPR,DEBIT,COMPLETED,Dinner,Local Eatery,Food
80f54e26-37b6-4fb0-9dbf-b0e11be2123a,ACC-STUDENT-004,2025-06-04T08:30:00Z,302.88,NPR,DEBIT,COMPLETED,Iced Coffee,Beans Cafe,Coffee
5c22ab2f-ce6d-4b0e-a274-7f70c42552e0,ACC-STUDENT-003,2025-06-03T08:30:00Z,112.08,NPR,DEBIT,COMPLETED,Latte,Red Mug Cafe,Coffee
85a79bfc-d1cb-4d39-b5a7-ac6077592798,ACC-STUDENT-001,2025-03-06T09:39:00Z,80.79,NPR,DEBIT,COMPLETED,Taxi Ride,,Transport
ff6f916c-f471-42a8-b378-5f492f1f9bdf,ACC-STUDENT-003,2025-05-09T09:56:00Z,179.24,NPR,DEBIT,COMPLETED,,Local Taxi,Transport
00f25def-78ad-4ad5-9dd7-4af6bef00054,ACC-STUDENT-001,2025/08/27,522.27,NPR,DEBIT,COMPLETED,Snacks,Local Eatery,Food
659a1ecd-4014-460a-a6dc-d3fc72f66064,ACC-STUDENT-005,2025-03-16T18:30:00Z,723.98,NPR,DEBIT,COMPLETED,Spotify Premium,Fuzz Factory,Entertainment
9e950acb-abf2-4199-a931-38b256b50b1e,ACC-STUDENT-004,2025-08-22T13:36:00Z,150.52,NPR,DEBIT,COMPLETED,Snacks,Boba Shop,Food
f16e4ffd-66f2-476c-a5d9-9835f8da86ff,ACC-STUDENT-003,2025-10-26T18:30:00Z,957.24,NPR,DEBIT,COMPLETED,Popcorn & Soda,One Cinemas,Entertainment
49f5c555-1e7e-47c2-9969-b23e1d04afa7,ACC-STUDENT-002,2025/08/03,4199.61,NPR,DEBIT,COMPLETED,Vegetables & Fruits,Bhatbhateni,Groceries
fdbf602f-ec30-4b8f-9fb4-a6e4a64dbd19,ACC-STUDENT-004,2025-02-06T08:30:00Z,146.48,NPR,DEBIT,COMPLETED,Chiya,Himalayan Java,Coffee
3645a66a-9772-4f51-9e4e-dfa6e7bb9b14,ACC-STUDENT-004,2025-11-20T17:27:00Z,89.83,NPR,DEBIT,COMPLETED,Micro Fare,Sajha Yatayat,Transport
f61cbe01-8696-47b7-8ded-ebb8bc922ec4,ACC-STUDENT-004,2025-07-20T12:00:00Z,2916.93,NPR,DEBIT,COMPLETED,Rice and Oil,Bhatbhateni,Groceries
51bec5d3-b45d-4d94-8f9d-6c0c4c4d06e1,ACC-STUDENT-003,2025-04-02T17:07:00Z,321.98,NPR,DEBIT,COMPLETED,Micro Fare,Sajha Yatayat,Transport
e68eaca8-e788-4c73-b46b-56fe16b9091f,ACC-STUDENT-004,2025-09-24T17:00:00Z,291.22,NPR,DEBIT,COMPLETED,,Local Taxi,Transport
548477aa-fd8d-4725-b9bf-5fed6fabb158,ACC-STUDENT-005,2025-04-02T12:11:00Z,437.9,NPR,DEBIT,COMPLETED,Burger & Fries,Cafe,Food
51d8b6c0-4997-4855-806f-bf9a832d1687,ACC-STUDENT-001,2025-06-14T12:02:00Z,214.72,NPR,DEBIT,COMPLETED,Breakfast,Boba Shop,food
78514dbb-a9c3-4007-ba85-55ad19c896be,ACC-STUDENT-003,2025-09-16T18:16:00Z,128.76,NPR,DEBIT,COMPLETED,Ride Sharing,Pathao,Transport
a6b48b6d-bf25-4caf-b2d1-78713ef20050,ACC-STUDENT-003,2025-08-20T18:59:00Z,229.55,NPR,DEBIT,COMPLETED,Taxi Ride,Local Taxi,Transport
934ddda1-9cb8-464b-912a-5899f8835462,ACC-STUDENT-001,2025-12-14T12:00:00Z,2896.6,NPR,DEBIT,COMPLETED,Monthly Supplies,Big Mart,Groceries
d6e60bdf-8380-4f44-acb9-808cbb8b1670,ACC-STUDENT-003,2025-11-22T12:00:00Z,2445.77,NPR,DEBIT,COMPLETED,Dairy Products,Saleways,Groceries
357731bb-d65b-4234-89d6-14631200dd84,ACC-STUDENT-004,2025-05-20T17:52:00Z,292.37,NPR,DEBIT,COMPLETED,Ride Sharing,Bus,transport
78f34f97-b3ad-45c5-b7e6-f7ef70343bd1,ACC-STUDENT-001,2025-08-05T13:38:00Z,279.84,NPR,DEBIT,COMPLETED,Dinner,Boba Shop,Food
6a7ca2de-b4f8-4d02-8087-56899f765c32,ACC-STUDENT-003,2025-11-06T17:51:00Z,78.61,NPR,DEBIT,COMPLETED,Ride Sharing,Local Taxi,Transport
73081262-791a-4c85-a4a7-89535281c992,ACC-STUDENT-003,2025-10-15T19:02:00Z,655.89,NPR,DEBIT,COMPLETED,Lunch,Bakery,Food
a7bfed6b-dad2-4603-ba1c-a4999c601c4b,ACC-STUDENT-004,2025-09-04T20:26:00Z,345.1,NPR,DEBIT,COMPLETED,Dinner,Bakery,Food
a956fa23-99c3-40fb-8e0f-3c0a11586cb5,ACC-STUDENT-005,2025-04-15T13:24:00Z,-594.03,NPR,DEBIT,COMPLETED,Lunch,,Food
8c94dde1-4f5f-47f2-892d-d92881d73d60,ACC-STUDENT-001,2025-04-22T17:59:00Z,309.96,NPR,DEBIT,COMPLETED,Taxi Ride,Pathao,Transport
e69ee246-e59f-429e-9bcd-2a697285fdc9,ACC-STUDENT-004,2025-01-26T20:16:00Z,781.58,NPR,DEBIT,COMPLETED,Dinner,Canteen,Food
b0981a80-d81c-423d-bdff-eb01f1c592d9,ACC-STUDENT-004,2025-01-19T18:30:00Z,645.54,NPR,DEBIT,COMPLETED,,One Cinemas,Entertainment
86216ccc-4e1f-48e8-b560-8ecbfaeed37a,ACC-STUDENT-002,2025-10-06T08:30:00Z,151.12,NPR,DEBIT,COMPLETED,Cappuccino,Beans Cafe,Coffee
d14334dd-6933-4b58-bb09-d3467ad167ae,ACC-STUDENT-004,2025-03-26T13:52:00Z,229.0,NPR,DEBIT,COMPLETED,Burger & Fries,Canteen,Food
12d0504d-e5f6-4d62-8434-f3ad552b1f1e,ACC-STUDENT-001,2025-09-26T08:30:00Z,108.79,NPR,DEBIT,COMPLETED,Chiya,Beans Cafe,Coffee
2387bb48-3fbd-4924-80f1-3fd0a4f853dd,ACC-STUDENT-005,2025-09-23T12:57:00Z,524.47,NPR,DEBIT,COMPLETED,Snacks,Boba Shop,Food
a3ff40d7-bd25-4c55-9aba-d839b92c8021,ACC-STUDENT-005,2026-01-04T19:28:00Z,495.09,NPR,DEBIT,COMPLETED,Dinner,Local Eatery,Food
2618f2bf-1d72-40f7-9ba8-2be60578e056,ACC-STUDENT-004,2025-09-05T11:15:00Z,2135.58,NPR,DEBIT,COMPLETED,WiFi Internet,Worldlink,Utilities
02da1185-fac0-4773-812c-bc76ca1bf29d,ACC-STUDENT-005,2025-02-26T09:26:00Z,402.43,NPR,DEBIT,COMPLETED,Taxi Ride,Sajha Yatayat,Transport
14ccf3cb-e02a-4e23-b700-0574d9f4c225,ACC-STUDENT-005,2025-12-04T13:14:00Z,682.15,NPR,DEBIT,COMPLETED,Dinner,Boba Shop,Food
2b58dbea-3c68-4ced-82a1-d57c83adf325,ACC-STUDENT-003,2025-06-02 12:25:00,623.49,NPR,DEBIT,COMPLETED,Breakfast,Cafe,Food
caf66a5a-8a68-46d0-9906-47004222d9fc,ACC-STUDENT-002,2025-05-14T12:37:00Z,522.44,NPR,DEBIT,COMPLETED,Burger & Fries,Bakery,Food
cf9995ec-7236-4b72-983b-094ac6265135,ACC-STUDENT-003,2025-07-31T13:30:00Z,330.17,NPR,DEBIT,COMPLETED,Breakfast,Burger House,Food
8f6e0193-6dab-4e1a-a7ca-d91d38854ac4,ACC-STUDENT-004,2025-04-15T08:30:00Z,115.22,NPR,DEBIT,COMPLETED,Chiya,Coffee Point,Coffee
a5f2ef5d-bbaf-4f15-b262-849fffdc7550,ACC-STUDENT-005,2025-10-15T17:43:00Z,438.57,NPR,DEBIT,COMPLETED,Taxi Ride,Sajha Yatayat,Transport
ec05012b-0745-4c83-91dd-3233f38dbf3d,ACC-STUDENT-002,2025-06-23T20:08:00Z,Rs. 633.04,NPR,DEBIT,COMPLETED,Snacks,Local Eatery,Food
2b6134f5-46bd-43d7-9bdb-e1b9c0aa6b5e,ACC-STUDENT-001,2025-10-01T20:44:00Z,664.43,NPR,DEBIT,COMPLETED,Dinner,Canteen,Food
9579c09f-df94-449f-8529-793f474845fa,ACC-STUDENT-002,2025-09-15T17:44:00Z,110.57,NPR,DEBIT,COMPLETED,Ride Sharing,Microbus,Transport
435802a4-c328-4f08-8b8e-398eb0b53568,ACC-STUDENT-001,2025-12-09T09:38:00Z,131.0,NPR,DEBIT,COMPLETED,Micro Fare,InDrive,Transport
56309d06-7bfe-43b7-adc9-fa32ee1979c4,ACC-STUDENT-004,2025-03-16T19:10:00Z,382.0,NPR,DEBIT,COMPLETED,Burger & Fries,Boba Shop,Food
2f6c4579-8613-47ee-831a-3beb1d27bc09,ACC-STUDENT-001,2025-01-18T12:00:00Z,2686.9,NPR,DEBIT,COMPLETED,Monthly Supplies,Big Mart,Groceries
7f5063ef-1798-44bc-b5fc-2d04937784fa,ACC-STUDENT-005,2025-08-05T09:57:00Z,230.47,NPR,DEBIT,COMPLETED,Daily Commute,Microbus,Transport
ded36353-f286-4fad-81fd-8bf214b8c475,ACC-STUDENT-003,2025-05-18T18:30:00Z,1125.41,NPR,DEBIT,COMPLETED,,Fuzz Factory,Entertainment
4aa6034b-ef00-485b-8e14-c3387cb0397a,ACC-STUDENT-003,2025-07-30T09:49:00Z,117.15,NPR,DEBIT,COMPLETED,Bus Ticket,Pathao,Transport
4a894d3f-f004-42d0-b4d5-5ee74a00bb1a,ACC-STUDENT-003,2025-11-23T09:23:00Z,193.29,NPR,DEBIT,COMPLETED,Bus Ticket,Bus,Transport
4a5bc4b5-e166-4a83-944e-fe1b5d1082c7,ACC-STUDENT-001,2025-04-13T12:00:00Z,4110.11,NPR,DEBIT,COMPLETED,Rice and Oil,Fresh Vegetable Vendor,Groceries
3adbfe50-553f-430a-82b1-05a5aaa9c048,ACC-STUDENT-005,2025-12-26T19:17:00Z,510.08,NPR,DEBIT,COMPLETED,Meals,Boba Shop,Food
fb29f5af-074f-434a-b9b6-70dde5b3127a,ACC-STUDENT-004,2025-08-12T20:14:00Z,217.9,NPR,DEBIT,COMPLETED,Snacks,Local Eatery,Food
c82a444b-552b-45ee-a8ea-e8bbf7c5d918,ACC-STUDENT-003,2025-11-15T12:00:00Z,3302.8,NPR,DEBIT,COMPLETED,Vegetables & Fruits,Fresh Vegetable Vendor,Groceries
2436a88b-b8d5-47bc-8b5d-d63566f6382c,ACC-STUDENT-004,2025-05-05T13:12:00Z,615.02,NPR,DEBIT,COMPLETED,Snacks,Restaurant,Food
2bdd4630-5f30-4f85-9c49-8008fe19de65,ACC-STUDENT-001,2025-11-20T08:30:00Z,275.56,NPR,DEBIT,COMPLETED,Iced Coffee,Beans Cafe,Coffee
aa952bae-53be-4cb1-a66b-2994cbd151f5,ACC-STUDENT-001,2025-09-07T12:00:00Z,-3883.85,NPR,DEBIT,COMPLETED,Vegetables & Fruits,Fresh Vegetable Vendor,Groceries
2e8e2263-be1e-48a0-a108-b41530053bcf,ACC-STUDENT-003,2025-11-07T09:00:00Z,253.94,NPR,DEBIT,COMPLETED,Taxi Ride,Pathao,Transport
e8afb40a-4c87-498e-889f-9fbc3c14169b,ACC-STUDENT-004,2025-03-27T17:03:00Z,381.11,NPR,DEBIT,COMPLETED,Micro Fare,Local Taxi,Transport
0bae4f4d-40b4-44cf-953d-7d46e4197998,ACC-STUDENT-001,2025-10-29T08:30:00Z,173.6,NPR,DEBIT,COMPLETED,Americano,Coffee Point,Coffee
e869f256-512e-4d2f-bde8-4e0967c5e98d,ACC-STUDENT-002,2025-06-20T17:53:00Z,317.27,NPR,DEBIT,COMPLETED,Ride Sharing,Bus,Transport
74582513-461e-48a3-9ae5-8673dbaf78d6,ACC-STUDENT-001,2025-12-31T19:40:00Z,692.26,NPR,DEBIT,COMPLETED,Snacks,Canteen,Food
97381996-7e70-4b71-b1bd-3563bf95d645,ACC-STUDENT-002,2025-06-10T13:52:00Z,437.42,NPR,DEBIT,COMPLETED,Dinner,Restaurant,Food
84336611-7a11-4134-8c9c-bc21fa5af75a,ACC-STUDENT-003,2025-12-07T09:21:00Z,312.06,NPR,DEBIT,COMPLETED,Micro Fare,Bus,Transport
a1b4cdaa-2e95-42eb-b730-740e0beddc92,ACC-STUDENT-001,2025-11-01T09:00:00Z,34609.66,NPR,CREDIT,COMPLETED,,Family Transfer,Income
baaf5911-0bcd-484a-894e-0c4657e92e1c,ACC-STUDENT-003,2025-05-09T12:47:00Z,448.19,NPR,DEBIT,COMPLETED,Dinner,Cafe,Food
26c8ba4f-e081-4cf6-91d9-f5e0213f22d3,ACC-STUDENT-005,2025-12-24T08:30:00Z,223.2,NPR,DEBIT,COMPLETED,Iced Coffee,Beans Cafe,Coffee
f22621a9-8e11-40f6-9444-2549e697e7b9,ACC-STUDENT-001,2025-12-13T19:08:00Z,447.53,NPR,DEBIT,COMPLETED,Lunch,Burger House,Food
a1d984e3-a0ff-4cea-bd1e-60a6ec10f59f,ACC-STUDENT-005,2025-03-29T20:27:00Z,760.33,NPR,DEBIT,COMPLETED,Meals,Canteen,Food
d37040b9-8d68-4c6c-87ec-15d0467c4a78,ACC-STUDENT-005,2025-03-30T12:00:00Z,1998.74,NPR,DEBIT,COMPLETED,Rice and Oil,Big Mart,Groceries
10970d37-aeef-465d-b874-0dd3bf2df66a,ACC-STUDENT-002,2025-09-06T19:02:00Z,509.72,NPR,DEBIT,COMPLETED,Lunch,Canteen,Food
1fb60522-b2b6-44ae-822a-6d96657cbac4,ACC-STUDENT-003,2025-11-26T17:02:00Z,304.88,NPR,DEBIT,COMPLETED,Bus Ticket,Sajha Yatayat,Transport
2717a804-a0e6-458e-9e9c-0ba4ddbbbf29,ACC-STUDENT-003,2025-04-16T13:46:00Z,197.74,NPR,DEBIT,COMPLETED,Breakfast,Restaurant,Food
5a73e765-07cf-4419-be0d-4daf0d449b1f,ACC-STUDENT-002,2025-05-14T08:30:00Z,129.16,NPR,DEBIT,COMPLETED,Americano,Local Tea Stall,Coffee
edeab172-6e90-4377-b3ad-ab34c1b559be,ACC-STUDENT-005,2025-10-15T17:28:00Z,109.95,NPR,DEBIT,COMPLETED,Micro Fare,Sajha Yatayat,Transport
f54f2f48-5770-42c0-8a7b-0cb4df969f93,ACC-STUDENT-004,2025-03-18 18:11:00,161.21,NPR,DEBIT,COMPLETED,Daily Commute,Bus,Transport
6fac3af2-43ab-46bd-ad38-95ddd7b7dc38,ACC-STUDENT-004,2025-10-30T08:30:00Z,272.73,NPR,DEBIT,COMPLETED,Americano,Coffee Point,Coffee
24cc861f-9adf-4bdf-8079-05e88e8cba09,ACC-STUDENT-004,2025-10-06T08:30:00Z,349.19,NPR,DEBIT,COMPLETED,Latte,Red Mug Cafe,Coffee
b7c27d25-fe32-4220-8d9e-dab47e776612,ACC-STUDENT-005,2025-12-05T11:15:00Z,1494.17,NPR,DEBIT,COMPLETED,WiFi Internet,Worldlink,Utilities
1e6658b2-460a-4328-9ab9-02fe122b0882,ACC-STUDENT-003,2025-02-28T12:38:00Z,388.74,NPR,DEBIT,COMPLETED,Breakfast,Bakery,Food
6858c4c5-77d1-42d6-8762-d46a90d62b4b,ACC-STUDENT-004,2025-06-15T20:43:00Z,766.54,NPR,DEBIT,COMPLETED,Coke and Momo,Burger House,Food
c745682d-17c0-4400-8e47-8a6e33cf4435,ACC-STUDENT-003,2025-02-01T12:00:00Z,2078.71,NPR,DEBIT,COMPLETED,Rice and Oil,Saleways,Groceries
7476f8da-d9a6-45f6-a6e5-840e2da69219,ACC-STUDENT-004,2025-04-03T09:24:00Z,72.41,NPR,DEBIT,COMPLETED,Bus Ticket,Pathao,transport
a4f79df7-0a32-4073-9306-6dda91ba1935,ACC-STUDENT-003,2025-08-13T17:27:00Z,420.44,NPR,DEBIT,COMPLETED,Daily Commute,Local Taxi,Transport
8a1ad73b-2c80-4f3b-9128-91ef3842118d,ACC-STUDENT-004,2025-06-24T16:20:00Z,4237.4,NPR,DEBIT,COMPLETED,Shopping,Clothing Shop,Shopping
aba41932-21f5-4351-a784-46efdc4b7b70,ACC-STUDENT-003,2025-03-26T19:25:00Z,328.19,NPR,DEBIT,COMPLETED,Coke and Momo,Restaurant,Food
ba7fa822-7522-4c7d-a1ce-d0354ee13da2,ACC-STUDENT-001,2025-10-25T19:09:00Z,656.42,NPR,DEBIT,COMPLETED,Meals,Cafe,Food
68e9b2c0-3745-4645-9177-d85de18d5360,ACC-STUDENT-005,2025-10-13T08:30:00Z,103.47,NPR,DEBIT,COMPLETED,Iced Coffee,Himalayan Java,Coffee
a5789de9-989e-4a9c-ba81-730e68e8a6c1,ACC-STUDENT-002,2025-03-19T13:10:00Z,364.0,NPR,DEBIT,COMPLETED,Meals,Burger House,Food
6812505d-3b78-40d1-91c8-13dc7258c954,ACC-STUDENT-001,2025-07-30T09:00:00Z,253.42,NPR,DEBIT,COMPLETED,Ride Sharing,Pathao,Transport
153a0cc4-488f-4fee-bb33-6f11a57a3f6c,ACC-STUDENT-005,2025-02-16T19:40:00Z,259.06,NPR,DEBIT,COMPLETED,Meals,Bakery,Food
b84ab3e5-1778-470b-aa7d-e26303cd4a97,ACC-STUDENT-002,2025-08-19T19:37:00Z,551.36,NPR,DEBIT,COMPLETED,Snacks,Canteen,Food
ef87d19b-faeb-4eca-bf80-165af295212c,ACC-STUDENT-002,2025-08-06T18:11:00Z,169.39,NPR,DEBIT,COMPLETED,Taxi Ride,Local Taxi,Transport
b63de283-266b-42f9-b362-ee0e99ee41bb,ACC-STUDENT-001,2025-07-18T09:36:00Z,400.8,NPR,DEBIT,COMPLETED,Taxi Ride,InDrive,Transport
44685bf1-5f5b-4bf4-bdd8-1064d4e0edd7,ACC-STUDENT-001,2025-01-23T17:42:00Z,268.44,NPR,DEBIT,COMPLETED,,Pathao,Transport
7d27a5a7-6bc4-4815-8d98-4023de5655ba,ACC-STUDENT-005,2025-11-26T18:41:00Z,409.45,NPR,DEBIT,COMPLETED,Taxi Ride,Bus,Transport
b55c2318-1027-402a-8750-afacae396aac,ACC-STUDENT-001,2025-01-27T12:47:00Z,353.84,NPR,DEBIT,COMPLETED,Meals,Local Eatery,Food
f196016c-a83f-42c5-9003-fca3a4a63606,ACC-STUDENT-002,2025-06-29T18:55:00Z,486.03,NPR,DEBIT,COMPLETED,Daily Commute,Sajha Yatayat,Transport
0ec3258f-58b3-489f-a06d-7d9d05b0cd78,ACC-STUDENT-001,2025-10-12T12:00:00Z,2580.03,NPR,DEBIT,COMPLETED,Monthly Supplies,Local Grocery,Groceries
a3cba8f6-2c9d-4bc5-bcaa-33bcbb872982,ACC-STUDENT-002,2025-04-10T17:48:00Z,298.77,NPR,DEBIT,COMPLETED,Taxi Ride,Bus,Transport
b7c67a8c-5fc0-4ac3-9a3b-1d77dacfec17,ACC-STUDENT-003,2025-09-25T20:54:00Z,776.2,NPR,DEBIT,COMPLETED,Burger & Fries,Local Eatery,Food
6d763fe5-8071-4a63-968a-8cd886d4ffce,ACC-STUDENT-004,2025-11-11T09:43:00Z,220.94,NPR,DEBIT,COMPLETED,Taxi Ride,Pathao,Transport
6b9eda1e-c7a8-434f-ae19-abc568905d90,ACC-STUDENT-003,2025-11-19T13:10:00Z,747.77,NPR,DEBIT,COMPLETED,Burger & Fries,Canteen,Food
541c5ef2-2cd8-4e88-8ee8-db4e812b038e,ACC-STUDENT-002,2025-07-19T12:00:00Z,3927.04,NPR,DEBIT,COMPLETED,Monthly Supplies,Fresh Vegetable Vendor,Groceries
a45cf8d0-9edf-4193-b126-89c1c6d2cb06,ACC-STUDENT-005,2025/08/26,315.2,NPR,DEBIT,COMPLETED,Bus Ticket,InDrive,Transport
27c92967-2d51-4a82-ac85-0db3e14fe273,ACC-STUDENT-005,2025-06-06T12:29:00Z,621.67,NPR,DEBIT,COMPLETED,Meals,Cafe,Food
724f9d46-7d22-4894-8cfa-05ffdfe3a990,ACC-STUDENT-001,2025-06-23T09:49:00Z,454.95,NPR,DEBIT,COMPLETED,Taxi Ride,Sajha Yatayat,Transport
f0822035-68c0-4d65-a51b-44e4a3fcac68,ACC-STUDENT-002,2025-07-06T16:20:00Z,2150.78,NPR,DEBIT,COMPLETED,Birthday Gift,Bhatbhateni Fashion,Shopping
090f835e-c1a8-4cd5-8523-89a7cc2bbaf1,ACC-STUDENT-003,2025-05-26T17:32:00Z,152.53,NPR,DEBIT,COMPLETED,Taxi Ride,Local Taxi,Transport
d07de675-44e9-41cb-a819-a4c5d5218194,ACC-STUDENT-001,2025-01-31T16:20:00Z,2166.42,NPR,DEBIT,COMPLETED,Birthday Gift,Local Store,Shopping
efd6d69a-5167-4cb1-92c3-842f0a99fa8a,ACC-STUDENT-001,2025-11-03T17:53:00Z,297.71,NPR,DEBIT,COMPLETED,Taxi Ride,Sajha Yatayat,Transport
ae94684c-7d64-4b0d-a6f9-5457c0dca245,ACC-STUDENT-004,2025-11-17T08:30:00Z,100.65,NPR,DEBIT,COMPLETED,Americano,Red Mug Cafe,Coffee
eabd7c8d-a233-4c17-b47c-d128799a02fe,ACC-STUDENT-003,2025-07-18T13:31:00Z,776.01,NPR,DEBIT,COMPLETED,Coke and Momo,Cafe,Food
36938229-4a4f-4854-99c0-aab6c2d22e68,ACC-STUDENT-001,2025-03-19T08:30:00Z,251.36,NPR,DEBIT,COMPLETED,Americano,Himalayan Java,Coffee
11212e60-cf50-416c-84ba-f88284b2c8e0,ACC-STUDENT-004,2025-08-30T12:00:00Z,4473.64,NPR,DEBIT,COMPLETED,Vegetables & Fruits,Fresh Vegetable Vendor,Groceries
a8df4fd4-f083-4037-809e-472362bacb21,ACC-STUDENT-004,2025-02-10T17:07:00Z,435.06,NPR,DEBIT,COMPLETED,Ride Sharing,Local Taxi,Transport
8926bc08-d7e2-44ee-b039-e3da4b15ad5e,ACC-STUDENT-001,2025-10-14T08:30:00Z,164.06,NPR,DEBIT,COMPLETED,Chiya,Himalayan Java,Coffee
6d42c5fb-70e2-42d5-91cd-e63187aa576e,ACC-STUDENT-004,2025-04-26T12:37:00Z,267.22,NPR,DEBIT,COMPLETED,Meals,Restaurant,Food
494d076c-6d06-4fef-a56f-123d6c833dd1,ACC-STUDENT-002,2025-03-04T09:55:00Z,377.54,NPR,DEBIT,COMPLETED,Daily Commute,InDrive,Transport
ad9ff295-cf9b-4a37-90bf-cec47ec9ef21,ACC-STUDENT-002,2025-12-01T09:00:00Z,27768.65,NPR,CREDIT,COMPLETED,Monthly Allowance,Family Transfer,Income
97b6e4a1-2540-453a-ba63-8496f218eb95,ACC-STUDENT-004,2025-04-25T17:58:00Z,316.08,NPR,DEBIT,COMPLETED,Ride Sharing,Local Taxi,Transport
f1748cf2-d2d8-4295-ad81-22b5302cdc11,ACC-STUDENT-002,2025-02-11T13:33:00Z,428.03,NPR,DEBIT,COMPLETED,Burger & Fries,Canteen,Food
553895e1-b957-4b44-81b4-4f0ed1793d2a,ACC-STUDENT-003,2025-07-28T18:12:00Z,127.97,NPR,DEBIT,COMPLETED,Daily Commute,Local Taxi,Transport
fb314464-1d52-4a6b-bfa2-86f5b1b524fa,ACC-STUDENT-005,2025-04-10T14:30:00Z,5463.91,NPR,CREDIT,COMPLETED,Scholarship payout,Freelance Work,Income
4acf409b-4fd7-4107-b728-12172938712b,ACC-STUDENT-004,2025-11-10T20:06:00Z,394.53,NPR,DEBIT,COMPLETED,Coke and Momo,,Food
a97f901d-676c-48c9-9595-77f034ec3b05,ACC-STUDENT-005,2025-04-06T09:07:00Z,482.33,NPR,DEBIT,COMPLETED,Ride Sharing,Bus,Transport
ae57a02c-270d-40ae-9cdb-ecaa4ba4d84d,ACC-STUDENT-002,2025-04-11T20:10:00Z,314.3,NPR,DEBIT,COMPLETED,Burger & Fries,Canteen,Food
834b4dd1-077c-4971-b365-b2770e087cb3,ACC-STUDENT-001,2025-12-04T17:04:00Z,406.73,NPR,DEBIT,COMPLETED,Taxi Ride,Sajha Yatayat,Transport
3dca99ac-80c4-430a-b1f8-23b7865f327e,ACC-STUDENT-005,2025-11-14T12:35:00Z,430.55,NPR,DEBIT,COMPLETED,Breakfast,Burger House,Food
859559b5-81ec-44f5-9d3a-243a3b1ed631,ACC-STUDENT-002,2025-07-02T12:47:00Z,663.88,NPR,DEBIT,COMPLETED,Coke and Momo,Boba Shop,Food
f5486082-f67d-405d-a0c1-bbf4ef7a65f1,ACC-STUDENT-004,2025-04-14T07:00:00Z,4556.05,NPR,DEBIT,COMPLETED,Pokhara Trip,Resort Pokhara,Travel
2fee705e-d8cb-46c0-979f-e4df14ad938b,ACC-STUDENT-004,2025-10-30T16:20:00Z,3068.57,NPR,DEBIT,COMPLETED,Gift for Mom,Miniso,Shopping
b251d452-104b-4e52-a813-4822a4bcf37b,ACC-STUDENT-004,2025-06-30T08:30:00Z,193.84,NPR,DEBIT,COMPLETED,Chiya,Beans Cafe,Coffee
2367ba13-ccbb-4b88-8c56-c2077891e2a3,ACC-STUDENT-003,2025/04/06,756.42,NPR,DEBIT,COMPLETED,Snacks,Restaurant,Food
c798266e-4925-4d4e-8f5d-e79c3bc9051a,ACC-STUDENT-004,2025-06-27T12:31:00Z,550.75,NPR,DEBIT,COMPLETED,Meals,Restaurant,Food
46acdb27-9896-4cec-847f-b0042e4aeb42,ACC-STUDENT-002,2025-09-30T09:06:00Z,381.14,NPR,DEBIT,COMPLETED,Micro Fare,Pathao,Transport
849fd4b7-a032-4067-b36e-1ff1fceabf18,ACC-STUDENT-004,2025-03-11T20:04:00Z,378.05,NPR,DEBIT,COMPLETED,Lunch,Canteen,Food
f547ea0c-5976-47a1-a474-3e72f96d05f1,ACC-STUDENT-005,2025-04-12T13:02:00Z,297.97,NPR,DEBIT,COMPLETED,,Restaurant,Food
46ccf080-0b38-4a01-83c1-6f3e0e0f032b,ACC-STUDENT-005,2025-02-01T09:00:00Z,25840.59,NPR,CREDIT,COMPLETED,Monthly Allowance,Family Transfer,Income
810938dc-e9a7-46c0-a0ba-e04a06774d73,ACC-STUDENT-003,2025-08-14T19:21:00Z,557.44,NPR,DEBIT,COMPLETED,Meals,Boba Shop,food
4f358ab5-f065-4466-ae58-afb54915656c,ACC-STUDENT-002,2025-03-26T12:29:00Z,719.47,NPR,DEBIT,COMPLETED,Meals,Bakery,Food
0a009242-cf42-4172-9459-722e5e0946ab,ACC-STUDENT-001,2025-07-16T20:48:00Z,533.32,NPR,DEBIT,COMPLETED,Burger & Fries,Canteen,Food
8674f27f-f6ad-4813-a613-77d5df71c09d,ACC-STUDENT-002,2025-07-22T08:30:00Z,264.24,NPR,DEBIT,COMPLETED,Chiya,Red Mug Cafe,Coffee
94633511-5d92-470a-a289-b27469a5bc89,ACC-STUDENT-001,2025-11-30T17:49:00Z,242.14,NPR,DEBIT,COMPLETED,Taxi Ride,Local Taxi,Transport
957969cd-b726-491b-aed2-e03fdbc2a86d,ACC-STUDENT-001,2025-04-08T09:07:00Z,426.51,NPR,DEBIT,COMPLETED,Micro Fare,InDrive,Transport
7a9d0f7b-db11-40a6-91f7-55acec414bb5,ACC-STUDENT-001,2025-04-10T13:02:00Z,378.99,NPR,DEBIT,COMPLETED,Dinner,Boba Shop,Food
4055fd8d-8c61-41ba-9a3c-c0971169d0a4,ACC-STUDENT-005,2025-02-28T09:53:00Z,316.21,NPR,DEBIT,COMPLETED,Daily Commute,Bus,Transport
f57c52b0-a13c-4258-bdf9-4fb2f4d1c438,ACC-STUDENT-003,2025-03-22T12:00:00Z,3729.07,NPR,DEBIT,COMPLETED,Monthly Supplies,Big Mart,Groceries
96e3de6d-9a32-46e3-a6d7-ca3f548f3e3a,ACC-STUDENT-003,2025-02-10T18:18:00Z,113.67,NPR,DEBIT,COMPLETED,Bus Ticket,Sajha Yatayat,Transport
0cad8153-2666-41c5-8c5c-8105be801ad1,ACC-STUDENT-002,2025-02-28T09:28:00Z,85.13,NPR,DEBIT,COMPLETED,Bus Ticket,Sajha Yatayat,Transport
ff66d6a9-9ccf-4185-bf22-e60fec94c81b,ACC-STUDENT-002,2025-12-01T13:41:00Z,523.9,NPR,DEBIT,COMPLETED,Snacks,Local Eatery,Food
60c5b1e0-9ee9-49d5-b1a8-eb50509812fa,ACC-STUDENT-001,2025-07-19T09:25:00Z,450.31,NPR,DEBIT,COMPLETED,Taxi Ride,Microbus,Transport
91f3f1e8-f49e-4d8e-a8f5-9bc46d5e367d,ACC-STUDENT-002,2025-07-22T19:13:00Z,452.49,NPR,DEBIT,COMPLETED,Breakfast,Restaurant,Food
faac21be-b1ff-4a8e-8b8b-88cf81438354,ACC-STUDENT-003,2025-10-29T18:47:00Z,480.1,NPR,DEBIT,COMPLETED,Ride Sharing,Bus,Transport
f79c470e-acb6-40e6-985e-f17e9ccd4371,ACC-STUDENT-004,2025-07-09T13:40:00Z,336.98,NPR,DEBIT,COMPLETED,Coke and Momo,Boba Shop,Food
e111054b-9116-4b68-aaf2-8d59f00c7a30,ACC-STUDENT-001,2025-03-22T16:20:00Z,4458.05,NPR,DEBIT,COMPLETED,Birthday Gift,Mall,Shopping
d3aa8f10-6211-4578-b8ab-872ba2cc5332,ACC-STUDENT-001,2025-08-23T12:00:00Z,3388.54,NPR,DEBIT,COMPLETED,Vegetables & Fruits,Local Grocery,Groceries
235d9c31-a98b-4dab-81dc-c6c0ce19dae0,ACC-STUDENT-001,2025-10-27T17:49:00Z,68.82,NPR,DEBIT,COMPLETED,Micro Fare,Microbus,Transport
184dec13-17d4-464c-ad29-787054a254e1,ACC-STUDENT-002,2025-08-05T11:15:00Z,1909.43,NPR,DEBIT,COMPLETED,WiFi Internet,Worldlink,Utilities
65f1286f-f64b-48be-8aeb-8de8b99c14f2,ACC-STUDENT-001,2025-10-15T18:09:00Z,197.07,NPR,DEBIT,COMPLETED,Ride Sharing,Pathao,Transport
5801226e-47f4-4e93-a4ff-89e48446b3be,ACC-STUDENT-003,2025-12-19T08:30:00Z,344.83,NPR,DEBIT,COMPLETED,Americano,Coffee Point,Coffee
3bb1501a-c876-42ed-98b2-2c3c30b7f2f5,ACC-STUDENT-004,2025-02-05T19:34:00Z,359.14,NPR,DEBIT,COMPLETED,Breakfast,Boba Shop,Food
86bc9452-28bd-4a78-bd12-47dcf3658db9,ACC-STUDENT-001,2026-01-11T18:30:00Z,1021.07,NPR,DEBIT,COMPLETED,Spotify Premium,Fuzz Factory,Entertainment
d2cf4ac9-87e4-43a7-ac40-c262a8b4eef7,ACC-STUDENT-001,2025-03-27T08:30:00Z,128.51,NPR,DEBIT,COMPLETED,Cappuccino,Red Mug Cafe,Coffee
6b78044e-8c1d-4874-af2f-3e3f1d4112ad,ACC-STUDENT-001,2025-09-22T17:16:00Z,212.43,NPR,DEBIT,COMPLETED,Bus Ticket,InDrive,Transport
c6c8d5db-7250-4707-a763-d3c117a9d693,ACC-STUDENT-005,2025-09-15T18:09:00Z,81.55,NPR,DEBIT,COMPLETED,Ride Sharing,Pathao,Transport
9303de6e-f4e6-4d27-9431-9341abb561d2,ACC-STUDENT-004,2025-11-08T20:41:00Z,477.57,NPR,DEBIT,COMPLETED,Snacks,Cafe,Food
d4c40e49-45ab-4349-a859-7e54967dfcf4,ACC-STUDENT-003,2025-01-20T08:30:00Z,104.37,NPR,DEBIT,COMPLETED,Latte,Beans Cafe,Coffee
40c9177f-90de-464e-b3f5-3578feacce30,ACC-STUDENT-004,2025-10-13T09:08:00Z,61.93,NPR,DEBIT,COMPLETED,Bus Ticket,Pathao,Transport
4762c29f-811c-45ef-a27c-9c10f662b0ec,ACC-STUDENT-005,2025-11-01T09:00:00Z,34152.92,NPR,CREDIT,COMPLETED,Monthly Allowance,Family Transfer,Income
9f6195f6-9789-4028-9155-eced189843af,ACC-STUDENT-005,2025-04-12T18:53:00Z,375.15,NPR,DEBIT,COMPLETED,Micro Fare,Local Taxi,Transport
df58891e-0854-4d8d-8836-40744bf8fa6f,ACC-STUDENT-004,2025/09/08,224.28,NPR,DEBIT,COMPLETED,Latte,Local Tea Stall,Coffee
5353f3f8-b4ba-4c4e-9e63-7dedc68616be,ACC-STUDENT-004,2025-04-06T12:00:00Z,2153.66,NPR,DEBIT,COMPLETED,Dairy Products,Local Grocery,Groceries
f6ac41bd-86da-4459-8ca7-b53bedddb630,ACC-STUDENT-005,2025-04-19T18:08:00Z,135.83,NPR,DEBIT,COMPLETED,Micro Fare,InDrive,Transport
9f443a7b-fc9b-4986-a7cc-aef13bc10428,ACC-STUDENT-004,2025-12-15T17:32:00Z,204.87,NPR,DEBIT,COMPLETED,Daily Commute,Microbus,Transport
0d51a7d6-3a33-47e8-bb3d-070cfbace119,ACC-STUDENT-002,2025-02-27T19:19:00Z,334.95,NPR,DEBIT,COMPLETED,Breakfast,Boba Shop,Food
10675045-5fac-4c9c-863d-bab4122bb299,ACC-STUDENT-002,2025-10-22T18:01:00Z,123.81,NPR,DEBIT,COMPLETED,Ride Sharing,Local Taxi,Transport
44d1f702-222d-4fad-8080-ee16172b4e8b,ACC-STUDENT-002,2025-08-24T12:00:00Z,2364.21,NPR,DEBIT,COMPLETED,Dairy Products,Fresh Vegetable Vendor,Groceries
db8919a7-c8e2-40b5-8324-0952786a1b74,ACC-STUDENT-002,2025/01/23,577.33,NPR,DEBIT,COMPLETED,Meals,Bakery,Food
0fe8fba1-d521-4528-9e67-9c433dd73566,ACC-STUDENT-004,2025-04-18T07:00:00Z,4174.41,NPR,DEBIT,COMPLETED,Weekend Getaway,Yeti Airlines,Travel
a1385251-3943-4525-aa1c-a473068c239f,ACC-STUDENT-005,2025-12-01T09:34:00Z,107.83,NPR,DEBIT,COMPLETED,Bus Ticket,Sajha Yatayat,Transport
05330e02-a450-4adf-bac5-49c53aa96aab,ACC-STUDENT-003,2025-10-27T18:05:00Z,238.07,NPR,DEBIT,COMPLETED,Daily Commute,Sajha Yatayat,Transport
14fe9f1d-f5e0-48f3-b2bf-1e79872f837c,ACC-STUDENT-005,2025-02-19T20:47:00Z,696.77,NPR,DEBIT,COMPLETED,Breakfast,Boba Shop,Food
4323f268-2d6e-4519-babe-cc76098b9a4d,ACC-STUDENT-004,2025-08-11T19:30:00Z,292.11,NPR,DEBIT,COMPLETED,Snacks,Local Eatery,Food
83156912-1167-4932-9539-257516985e0b,ACC-STUDENT-003,2025-07-22T12:20:00Z,242.59,NPR,DEBIT,COMPLETED,Meals,Local Eatery,Food
b63818a5-9c03-4c63-8dc7-fd34e440df75,ACC-STUDENT-002,2025-10-12T12:36:00Z,685.16,NPR,DEBIT,COMPLETED,Breakfast,Burger House,Food
03862b6d-408e-45e7-b65c-a6c13026cc6a,ACC-STUDENT-001,2025-11-17T17:25:00Z,81.32,NPR,DEBIT,COMPLETED,Daily Commute,Microbus,TRANSPORT
63173c8e-deac-41e3-9547-217d41cf83fc,ACC-STUDENT-001,2025-02-19T08:30:00Z,252.58,NPR,DEBIT,COMPLETED,Iced Coffee,Beans Cafe,Coffee
5af9beb4-ee2b-4395-8628-1e0f9aa62f16,ACC-STUDENT-003,2025-08-01 09:24:00,231.21,NPR,DEBIT,COMPLETED,Ride Sharing,Pathao,Transport
5f5925a3-afa5-481a-a49a-d7b09e544056,ACC-STUDENT-005,2026-01-08T19:17:00Z,673.31,NPR,DEBIT,COMPLETED,Breakfast,Canteen,Food
bfc26e49-8b7e-45c2-b054-c1d865f1201f,ACC-STUDENT-003,2025-12-30T20:32:00Z,746.07,NPR,DEBIT,COMPLETED,Burger & Fries,Boba Shop,Food
8a1178d0-b2d5-439e-9e61-a50047e0a6c6,ACC-STUDENT-005,2025-11-25T19:12:00Z,648.9,NPR,DEBIT,COMPLETED,Lunch,Burger House,Food
08cf5f77-1eac-4de4-916c-89a5d41e384d,ACC-STUDENT-005,2025-05-22T13:26:00Z,449.94,NPR,DEBIT,COMPLETED,Meals,Restaurant,Food
46ad9554-637f-47fe-8740-884f411489ab,ACC-STUDENT-004,2025-11-22T12:00:00Z,3338.62,NPR,DEBIT,COMPLETED,Monthly Supplies,Big Mart,groceries
1de3b537-bc29-4d53-9d78-d949a1f636b1,ACC-STUDENT-001,2025-07-03T19:31:00Z,417.79,NPR,DEBIT,COMPLETED,Burger & Fries,Bakery,Food
04a119f2-5ecf-409c-8838-4b1b3680d15f,ACC-STUDENT-001,2025-02-04T19:02:00Z,220.46,NPR,DEBIT,COMPLETED,Snacks,Restaurant,Food
e4bf088d-8b9a-4621-ac10-0b130268d749,ACC-STUDENT-001,2025-12-11T20:02:00Z,217.87,NPR,DEBIT,COMPLETED,Meals,Local Eatery,Food
3c16b371-f152-4985-9322-83233302e288,ACC-STUDENT-005,2025-12-04T12:51:00Z,229.61,NPR,DEBIT,COMPLETED,Breakfast,Restaurant,Food
0ad99823-bb64-4f1e-9244-dd75f303b4e6,ACC-STUDENT-004,2025-01-23T18:04:00Z,208.68,NPR,DEBIT,COMPLETED,Ride Sharing,,Transport
6b892e5b-3271-4fc5-8324-44eb98ae1d31,ACC-STUDENT-003,2025-09-01T09:32:00Z,310.67,NPR,DEBIT,COMPLETED,Taxi Ride,Local Taxi,Transport
1e8146e2-765f-4262-9a7a-7f5c71ba97b8,ACC-STUDENT-004,2025-03-25T08:30:00Z,325.73,NPR,DEBIT,COMPLETED,Latte,Beans Cafe,Coffee
68444e78-5802-4a9f-a912-0153ae81f49e,ACC-STUDENT-001,2025-02-26T17:07:00Z,260.91,NPR,DEBIT,COMPLETED,Taxi Ride,Microbus,Transport
bf36f1cc-24d8-4044-9919-4577d38a4b5e,ACC-STUDENT-001,2025-05-25T13:37:00Z,Rs. 243.72,NPR,DEBIT,COMPLETED,Breakfast,Burger House,Food
9bb001f4-3a7d-4c49-8f24-18233e48cac2,ACC-STUDENT-004,2025-11-09T19:09:00Z,275.75,NPR,DEBIT,COMPLETED,Coke and Momo,Restaurant,Food
a5c7ad46-52ba-4953-978d-a7860214dc2e,ACC-STUDENT-004,2025-06-01T19:07:00Z,310.59,NPR,DEBIT,COMPLETED,Burger & Fries,Cafe,Food
da8e6c7e-0048-4851-b7db-9f172fbea577,ACC-STUDENT-003,2025-06-25T17:03:00Z,113.38,NPR,DEBIT,COMPLETED,Micro Fare,Local Taxi,Transport
affbd8c3-6531-4ba8-b9eb-18bfa5d2fecb,ACC-STUDENT-001,2025-09-01T08:30:00Z,104.66,NPR,DEBIT,COMPLETED,Cappuccino,Himalayan Java,Coffee
0f08b20d-021f-4892-a7da-c3544dcf1f4e,ACC-STUDENT-001,2026-01-02T19:55:00Z,355.54,NPR,DEBIT,COMPLETED,Breakfast,Burger House,Food
2931c448-e6f7-446c-a21d-59f8f7035801,ACC-STUDENT-005,2025-04-09T17:32:00Z,478.18,NPR,DEBIT,COMPLETED,Bus Ticket,Microbus,Transport
bf1a2060-0e42-4a1a-ab5a-529ec3a93ac7,ACC-STUDENT-001,2025-11-25T08:30:00Z,264.08,NPR,DEBIT,COMPLETED,Chiya,Coffee Point,Coffee
c707babb-71d5-407b-88e1-82bc8cf9dd0a,ACC-STUDENT-001,2025-09-01T20:41:00Z,653.88,NPR,DEBIT,COMPLETED,Dinner,Bakery,Food
66c14a02-69f2-43d6-87a2-3e446ff9d45a,ACC-STUDENT-001,2025-11-27T17:43:00Z,367.52,NPR,DEBIT,COMPLETED,Micro Fare,Local Taxi,Transport
3382ea6d-6e0c-4853-8df0-65c9c9e976ad,ACC-STUDENT-001,2025-09-07T13:46:00Z,595.63,NPR,DEBIT,COMPLETED,Snacks,Local Eatery,Food
e85b2e15-5774-4a37-adc2-2938d2108fa8,ACC-STUDENT-004,2025-12-30T17:43:00Z,99.7,NPR,DEBIT,COMPLETED,Micro Fare,Sajha Yatayat,Transport
507a010b-8191-4ac3-8634-e8b70297858a,ACC-STUDENT-004,2025-12-04T18:59:00Z,208.93,NPR,DEBIT,COMPLETED,Bus Ticket,Sajha Yatayat,Transport
eb15620d-b250-4e95-b2ff-78d2144f7118,ACC-STUDENT-005,2025-11-09 18:58:00,344.33,NPR,DEBIT,COMPLETED,Daily Commute,InDrive,Transport
6c37ab4b-1917-4408-9f29-fb97d60dbbb2,ACC-STUDENT-004,2025-12-16 09:30:00,212.82,NPR,DEBIT,COMPLETED,Taxi Ride,Sajha Yatayat,Transport
a1b62ef1-d742-4c5f-8a47-286bde35d10f,ACC-STUDENT-004,2025-11-17T09:20:00Z,88.71,NPR,DEBIT,COMPLETED,Daily Commute,InDrive,Transport
832224ab-9f7e-4dbd-9aff-db9b8f4a3ec5,ACC-STUDENT-002,2025-03-10T16:20:00Z,4293.28,NPR,DEBIT,COMPLETED,Books,Bhatbhateni Fashion,Shopping
2d6c8102-f79c-4dbe-a7fa-353053444b0c,ACC-STUDENT-002,2025-06-10T18:40:00Z,413.48,NPR,DEBIT,COMPLETED,Micro Fare,Pathao,Transport
3af96b32-256a-4fe0-b8c0-37d058c12f6d,ACC-STUDENT-003,2025-02-18T09:07:00Z,393.24,NPR,DEBIT,COMPLETED,,Pathao,Transport
547e9c94-456d-489a-8acb-fbcae4f61232,ACC-STUDENT-005,2025-10-24T18:33:00Z,213.2,NPR,DEBIT,COMPLETED,Ride Sharing,Local Taxi,Transport
14a5ab1f-f762-4ba7-aa0c-31646e5568cb,ACC-STUDENT-004,2025-11-27T12:49:00Z,436.53,NPR,DEBIT,COMPLETED,Breakfast,Bakery,Food
d0e9b257-2bb4-42f2-a5ff-54600ba488af,ACC-STUDENT-001,2025-10-30T18:46:00Z,105.59,NPR,DEBIT,COMPLETED,Daily Commute,Microbus,Transport
2b7962fe-88e4-4f06-a2ab-c415e9830c65,ACC-STUDENT-005,2025-06-07T12:00:00Z,4327.7,NPR,DEBIT,COMPLETED,Vegetables & Fruits,Fresh Vegetable Vendor,Groceries
ba37ebcb-2d49-4ef4-a7a6-23db682ada07,ACC-STUDENT-005,2025-01-29T19:19:00Z,179.61,NPR,DEBIT,COMPLETED,Breakfast,Burger House,Food
41da7ff3-f8a5-42dd-8916-189c27cb44fd,ACC-STUDENT-001,2025-04-23T12:25:00Z,478.54,NPR,DEBIT,COMPLETED,Lunch,Cafe,Food
a084f372-9051-439a-b11c-424826526573,ACC-STUDENT-004,2025-12-22T18:22:00Z,446.22,NPR,DEBIT,COMPLETED,Ride Sharing,InDrive,Transport
c0596187-fdd7-4057-81a0-c37e0f4389ef,ACC-STUDENT-001,2025-07-21T16:20:00Z,5248.18,NPR,DEBIT,COMPLETED,Gift for Mom,Mall,Shopping
209d915f-a689-42af-8ef3-83d54aa71a56,ACC-STUDENT-001,2025-03-05T11:15:00Z,1510.45,NPR,DEBIT,COMPLETED,WiFi Internet,Worldlink,Utilities
e7fdb9c5-10e8-4f00-baa4-4908faaf8a7a,ACC-STUDENT-002,2026-01-12T20:11:00Z,730.03,NPR,DEBIT,COMPLETED,,Restaurant,Food
bc6d5378-c757-4460-9f5b-99bde3e9577a,ACC-STUDENT-004,2025-05-24T14:30:00Z,7350.59,NPR,CREDIT,COMPLETED,Freelance Project,Part-time Gig,Income
90d925b4-d689-434b-a271-6b44296d8c49,ACC-STUDENT-001,2025-05-15T20:15:00Z,702.07,NPR,DEBIT,COMPLETED,Dinner,Boba Shop,Food
47833483-f2ce-459b-89df-033d221090e3,ACC-STUDENT-003,2025-08-11T20:28:00Z,216.08,NPR,DEBIT,COMPLETED,Meals,Bakery,Food
6e0d6498-9950-45c3-b3e3-70c48eaacbde,ACC-STUDENT-001,2025-09-19T08:30:00Z,271.58,NPR,DEBIT,COMPLETED,Latte,Local Tea Stall,Coffee
7dc7037e-b407-47e9-8a3c-1a6c19f2eb0f,ACC-STUDENT-004,2025-07-12T20:02:00Z,533.03,NPR,DEBIT,COMPLETED,Burger & Fries,Restaurant,Food
15f69a80-b79b-45bc-a1c4-0cfc88c0c97f,ACC-STUDENT-005,2025-06-27T19:35:00Z,474.79,NPR,DEBIT,COMPLETED,Meals,Boba Shop,Food
c1ca343d-3f2e-48ab-9739-6b8d4219b0d7,ACC-STUDENT-004,2025-11-04T13:23:00Z,768.71,NPR,DEBIT,COMPLETED,Lunch,Local Eatery,Food
519ec696-406d-40dc-a48f-777887d42d92,ACC-STUDENT-002,2025-06-21T18:08:00Z,386.65,NPR,DEBIT,COMPLETED,Taxi Ride,Sajha Yatayat,Transport
6a8982e1-868a-42d0-b44e-bccfe536613f,ACC-STUDENT-002,2025-05-07T20:20:00Z,651.33,NPR,DEBIT,COMPLETED,Breakfast,Burger House,Food
c288ee84-bae9-4cb1-9422-af1796f14d69,ACC-STUDENT-001,2025-02-11T16:20:00Z,3211.71,NPR,DEBIT,COMPLETED,Birthday Gift,Mall,Shopping
94557ac7-2de0-4d4d-b432-fde7f55cb838,ACC-STUDENT-004,2025-06-20T12:55:00Z,495.68,NPR,DEBIT,COMPLETED,Coke and Momo,Boba Shop,Food
262fae86-93a3-43b0-a70d-12c7a58437bc,ACC-STUDENT-002,2025-05-25T12:00:00Z,3749.0,NPR,DEBIT,COMPLETED,Vegetables & Fruits,Fresh Vegetable Vendor,Groceries
64e43d54-408f-461c-ac37-3d3afa24f3b0,ACC-STUDENT-003,2025-02-02T10:00:00Z,8771.15,NPR,DEBIT,COMPLETED,House Rent,Rent House Ltd,Utilities
e4fa0da8-7db2-4d01-9474-1831f12b20ab,ACC-STUDENT-002,2025-08-22T09:28:00Z,242.38,NPR,DEBIT,COMPLETED,Micro Fare,Bus,Transport
9ee45a36-05da-45ea-b957-ca4174c6285f,ACC-STUDENT-005,2025-09-21T20:12:00Z,312.27,NPR,DEBIT,COMPLETED,Lunch,Restaurant,Food
68884dbd-1750-4e6b-ae42-7585830918ab,ACC-STUDENT-005,2025-12-23T08:30:00Z,271.96,NPR,DEBIT,COMPLETED,Cappuccino,Local Tea Stall,Coffee
9e44943b-4d3e-4d79-bb6b-eae0dbaa92bf,ACC-STUDENT-003,2025-03-02T10:00:00Z,11038.12,NPR,DEBIT,COMPLETED,House Rent,Rent House Ltd,Utilities
f4a78c09-a6a2-4376-b1d9-565338b8b2f1,ACC-STUDENT-005,2025-03-02T10:00:00Z,13141.03,NPR,DEBIT,COMPLETED,House Rent,Rent House Ltd,Utilities
dec48355-8822-4681-b69b-033ea151eea8,ACC-STUDENT-001,2025-02-21T09:19:00Z,56.37,NPR,DEBIT,COMPLETED,Bus Ticket,Pathao,Transport
d79b0381-51e3-4a82-b203-5c4e96aed21e,ACC-STUDENT-003,2025-08-12T16:20:00Z,1524.6,NPR,DEBIT,COMPLETED,Gift for Mom,Local Store,Shopping
d50978f0-799e-4c02-9d71-2ee00866dbbc,ACC-STUDENT-003,2025-07-14T12:38:00Z,626.13,NPR,DEBIT,COMPLETED,Lunch,Boba Shop,Food
7c199883-d137-4719-b631-e520962c0780,ACC-STUDENT-004,2025-05-19T08:30:00Z,284.38,NPR,DEBIT,COMPLETED,Americano,Coffee Point,Coffee
13d06133-33f5-4cfe-93fd-24c3bf9fba8f,ACC-STUDENT-005,2025-08-09T12:00:00Z,2938.62,NPR,DEBIT,COMPLETED,,Bhatbhateni,Groceries
6c5c4cb1-5e2e-4232-bba5-b1574575e430,ACC-STUDENT-004,2025-01-13T18:13:00Z,57.78,NPR,DEBIT,COMPLETED,Taxi Ride,Sajha Yatayat,Transport
f7b60e24-e28a-4a16-9e8a-389a140ec7a8,ACC-STUDENT-002,2025-02-15T12:00:00Z,2807.37,NPR,DEBIT,COMPLETED,Dairy Products,Big Mart,Groceries
881b8e20-83b7-4524-8c1c-90f8cbc21e51,ACC-STUDENT-002,2025-04-07T13:14:00Z,339.22,NPR,DEBIT,COMPLETED,Burger & Fries,Canteen,Food
07971d2a-28c7-4d7d-8e12-f59bacb82779,ACC-STUDENT-001,2025-09-01T09:00:00Z,25764.62,NPR,CREDIT,COMPLETED,Monthly Allowance,Family Transfer,Income
7bea51b9-8b56-45ac-9731-ad4966bebd6b,ACC-STUDENT-001,2025-05-27T17:45:00Z,402.75,NPR,DEBIT,COMPLETED,Ride Sharing,Microbus,Transport
614d0ff5-d87e-4bf1-8d35-90bee9fe0425,ACC-STUDENT-001,2025-09-18T17:25:00Z,149.94,NPR,DEBIT,COMPLETED,Bus Ticket,Pathao,Transport
90bf976d-7559-43a3-b071-ac5614f30390,ACC-STUDENT-003,2025-03-04T12:57:00Z,665.84,NPR,DEBIT,COMPLETED,Burger & Fries,Boba Shop,Food
f25f6ff9-39dd-4304-81b1-aa6d783ec4ae,ACC-STUDENT-004,2025-12-30T13:31:00Z,425.77,NPR,DEBIT,COMPLETED,Coke and Momo,Cafe,Food
911ef2f2-b3c4-403c-a3a7-3bc3172d9541,ACC-STUDENT-004,2025-11-02T12:00:00Z,4235.69,NPR,DEBIT,COMPLETED,Weekly Groceries,Local Grocery,groceries
753b7d5a-95cc-4d19-a972-e5b9844a02d6,ACC-STUDENT-002,2025-11-10T18:02:00Z,356.91,NPR,DEBIT,COMPLETED,Micro Fare,,TRANSPORT
8be8346e-a14c-46b9-9155-2e697a73907a,ACC-STUDENT-002,2025-10-07T13:04:00Z,377.79,NPR,DEBIT,COMPLETED,Burger & Fries,Cafe,Food
22898fbc-de84-4984-8a35-8c7569da05f9,ACC-STUDENT-001,2025-08-28T17:42:00Z,80.31,NPR,DEBIT,COMPLETED,Daily Commute,Pathao,Transport
bb81e0c2-0b17-48d9-a947-80634dcdd018,ACC-STUDENT-001,2025-04-24T18:17:00Z,421.39,NPR,DEBIT,COMPLETED,Bus Ticket,Microbus,Transport
92c7e452-629e-4a8b-aa33-74c96908e2c7,ACC-STUDENT-003,2025-06-19T09:30:00Z,0.0,NPR,DEBIT,COMPLETED,Daily Commute,Bus,Transport
f5e869a4-c95d-4a9e-a96d-47203b47fc7e,ACC-STUDENT-001,2025/11/11,436.73,NPR,DEBIT,COMPLETED,,Restaurant,Food
0bc8d7a0-bfbd-4d5a-bda8-7c8aafff2bf1,ACC-STUDENT-002,2025-10-03T13:03:00Z,648.82,NPR,DEBIT,COMPLETED,Dinner,Bakery,Food
c4f6f962-fd1a-403b-bc09-aac98e3002e4,ACC-STUDENT-001,2025-02-25T20:18:00Z,171.22,NPR,DEBIT,COMPLETED,Dinner,Burger House,Food
6e41b778-b5e9-40e3-9fcd-9047db70a934,ACC-STUDENT-001,2025-05-02T10:00:00Z,13787.11,NPR,DEBIT,COMPLETED,House Rent,Rent House Ltd,Utilities
6bdd7de1-e40a-452e-b263-d0d4ff1d7014,ACC-STUDENT-005,2025-05-21T08:30:00Z,306.03,NPR,DEBIT,COMPLETED,Cappuccino,Himalayan Java,Coffee
1044bae2-eccd-44be-a27f-e36d28e3abad,ACC-STUDENT-005,2025-06-12T19:18:00Z,205.99,NPR,DEBIT,COMPLETED,Breakfast,Restaurant,Food
0fb76d63-5fc2-49b2-a51c-5152fc295eae,ACC-STUDENT-001,2025-02-18T19:39:00Z,675.33,NPR,DEBIT,COMPLETED,Burger & Fries,Boba Shop,Food
84ed9236-35a4-460d-94ad-0303cc78baa3,ACC-STUDENT-001,2025-12-23T08:30:00Z,261.51,NPR,DEBIT,COMPLETED,Chiya,Local Tea Stall,Coffee
89c86411-381a-4bfb-8871-cc0546a7d730,ACC-STUDENT-001,2025-05-14T13:26:00Z,345.33,NPR,DEBIT,COMPLETED,,Local Eatery,Food
fd44c627-bdd7-4d4e-9e98-b095c3310eaa,ACC-STUDENT-004,2025-10-13T18:05:00Z,419.62,NPR,DEBIT,COMPLETED,Taxi Ride,Sajha Yatayat,Transport
da40aca5-fb72-4f6e-9dfd-1185e423707a,ACC-STUDENT-004,2026-01-07T12:26:00Z,537.84,NPR,DEBIT,COMPLETED,Burger & Fries,Bakery,food
18cc6582-a5b0-4844-9239-92a07b709891,ACC-STUDENT-003,2025-10-07T17:23:00Z,252.04,NPR,DEBIT,COMPLETED,Taxi Ride,Local Taxi,Transport
daea50eb-dc21-47cc-87c2-298fe08e3305,ACC-STUDENT-003,2025-05-14T12:06:00Z,517.35,NPR,DEBIT,COMPLETED,Lunch,Cafe,Food
958e0b97-f08f-4be5-89f3-cacbd3afa60d,ACC-STUDENT-004,2025-08-08T13:41:00Z,665.63,NPR,DEBIT,COMPLETED,Breakfast,Canteen,Food
a00b2d4a-cca5-485a-ac84-6203439b30a1,ACC-STUDENT-001,2025-06-21T13:17:00Z,204.34,NPR,DEBIT,COMPLETED,Meals,Local Eatery,Food
42702fe5-5940-4ac0-8d62-cf5e25eb9cda,ACC-STUDENT-004,2025-03-14T08:30:00Z,100.95,NPR,DEBIT,COMPLETED,Iced Coffee,Local Tea Stall,Coffee
1da437dc-8eb9-456c-baa3-7f523ef5e39a,ACC-STUDENT-003,2026-01-02T13:54:00Z,511.28,NPR,DEBIT,COMPLETED,Lunch,Boba Shop,Food
008599dd-6156-4e40-b404-b777b9414c64,ACC-STUDENT-002,2025-08-07T17:07:00Z,486.26,NPR,DEBIT,COMPLETED,Micro Fare,Microbus,Transport
4a862127-360c-40d3-ad44-ba338d78cfc1,ACC-STUDENT-004,2025-10-31T08:30:00Z,271.78,NPR,DEBIT,COMPLETED,Chiya,Red Mug Cafe,Coffee
b92c919f-2606-4d36-9018-6ce86c479b2f,ACC-STUDENT-005,2025-10-05T18:30:00Z,487.96,NPR,DEBIT,COMPLETED,Netflix Subscription,Gaming Zone,Entertainment
d5c2ac42-4fe2-4c02-81d6-6ce05270ebd2,ACC-STUDENT-005,2025-07-01T09:13:00Z,63.78,NPR,DEBIT,COMPLETED,Daily Commute,InDrive,Transport
56ba26ec-8bd7-48dd-85d3-c22493617fb2,ACC-STUDENT-005,2025-08-22T19:30:00Z,542.63,NPR,DEBIT,COMPLETED,Snacks,Burger House,Food
88121f49-e92d-401c-b2eb-ee90e62a45aa,ACC-STUDENT-002,2025-06-06T19:02:00Z,771.27,NPR,DEBIT,COMPLETED,Meals,Boba Shop,Food
4c488b16-b59f-404d-9b9d-2e2b8ab81063,ACC-STUDENT-004,2025-12-25T16:20:00Z,2656.41,NPR,DEBIT,COMPLETED,Gift for Mom,Bhatbhateni Fashion,Shopping
469a5271-4343-4dbc-8971-de613b452a85,ACC-STUDENT-002,2025-02-23T18:30:00Z,358.46,NPR,DEBIT,COMPLETED,Bowling Session,QFX Cinemas,Entertainment
3ec30b5d-0278-4e82-8cf4-c989e7d1bd1d,ACC-STUDENT-005,2025-03-12T18:36:00Z,78.33,NPR,DEBIT,COMPLETED,Bus Ticket,Microbus,Transport
1d7e69be-fa84-49a0-bcb0-553d401f8111,ACC-STUDENT-002,2025-02-02T12:00:00Z,2769.87,NPR,DEBIT,COMPLETED,Dairy Products,Saleways,Groceries
7526bf72-f446-4863-9670-703d2e9c337f,ACC-STUDENT-003,2025-02-13T12:33:00Z,469.11,NPR,DEBIT,COMPLETED,Burger & Fries,Burger House,Food
0405b835-875d-4bea-b779-2b87967f4668,ACC-STUDENT-003,2025-12-19T20:51:00Z,746.84,NPR,DEBIT,COMPLETED,Burger & Fries,Canteen,Food
1e0793b0-a3bd-44f6-89dd-5ce689511a12,ACC-STUDENT-002,2025-12-04T20:28:00Z,409.47,NPR,DEBIT,COMPLETED,Lunch,Boba Shop,Food
987707c6-d435-43f4-9e36-784fae033c55,ACC-STUDENT-005,2025-01-15T08:30:00Z,219.55,NPR,DEBIT,COMPLETED,Latte,Himalayan Java,Coffee
8856b8a1-87e4-4092-b479-f2d819433bc2,ACC-STUDENT-003,2025-12-26T12:11:00Z,702.83,NPR,DEBIT,COMPLETED,Meals,Boba Shop,Food
3cd3e904-880a-41dc-8fb2-27953e9a7192,ACC-STUDENT-002,2025-05-26T08:30:00Z,188.32,NPR,DEBIT,COMPLETED,Americano,Local Tea Stall,Coffee
21443b47-4bc9-49ee-b149-ac9adbde35a1,ACC-STUDENT-005,2025-10-06T18:45:00Z,450.96,NPR,DEBIT,COMPLETED,Ride Sharing,Local Taxi,Transport
54674f0e-53dd-4e86-8930-5d7a814155ed,ACC-STUDENT-005,2025-11-24T18:20:00Z,385.31,NPR,DEBIT,COMPLETED,Bus Ticket,InDrive,Transport
868f638f-4b57-4fd1-8dee-8f7534759da7,ACC-STUDENT-005,2025-06-26T13:51:00Z,749.17,NPR,DEBIT,COMPLETED,Coke and Momo,Bakery,Food
d3d92efd-70ec-4dce-b7f5-0f4ea2c6c50f,ACC-STUDENT-001,2025-05-13T08:30:00Z,249.45,NPR,DEBIT,COMPLETED,Americano,Red Mug Cafe,Coffee
7d6ae944-395a-4dc8-aac8-d31a2f7f7bb9,ACC-STUDENT-005,2025-07-14T12:45:00Z,348.54,NPR,DEBIT,COMPLETED,Dinner,Bakery,Food
402b0ef5-9029-48b9-9729-ce6bfe293d34,ACC-STUDENT-001,2025-07-19T12:11:00Z,329.02,NPR,DEBIT,COMPLETED,Lunch,Local Eatery,Food
b5aa6d50-58a1-47cf-b3c9-dca53f46833d,ACC-STUDENT-005,2025-06-16T20:42:00Z,677.85,NPR,DEBIT,COMPLETED,Burger & Fries,Bakery,Food
ab2f146e-785b-42e4-b08a-314a9b843178,ACC-STUDENT-002,2025-05-13T20:49:00Z,599.67,NPR,DEBIT,COMPLETED,Breakfast,Burger House,Food
5dbbb983-31a7-4fed-8550-93ddd5c3de7b,ACC-STUDENT-003,2025-05-12T12:04:00Z,518.65,NPR,DEBIT,COMPLETED,Meals,Cafe,Food
7b08ac88-c9d2-44f5-860c-8bf993603bfa,ACC-STUDENT-004,2025-09-01T13:10:00Z,308.12,NPR,DEBIT,COMPLETED,Burger & Fries,Restaurant,Food
13fb1877-5e66-4527-ba37-aae8f0d19ef7,ACC-STUDENT-005,2025-10-30T20:00:00Z,668.02,NPR,DEBIT,COMPLETED,Burger & Fries,Canteen,Food
492aaa66-4b65-4a27-aa93-92ed48b9859f,ACC-STUDENT-001,2025-07-01T09:29:00Z,95.86,NPR,DEBIT,COMPLETED,Ride Sharing,Bus,TRANSPORT
0c904739-b0a9-4102-827e-c23639bb348f,ACC-STUDENT-002,2025-12-12T12:47:00Z,738.91,NPR,DEBIT,COMPLETED,Snacks,Burger House,food
f022531d-5bc4-4529-a9cd-8806f46fb760,ACC-STUDENT-002,2025-03-08T12:00:00Z,1675.51,NPR,DEBIT,COMPLETED,Monthly Supplies,Bhatbhateni,Groceries
1b7efdff-aff6-47aa-af22-b8a0d0279599,ACC-STUDENT-002,2025-04-27T07:00:00Z,3488.89,NPR,DEBIT,COMPLETED,Hotel Stay,Hotel Chitwan,Travel
b093543a-116b-40bf-917c-0c0248ca0678,ACC-STUDENT-003,2025-05-25T18:30:00Z,-998.74,NPR,DEBIT,COMPLETED,Bowling Session,Spotify,Entertainment
f1e46945-9ea5-44c4-b653-d978151a13bc,ACC-STUDENT-005,2025-07-10T09:21:00Z,385.77,NPR,DEBIT,COMPLETED,Ride Sharing,InDrive,Transport
2b5fb88a-b91e-4b98-8887-f69ed1860908,ACC-STUDENT-002,2025-08-28T09:21:00Z,246.44,NPR,DEBIT,COMPLETED,Daily Commute,Pathao,Transport
31116668-eeb8-4f87-be3c-5b78494d0423,ACC-STUDENT-001,2025-08-03T12:00:00Z,2185.25,NPR,DEBIT,COMPLETED,Vegetables & Fruits,Big Mart,Groceries
79b0d01b-a516-443b-bd41-e942b80d057c,ACC-STUDENT-003,2025-01-20T12:09:00Z,735.99,NPR,DEBIT,COMPLETED,Coke and Momo,Cafe,Food
fe8f8a2c-e6a2-476f-a1c8-edc78917271b,ACC-STUDENT-003,2025-04-02T08:30:00Z,200.97,NPR,DEBIT,COMPLETED,Cappuccino,Local Tea Stall,Coffee
0ddb6632-5fb0-444a-9cdc-8dedcd30464d,ACC-STUDENT-005,2025-12-02T19:13:00Z,196.97,NPR,DEBIT,COMPLETED,Breakfast,Boba Shop,Food
be137bee-601c-4bb4-9d10-727b6d82da39,ACC-STUDENT-004,2025-10-16T12:13:00Z,243.08,NPR,DEBIT,COMPLETED,Snacks,Restaurant,Food
d8f2441e-a931-40ab-ac3f-59923ee27661,ACC-STUDENT-003,2025-12-05T17:20:00Z,185.61,NPR,DEBIT,COMPLETED,Bus Ticket,Local Taxi,Transport
47c8f2aa-b6fa-4372-9c0d-b6cd21bbd6a3,ACC-STUDENT-004,2025-05-25T12:10:00Z,669.88,NPR,DEBIT,COMPLETED,Snacks,Bakery,Food
f0b156f3-c35c-4210-92cc-7995088efb0a,ACC-STUDENT-005,2025-07-29T13:25:00Z,517.62,NPR,DEBIT,COMPLETED,Coke and Momo,Burger House,Food
c51ff0c3-80b8-4f73-86e3-4b0aebb2109f,ACC-STUDENT-003,2025-03-10T09:08:00Z,109.4,NPR,DEBIT,COMPLETED,Bus Ticket,InDrive,Transport
e25c41dd-bc16-4037-a142-a1e6c3a4dc7c,ACC-STUDENT-002,2025-04-02T13:16:00Z,569.48,NPR,DEBIT,COMPLETED,Dinner,Canteen,Food
7cc52f5d-1f17-4d69-b0b7-12d029bbd7da,ACC-STUDENT-002,2025-04-09T08:30:00Z,101.86,NPR,DEBIT,COMPLETED,Latte,Local Tea Stall,Coffee
8f76166b-3723-496c-aae9-36910ef94207,ACC-STUDENT-005,2025-06-22T12:00:00Z,4414.54,NPR,DEBIT,COMPLETED,Dairy Products,Fresh Vegetable Vendor,Groceries
046caec2-95e2-4125-bfc9-60cf52be5863,ACC-STUDENT-001,2025-02-14T08:30:00Z,120.48,NPR,DEBIT,COMPLETED,Americano,Coffee Point,COFFEE
793dd95b-1f2c-4e30-bc8e-f9370965e553,ACC-STUDENT-004,2025-03-17T16:20:00Z,5106.17,NPR,DEBIT,COMPLETED,Birthday Gift,Daraz,Shopping
eaed2830-75eb-47ac-9682-8c0dc216b278,ACC-STUDENT-005,2025-04-02T17:29:00Z,458.57,NPR,DEBIT,COMPLETED,Daily Commute,Microbus,Transport
85429534-d3e3-469b-98c2-809be9c48703,ACC-STUDENT-002,2025-02-11T19:09:00Z,789.72,NPR,DEBIT,COMPLETED,Coke and Momo,Restaurant,Food
6d6b5111-4ded-470e-adab-f00e4d29526f,ACC-STUDENT-004,2025-08-16T12:00:00Z,3410.77,NPR,DEBIT,COMPLETED,Vegetables & Fruits,Big Mart,Groceries
c89efe4d-f4dd-4848-b006-32bb01bc603a,ACC-STUDENT-005,2025-11-30T12:04:00Z,734.37,NPR,DEBIT,COMPLETED,Burger & Fries,Burger House,Food
2d815a18-3ba6-4018-855e-c88bac42ab17,ACC-STUDENT-004,2025-05-28T12:22:00Z,380.66,NPR,DEBIT,COMPLETED,Coke and Momo,Boba Shop,Food
4b93346e-0dbe-43d3-8e75-daff7fcc051b,ACC-STUDENT-002,2025-11-04T08:30:00Z,156.21,NPR,DEBIT,COMPLETED,Chiya,Red Mug Cafe,Coffee
1c7d0b49-c806-4f9b-b638-ec926a2af251,ACC-STUDENT-005,2025-12-05T18:59:00Z,414.05,NPR,DEBIT,COMPLETED,Ride Sharing,Bus,Transport
b4086f39-edc3-4a2c-beab-75a5d60daea5,ACC-STUDENT-004,2025-04-27T17:45:00Z,294.31,NPR,DEBIT,COMPLETED,Taxi Ride,Sajha Yatayat,Transport
0115f93e-0762-463d-9446-102609a0697c,ACC-STUDENT-004,2025-07-24T14:30:00Z,7141.94,NPR,CREDIT,COMPLETED,Tutoring fee,Freelance Work,Income
94d59403-2676-4f0f-9e67-673d92d6cd26,ACC-STUDENT-004,2025-12-19T18:35:00Z,160.78,NPR,DEBIT,COMPLETED,Bus Ticket,Bus,Transport
b79ca922-86f8-4d1e-b3cf-b0dea76bd122,ACC-STUDENT-005,2025-08-21T18:13:00Z,163.03,NPR,DEBIT,COMPLETED,Ride Sharing,InDrive,Transport
4fd6b13c-19ba-4b5e-8dfa-03a880688d28,ACC-STUDENT-005,2025-04-24T14:30:00Z,7087.17,NPR,CREDIT,COMPLETED,Scholarship payout,Tutoring,Income
000d56d0-2863-43ae-9385-bb98557cf247,ACC-STUDENT-004,2025-11-03T13:10:00Z,418.99,NPR,DEBIT,COMPLETED,Snacks,Boba Shop,food
7141e135-decb-4713-b69d-f6d9cdae937e,ACC-STUDENT-002,2025-11-19T09:34:00Z,315.22,NPR,DEBIT,COMPLETED,Bus Ticket,Sajha Yatayat,Transport
005f4f4e-cd16-42c7-a03f-b61f873634fb,ACC-STUDENT-002,2025-03-20T12:30:00Z,304.93,NPR,DEBIT,COMPLETED,Dinner,Boba Shop,Food
7f0b40e9-dbfd-4d84-92f8-6beed0fd02de,ACC-STUDENT-002,2025-08-06T19:13:00Z,633.84,NPR,DEBIT,COMPLETED,Lunch,Bakery,FOOD
ec3498a2-78a7-4b8b-8099-9b008749b47c,ACC-STUDENT-001,2025-02-13T08:30:00Z,265.75,NPR,DEBIT,COMPLETED,Americano,Local Tea Stall,Coffee
a30647b7-76fb-44da-933a-0e83a2b5842e,ACC-STUDENT-001,2025-01-22T19:25:00Z,796.85,NPR,DEBIT,COMPLETED,Coke and Momo,Restaurant,Food
da8f5f8d-01e3-4f30-ad80-da169f158701,ACC-STUDENT-003,2025-03-29T12:00:00Z,2265.44,NPR,DEBIT,COMPLETED,Vegetables & Fruits,Saleways,Groceries
37173360-e5ef-4bbc-a4ea-4182d21ab8c4,ACC-STUDENT-004,2025-12-21T12:00:00Z,2619.48,NPR,DEBIT,COMPLETED,Vegetables & Fruits,Bhatbhateni,Groceries
727c7e99-4e81-4160-a79e-674da6ef7e83,ACC-STUDENT-001,2025-08-15T20:21:00Z,780.82,NPR,DEBIT,COMPLETED,Snacks,Boba Shop,Food
a0acd034-48ee-448b-bd14-e8fd86d66ec6,ACC-STUDENT-001,2025-06-30T20:19:00Z,451.18,NPR,DEBIT,COMPLETED,Breakfast,Canteen,Food
77189c6e-b123-485f-96ea-238f2b24cf3b,ACC-STUDENT-001,2025-12-21T12:00:00Z,2672.05,NPR,DEBIT,COMPLETED,Vegetables & Fruits,Saleways,Groceries
96d0c684-d7dd-443c-95bf-be7eb05b521b,ACC-STUDENT-003,2025-10-23T09:51:00Z,279.08,NPR,DEBIT,COMPLETED,Taxi Ride,Local Taxi,Transport
01694c35-29b5-4183-a32b-1ac8c1ea61b3,ACC-STUDENT-003,2025-02-12T17:36:00Z,261.39,NPR,DEBIT,COMPLETED,Daily Commute,Local Taxi,Transport
5232320b-3c83-4885-a1a4-6c44deda1f2c,ACC-STUDENT-002,2025-12-10T13:54:00Z,542.13,NPR,DEBIT,COMPLETED,Coke and Momo,Canteen,Food
62c0f885-807c-4ce3-9c93-87eeda8d80a7,ACC-STUDENT-002,2025-05-04T12:00:00Z,3519.19,NPR,DEBIT,COMPLETED,Dairy Products,Local Grocery,Groceries
362c5951-4889-4e4e-9939-9ee02b815eee,ACC-STUDENT-001,2025-06-19T20:18:00Z,570.01,NPR,DEBIT,COMPLETED,Breakfast,Boba Shop,Food
f4bc24e6-ba5d-4f64-b44b-9cf4a5804213,ACC-STUDENT-004,2025-12-12T12:42:00Z,356.35,NPR,DEBIT,COMPLETED,Snacks,Restaurant,Food
0b025555-1949-43f4-abfe-3b1077000e8c,ACC-STUDENT-002,2025-04-01T19:16:00Z,507.86,NPR,DEBIT,COMPLETED,Lunch,Boba Shop,Food
f760a829-8071-4271-9485-5812fb1b0dfc,ACC-STUDENT-005,2025-09-21T18:49:00Z,270.91,NPR,DEBIT,COMPLETED,Taxi Ride,Microbus,Transport
e6bfe552-0839-477b-ae8d-e669edcea12c,ACC-STUDENT-002,2025-02-15T13:30:00Z,424.22,NPR,DEBIT,COMPLETED,Meals,Cafe,Food
29582eab-0bee-40e3-ae9e-9f3860bda022,ACC-STUDENT-002,2025-06-18T08:30:00Z,298.38,NPR,DEBIT,COMPLETED,Chiya,Red Mug Cafe,Coffee
ef8bc499-170a-42e4-a512-41ff1a2d8327,ACC-STUDENT-005,2025-11-23T20:30:00Z,572.8,NPR,DEBIT,COMPLETED,Meals,Bakery,Food
0052e8d7-6409-45e6-98fb-7b87a62770fc,ACC-STUDENT-005,2025-12-22T08:30:00Z,129.64,NPR,DEBIT,COMPLETED,Chiya,Beans Cafe,Coffee
fb020ac2-5dc7-41fe-817b-ccee801eecd0,ACC-STUDENT-004,2025-07-24T17:33:00Z,176.17,NPR,DEBIT,COMPLETED,Daily Commute,Sajha Yatayat,Transport
dfe09e9a-2543-4903-9f22-35ebb8386606,ACC-STUDENT-004,2025-04-01T20:32:00Z,214.0,NPR,DEBIT,COMPLETED,Dinner,Restaurant,Food
a585385d-ddb1-4451-a0a2-2ccb00e8ceba,ACC-STUDENT-005,2025-11-04T12:32:00Z,709.37,NPR,DEBIT,COMPLETED,Coke and Momo,Local Eatery,Food
d4ff2204-4693-4527-a3d8-348ac837786c,ACC-STUDENT-002,2025-06-21T12:00:00Z,1537.43,NPR,DEBIT,COMPLETED,Monthly Supplies,Big Mart,GROCERIES
19bed839-6b1e-4922-bd24-a05907268fe7,ACC-STUDENT-004,2025-10-20T08:30:00Z,300.54,NPR,DEBIT,COMPLETED,Chiya,Beans Cafe,Coffee
eee02a70-e0dd-4597-8fe3-6686abf1e91b,ACC-STUDENT-004,2025-02-24T13:26:00Z,567.01,NPR,DEBIT,COMPLETED,Dinner,Restaurant,Food
fabf2f9d-bb65-40b1-a537-30d0bf6dc282,ACC-STUDENT-004,2025-07-14T12:00:00Z,604.87,NPR,DEBIT,COMPLETED,Lunch,Burger House,Food
f19b0496-26a9-4217-86f4-ddb353dfdfc7,ACC-STUDENT-003,2025-12-05T08:30:00Z,101.99,NPR,DEBIT,COMPLETED,Cappuccino,Local Tea Stall,Coffee
1bfa8bbb-50ba-46f3-a0b6-dd74fd753456,ACC-STUDENT-003,2025-11-10T14:30:00Z,5670.79,NPR,CREDIT,COMPLETED,Part-time Payment,Scholarship,Income
0183895e-3914-45da-82da-95aa88bf2c43,ACC-STUDENT-002,2025-03-08T13:26:00Z,730.46,NPR,DEBIT,COMPLETED,Dinner,Bakery,Food
811d8ab4-f875-4e87-9a65-cb429982b7ec,ACC-STUDENT-003,2025-12-10T20:50:00Z,684.01,NPR,DEBIT,COMPLETED,Breakfast,Canteen,Food
c6fede25-b1f0-4d9e-9839-bf8f44f9b834,ACC-STUDENT-001,2025-02-08T12:00:00Z,3589.06,NPR,DEBIT,COMPLETED,Monthly Supplies,Local Grocery,Groceries
406ffee5-3047-4835-b1f3-38ddadd29582,ACC-STUDENT-002,2025-03-05T11:15:00Z,2071.58,NPR,DEBIT,COMPLETED,WiFi Internet,Worldlink,Utilities
4d5393aa-b907-4dd6-8f92-f25b64cf102e,ACC-STUDENT-004,2025-01-26T12:44:00Z,174.01,NPR,DEBIT,COMPLETED,Meals,Local Eatery,Food
2e493384-f4a1-4f9c-802e-c6cd175d743a,ACC-STUDENT-002,2025-04-22T13:17:00Z,710.58,NPR,DEBIT,COMPLETED,Snacks,Canteen,Food
eaff2e97-fa95-43f1-a079-55b4ba5cb96e,ACC-STUDENT-004,2025-08-01T18:37:00Z,186.12,NPR,DEBIT,COMPLETED,Bus Ticket,InDrive,Transport
7042bb85-6cdb-4fbf-9a48-6637c11fd5cc,ACC-STUDENT-001,2025-07-11T19:16:00Z,661.56,NPR,DEBIT,COMPLETED,Coke and Momo,Canteen,Food
b21e1b10-27d8-4369-b5b0-d93539eab008,ACC-STUDENT-001,2025-02-03T13:50:00Z,605.83,NPR,DEBIT,COMPLETED,Snacks,Boba Shop,Food
9ddc2d7b-601d-4b1a-8fd3-08745b00db62,ACC-STUDENT-001,2025-09-21T09:11:00Z,239.68,NPR,DEBIT,COMPLETED,Ride Sharing,Microbus,Transport
7d9d8be6-cf74-4b81-8a89-2d70baf1818f,ACC-STUDENT-003,2025-04-01T17:08:00Z,50.26,NPR,DEBIT,COMPLETED,Micro Fare,InDrive,Transport
7e1bdeaf-c720-4950-ad8a-84957a423018,ACC-STUDENT-005,2025-08-18T18:33:00Z,441.38,NPR,DEBIT,COMPLETED,Micro Fare,InDrive,Transport
003eb358-7468-4a86-b66c-211b4d1da0f4,ACC-STUDENT-004,2025-04-10T09:18:00Z,170.69,NPR,DEBIT,COMPLETED,Bus Ticket,Sajha Yatayat,Transport
6a1d796e-d53d-442f-9322-f1685f7bbca0,ACC-STUDENT-004,2025-05-04T18:30:00Z,743.57,NPR,DEBIT,COMPLETED,Popcorn & Soda,Fuzz Factory,Entertainment
de41826d-a08e-4dbf-b6e6-2603c2cb555f,ACC-STUDENT-005,2025-12-10T12:37:00Z,688.85,NPR,DEBIT,COMPLETED,Lunch,Boba Shop,Food
c32a5870-59aa-4b0a-9eb9-8f82b5ea7b7a,ACC-STUDENT-004,2025-07-21T13:02:00Z,723.23,NPR,DEBIT,COMPLETED,Dinner,Boba Shop,Food
ab53f6e8-95ab-444b-9a45-147839f9ab02,ACC-STUDENT-001,2025-10-06T18:11:00Z,447.32,NPR,DEBIT,COMPLETED,Bus Ticket,Local Taxi,Transport
cad2d3bb-bf8d-4a86-b526-ef0991079b9f,ACC-STUDENT-001,2025-09-18T12:54:00Z,463.49,NPR,DEBIT,COMPLETED,Burger & Fries,Restaurant,Food
741d2703-fb93-49b9-9bb1-17838bc37921,ACC-STUDENT-004,2025-09-10T17:08:00Z,386.62,NPR,DEBIT,COMPLETED,Bus Ticket,InDrive,Transport
39cc737d-69cf-4668-8648-7e29523dead1,ACC-STUDENT-005,2025-09-29T19:21:00Z,700.94,NPR,DEBIT,COMPLETED,Dinner,Burger House,Food
76508a46-ddbc-4c82-8643-9b78dcd76247,ACC-STUDENT-001,2025-04-07T18:30:00Z,251.87,NPR,DEBIT,COMPLETED,Daily Commute,Bus,Transport
4cafa010-878e-4441-8c1c-9540cd19faf1,ACC-STUDENT-003,2025-10-17T09:00:00Z,381.75,NPR,DEBIT,COMPLETED,Daily Commute,InDrive,Transport
98cda777-4a0b-4acb-a834-59d1955681d2,ACC-STUDENT-001,2025-05-22T13:12:00Z,552.86,NPR,DEBIT,COMPLETED,,Boba Shop,Food
e65430f6-83d4-4c1c-9451-e59c6f92a6dc,ACC-STUDENT-005,2025-05-28T09:02:00Z,108.34,NPR,DEBIT,COMPLETED,Taxi Ride,Bus,Transport
2ed83512-5686-405d-b459-43b53aff40b7,ACC-STUDENT-002,2025-07-20T12:00:00Z,2800.42,NPR,DEBIT,COMPLETED,Monthly Supplies,,Groceries
21ca57a5-556a-4e87-b754-4fe98b8cab29,ACC-STUDENT-003,2026-01-06T19:15:00Z,650.71,NPR,DEBIT,COMPLETED,Burger & Fries,Cafe,Food
822c6602-d50b-4686-bab5-f9e09971ae7a,ACC-STUDENT-004,2025-09-15T19:19:00Z,509.79,NPR,DEBIT,COMPLETED,,Canteen,Food
bb9a662e-3c85-4427-8d89-f7ff423e537d,ACC-STUDENT-003,2025-10-28T16:20:00Z,4191.97,NPR,DEBIT,COMPLETED,Gift for Mom,Miniso,Shopping
ad9ff295-cf9b-4a37-90bf-cec47ec9ef21,ACC-STUDENT-002,2025-12-01T09:00:00Z,27768.65,NPR,CREDIT,COMPLETED,Monthly Allowance,Family Transfer,Income
89718be7-16f1-4788-8f46-6eaeffd633a6,ACC-STUDENT-004,2025-07-19T12:22:00Z,196.34,NPR,DEBIT,COMPLETED,Snacks,Restaurant,Food
fb2a9ca5-34cf-4771-bc52-f74d1bfe8246,ACC-STUDENT-001,2025-04-29T13:33:00Z,284.77,NPR,DEBIT,COMPLETED,Dinner,Burger House,Food
63eebb4b-d9d2-40aa-90c8-1e7e0049cf71,ACC-STUDENT-003,2025-04-11T13:31:00Z,721.42,NPR,DEBIT,COMPLETED,Snacks,Bakery,Food
67002f36-71d5-47c7-9ef8-b8697aa69e93,ACC-STUDENT-004,2025-07-10T09:53:00Z,68.0,NPR,DEBIT,COMPLETED,Micro Fare,Pathao,Transport
8a717f96-b2d2-4ded-b0f1-49ef26b89f70,ACC-STUDENT-003,2025-06-07T09:33:00Z,291.25,NPR,DEBIT,COMPLETED,Daily Commute,Local Taxi,Transport
04dbc5c2-a07b-4897-bdf1-6157188d6854,ACC-STUDENT-005,2025-04-29T09:15:00Z,152.08,NPR,DEBIT,COMPLETED,Ride Sharing,InDrive,Transport
d900d663-9a53-471e-9bf3-9b898d271cf4,ACC-STUDENT-005,2025-08-28T09:27:00Z,475.13,NPR,DEBIT,COMPLETED,Taxi Ride,Pathao,Transport
f14352d9-774f-4c2d-8a27-9ba57f01dee8,ACC-STUDENT-003,2025-07-17 18:27:00,300.0,NPR,DEBIT,COMPLETED,Ride Sharing,Microbus,transport
a174063d-ddc6-4a6e-ab64-e8725c3237e0,ACC-STUDENT-002,2025-07-03T20:41:00Z,497.83,NPR,DEBIT,COMPLETED,Breakfast,Bakery,Food
ac604091-09ae-4b41-a4ed-12748b2edb60,ACC-STUDENT-003,2025-03-11T20:04:00Z,192.36,NPR,DEBIT,COMPLETED,,Burger House,Food
e5ca566b-97c6-4619-9007-1d3bc02d8988,ACC-STUDENT-002,2025-06-24T19:01:00Z,305.69,NPR,DEBIT,COMPLETED,Lunch,Local Eatery,Food
90d34ff4-9808-4abb-8c7c-83aaac9c5416,ACC-STUDENT-003,2025-04-07T17:35:00Z,305.68,NPR,DEBIT,COMPLETED,Ride Sharing,Bus,Transport
99c6b559-834f-4999-ad28-525742c10658,ACC-STUDENT-005,2025-08-27 09:50:00,380.11,NPR,DEBIT,COMPLETED,Ride Sharing,Pathao,Transport
fc3ca805-4aed-4d1e-b09b-7618f717d2fa,ACC-STUDENT-001,2025-12-11T08:30:00Z,330.67,NPR,DEBIT,COMPLETED,Americano,Beans Cafe,Coffee
2e898023-13f8-4d79-954c-001c35c024eb,ACC-STUDENT-003,2025-05-30T12:29:00Z,717.74,NPR,DEBIT,COMPLETED,Breakfast,Bakery,Food
b8a0c3b0-ca7d-4024-9750-ca2bef00e697,ACC-STUDENT-002,2025-12-16T19:34:00Z,299.78,NPR,DEBIT,COMPLETED,Burger & Fries,Cafe,Food
33bd0a9a-4ed3-4530-891f-8541df6d7fdb,ACC-STUDENT-003,2025-08-17T17:11:00Z,144.92,NPR,DEBIT,COMPLETED,Bus Ticket,Microbus,Transport
592910d0-5ea2-4423-910d-6185fcda6e70,ACC-STUDENT-004,2025-07-02T18:45:00Z,321.67,NPR,DEBIT,COMPLETED,Micro Fare,Pathao,Transport
a87840fd-1fc8-432e-9b2c-f109739cefb3,ACC-STUDENT-004,2025-11-16T18:30:00Z,0.0,NPR,DEBIT,COMPLETED,Bowling Session,One Cinemas,Entertainment
14572954-7794-4617-a0a2-41a97bd9da8e,ACC-STUDENT-005,2025-12-22T20:43:00Z,474.44,NPR,DEBIT,COMPLETED,Coke and Momo,Boba Shop,Food
d0f4b1db-cd8f-4be1-b8ea-7b937d3d184a,ACC-STUDENT-001,2025-02-27T08:30:00Z,180.58,NPR,DEBIT,COMPLETED,Chiya,Himalayan Java,Coffee
a92d2fd3-183b-4648-b322-113b1bc12c26,ACC-STUDENT-003,2025-07-08T17:24:00Z,125.46,NPR,DEBIT,COMPLETED,Bus Ticket,Pathao,Transport
1df171f2-7019-42ee-bf54-fcd049aa0015,ACC-STUDENT-001,2025-11-01T12:00:00Z,2042.09,NPR,DEBIT,COMPLETED,Vegetables & Fruits,Big Mart,Groceries
ee5a0ba0-fd04-4ec5-8d84-3ecd673ef6d5,ACC-STUDENT-001,2025-09-28T18:30:00Z,1000.99,NPR,DEBIT,COMPLETED,Netflix Subscription,Spotify,Entertainment
8793c0a9-defb-4148-b35b-3d037618852a,ACC-STUDENT-002,2025-01-13T12:27:00Z,722.08,NPR,DEBIT,COMPLETED,Meals,Bakery,Food
3abe0e66-e591-48a1-a96a-e032c0e85430,ACC-STUDENT-003,2025-04-04T17:21:00Z,137.07,NPR,DEBIT,COMPLETED,Bus Ticket,Pathao,Transport
cb10ea97-ef4f-4be9-806d-54d8aca29a7e,ACC-STUDENT-002,2025-09-29T12:32:00Z,408.66,NPR,DEBIT,COMPLETED,Snacks,Canteen,Food
59065ffc-cd9e-412a-a0fd-8d3f65c7fb0f,ACC-STUDENT-004,2025-08-05T20:42:00Z,347.46,NPR,DEBIT,COMPLETED,Snacks,Canteen,food
2c57f87e-bfcf-4f39-8d83-5c2348fe4b2c,ACC-STUDENT-001,2025-06-09T17:43:00Z,271.28,NPR,DEBIT,COMPLETED,Micro Fare,Sajha Yatayat,Transport
e9dfc400-9340-4f71-9ae3-7b13ce9eff7c,ACC-STUDENT-004,2025-01-17T17:50:00Z,63.23,NPR,DEBIT,COMPLETED,Micro Fare,Local Taxi,Transport
6eb6f295-1a2a-4bd0-9718-4e8171a71a1c,ACC-STUDENT-004,2025-08-21T09:46:00Z,-374.9,NPR,DEBIT,COMPLETED,Ride Sharing,Local Taxi,Transport
2455f516-a951-4ff6-aa23-20a53381acf5,ACC-STUDENT-005,2025-06-30T13:38:00Z,689.88,NPR,DEBIT,COMPLETED,,Boba Shop,Food
6972f34b-7ea5-4697-8561-e8c6caedf919,ACC-STUDENT-004,2025-06-02T16:20:00Z,1799.24,NPR,DEBIT,COMPLETED,Gift for Mom,Clothing Shop,Shopping
b0073b9e-9d8d-4290-ade9-9d7db0f0f1ba,ACC-STUDENT-001,2025-08-14T18:11:00Z,378.72,NPR,DEBIT,COMPLETED,Ride Sharing,Bus,Transport
6eaff1fd-01ad-43ec-89c9-7840bbd8b16f,ACC-STUDENT-004,2025-11-25T08:30:00Z,271.95,NPR,DEBIT,COMPLETED,Iced Coffee,Local Tea Stall,Coffee
1a738ad8-3e08-4064-878b-3d7754bde6c7,ACC-STUDENT-002,2025-04-26T18:19:00Z,380.27,NPR,DEBIT,COMPLETED,Daily Commute,Bus,Transport
b921ba69-8aa1-4e21-88fd-d3d9a08a1313,ACC-STUDENT-002,2025-01-14T12:25:00Z,321.2,NPR,DEBIT,COMPLETED,Burger & Fries,Bakery,Food
289f2096-3d82-49be-b403-9ab8fa51d84e,ACC-STUDENT-005,2025-07-30T20:01:00Z,746.5,NPR,DEBIT,COMPLETED,Meals,Restaurant,Food
ce7133b2-58cd-4189-94e3-eb9a557e2476,ACC-STUDENT-003,2025-10-02T07:00:00Z,9698.87,NPR,DEBIT,COMPLETED,Weekend Getaway,Yeti Airlines,TRAVEL
9d42b0f3-6fb6-4320-9f04-073f73459657,ACC-STUDENT-002,2025-10-16T19:29:00Z,202.83,NPR,DEBIT,COMPLETED,Coke and Momo,Cafe,Food
e48d4eb8-cb7e-44fa-8c9c-e9d0aaa8de21,ACC-STUDENT-002,2025-09-05T13:26:00Z,188.08,NPR,DEBIT,COMPLETED,Meals,Restaurant,Food
28bb0fe0-4d7b-4d3b-9859-c956c573adeb,ACC-STUDENT-005,2025-05-10T14:30:00Z,4299.04,NPR,CREDIT,COMPLETED,Part-time Payment,Part-time Gig,Income
a2be5b8c-5911-4f82-b107-4b0ef31c4dff,ACC-STUDENT-004,2025-09-05T17:31:00Z,465.7,NPR,DEBIT,COMPLETED,Ride Sharing,Local Taxi,Transport
2ab6f01d-fe62-476e-bbd4-75ae5c7dc074,ACC-STUDENT-002,2025-10-19T12:00:00Z,3546.05,NPR,DEBIT,COMPLETED,Rice and Oil,Big Mart,Groceries
6b9136ca-2747-4c80-aafe-ad181f084185,ACC-STUDENT-001,2025-05-30T08:30:00Z,254.17,NPR,DEBIT,COMPLETED,Iced Coffee,Himalayan Java,Coffee
cfd01285-652a-49f4-b273-836b628fa2b4,ACC-STUDENT-003,2025-10-04T12:00:00Z,3698.11,NPR,DEBIT,COMPLETED,Dairy Products,Fresh Vegetable Vendor,Groceries
331b9afd-b1f8-473f-ba9c-54e05f632f07,ACC-STUDENT-003,2025-09-29T12:45:00Z,523.44,NPR,DEBIT,COMPLETED,Coke and Momo,Canteen,Food
b0245f93-7904-4c8b-b293-5acc81b5245f,ACC-STUDENT-002,2025-04-10T13:44:00Z,519.6,NPR,DEBIT,COMPLETED,Snacks,Burger House,Food
29705b17-9953-4d4e-9eb9-065b4554287b,ACC-STUDENT-005,2026-01-07T12:07:00Z,633.09,NPR,DEBIT,COMPLETED,Lunch,Cafe,Food
345535bd-df02-4727-ad6d-a11e9da9c685,ACC-STUDENT-005,2025-10-20T09:08:00Z,271.66,NPR,DEBIT,COMPLETED,Ride Sharing,Pathao,Transport
5faf88a3-9430-4769-aaac-9a90fe7adfe9,ACC-STUDENT-005,2025-08-12T12:18:00Z,204.2,NPR,DEBIT,COMPLETED,Dinner,Canteen,Food
c74e9f4a-cefb-4482-8665-1d6a2ffae07b,ACC-STUDENT-001,2025-09-23T09:24:00Z,326.15,NPR,DEBIT,COMPLETED,Micro Fare,Microbus,Transport
e7b15098-c772-43cf-897e-61f0f1ad43b5,ACC-STUDENT-004,2025-11-10T17:49:00Z,229.44,NPR,DEBIT,COMPLETED,Micro Fare,Sajha Yatayat,Transport
7783db5f-c3c2-42b4-92e4-b8b61b57e865,ACC-STUDENT-004,2025-06-21T19:46:00Z,308.52,NPR,DEBIT,COMPLETED,Dinner,Bakery,Food
80feb40d-47c4-446d-bab2-b527ca1a33e7,ACC-STUDENT-001,2025-03-25T09:25:00Z,437.79,NPR,DEBIT,COMPLETED,Daily Commute,Sajha Yatayat,Transport
041a8831-55ad-46f9-a80b-ad44dc174069,ACC-STUDENT-001,2025-12-18T08:30:00Z,258.35,NPR,DEBIT,COMPLETED,Americano,Local Tea Stall,Coffee
44950681-bd5e-4b36-993f-9fa679cc0cdc,ACC-STUDENT-002,2025-10-21T08:30:00Z,140.69,NPR,DEBIT,COMPLETED,Cappuccino,Red Mug Cafe,Coffee
0b12a0fb-0a5d-4b77-af99-5bdbd6596287,ACC-STUDENT-005,2025-11-17T19:16:00Z,635.65,NPR,DEBIT,COMPLETED,Breakfast,Bakery,Food
2768c136-0b6d-4e29-9153-fe1fc6da10de,ACC-STUDENT-002,2025-09-14T17:22:00Z,107.35,NPR,DEBIT,COMPLETED,Bus Ticket,Pathao,Transport
17f38b76-6d4a-42bc-a0c2-4826f06fb509,ACC-STUDENT-003,2025-05-17T19:12:00Z,261.84,NPR,DEBIT,COMPLETED,Lunch,Cafe,Food
83273899-ff0f-4465-80d4-c086e8358bc1,ACC-STUDENT-001,2025-11-27T19:30:00Z,635.0,NPR,DEBIT,COMPLETED,Breakfast,Local Eatery,Food
4005e56f-c9b1-4b2b-8737-f0c519d1c457,ACC-STUDENT-002,2025-12-09T20:02:00Z,627.72,NPR,DEBIT,COMPLETED,Lunch,Bakery,Food
6078aa38-7f57-4233-acb2-92c2ad850bb3,ACC-STUDENT-005,2025-02-05 11:15:00,1379.84,NPR,DEBIT,COMPLETED,WiFi Internet,Worldlink,Utilities
6ed86e4f-925f-4c74-886b-94d5939948f7,ACC-STUDENT-002,2025/03/04,184.46,NPR,DEBIT,COMPLETED,Iced Coffee,Local Tea Stall,Coffee
f516a677-2fe9-4a6a-8e1d-19b721a51821,ACC-STUDENT-002,2025-08-27T18:38:00Z,437.13,NPR,DEBIT,COMPLETED,Daily Commute,InDrive,Transport
2d5e0019-01b0-4ce4-86a0-820ebcadbaed,ACC-STUDENT-001,2025-01-30T19:18:00Z,543.14,NPR,DEBIT,COMPLETED,Coke and Momo,Restaurant,Food
e14b93c0-14d1-4ff3-bfeb-d748c8eb34b2,ACC-STUDENT-002,2025-01-17T18:13:00Z,179.31,NPR,DEBIT,COMPLETED,Daily Commute,Local Taxi,Transport
35bafd29-bffe-4378-98ca-f81027c37715,ACC-STUDENT-003,2025-12-10T18:55:00Z,176.26,NPR,DEBIT,COMPLETED,Bus Ticket,Bus,Transport
328cae76-888b-4d4a-8c4e-6ec9a4e600da,ACC-STUDENT-002,2025-04-11T20:01:00Z,197.58,NPR,DEBIT,COMPLETED,Coke and Momo,Burger House,Food
8a46867f-3281-44aa-9e8e-f2751f4b3fb6,ACC-STUDENT-004,2025-02-15T12:00:00Z,"Rs. 2,948.16",NPR,DEBIT,COMPLETED,Dairy Products,Saleways,Groceries
c64396f2-b50e-4794-ad09-e18bf4eebd60,ACC-STUDENT-003,2025-06-24T08:30:00Z,119.79,NPR,DEBIT,COMPLETED,Americano,Red Mug Cafe,Coffee
173c9b2f-95f1-462c-9881-7da6cd96d20c,ACC-STUDENT-001,2025-04-07T13:02:00Z,336.47,NPR,DEBIT,COMPLETED,Breakfast,Bakery,Food
4f99e39e-1fd1-4d1d-b2a2-d40ae3a0707d,ACC-STUDENT-001,2025-11-30T13:57:00Z,222.05,NPR,DEBIT,COMPLETED,Lunch,Restaurant,Food
cf9d1405-69cb-4dff-8da6-3a273d958fea,ACC-STUDENT-003,2025-08-12T17:45:00Z,243.27,NPR,DEBIT,COMPLETED,Taxi Ride,Sajha Yatayat,Transport
f28447e4-6eb2-443c-906c-45035e98ba4f,ACC-STUDENT-004,2026-01-03T12:00:00Z,1782.56,NPR,DEBIT,COMPLETED,Dairy Products,Local Grocery,Groceries
c589f854-c4a0-42a9-b9e5-8fd9b7974e69,ACC-STUDENT-001,2025-12-06T18:10:00Z,425.91,NPR,DEBIT,COMPLETED,Daily Commute,Bus,Transport
40b78860-3e95-4d94-ada5-201b429ef0bb,ACC-STUDENT-003,2025-01-22T20:56:00Z,421.52,NPR,DEBIT,COMPLETED,Coke and Momo,Bakery,Food
e37cdd08-dfd3-496e-9a37-29e4fd1971a3,ACC-STUDENT-004,2025-12-31T18:36:00Z,224.37,NPR,DEBIT,COMPLETED,Bus Ticket,,Transport
867e1b4e-6cc4-4721-885f-2fca2b38dc3a,ACC-STUDENT-005,2025-05-19T08:30:00Z,239.32,NPR,DEBIT,COMPLETED,Cappuccino,Coffee Point,Coffee
f3300a3c-ee66-4b9d-a04b-67f756d010a7,ACC-STUDENT-002,2025-03-11T20:22:00Z,697.59,NPR,DEBIT,COMPLETED,Lunch,Local Eatery,Food
e7ded690-248f-43fc-91fa-f66fb8c8b618,ACC-STUDENT-005,2025-07-07T09:27:00Z,225.93,NPR,DEBIT,COMPLETED,Bus Ticket,Sajha Yatayat,Transport
d3789d44-9c94-4057-933b-8df9a6312c7c,ACC-STUDENT-001,2025-11-15T12:00:00Z,1808.8,NPR,DEBIT,COMPLETED,,Saleways,Groceries
cd7d1c74-8b74-43ae-9b7c-d192748ac7bf,ACC-STUDENT-003,2025-09-26T20:31:00Z,447.0,NPR,DEBIT,COMPLETED,Coke and Momo,Canteen,Food
3ae37526-7ca1-4ccd-989a-abf5f7e19df5,ACC-STUDENT-001,2025-12-07T18:30:00Z,1060.51,NPR,DEBIT,COMPLETED,Spotify Premium,Fuzz Factory,Entertainment
4297d39a-f15d-4842-9eb8-caf6d4b79ddd,ACC-STUDENT-002,2025-08-30T16:20:00Z,3727.18,NPR,DEBIT,COMPLETED,,Bhatbhateni Fashion,Shopping
56b2c34e-329d-4b6c-8df4-69063cc860d9,ACC-STUDENT-003,2025-11-16T13:50:00Z,380.13,NPR,DEBIT,COMPLETED,Lunch,Cafe,Food
f2d55391-5e12-4978-a89e-7fc1159bea9f,ACC-STUDENT-003,2025-05-18T12:53:00Z,735.75,NPR,DEBIT,COMPLETED,,Bakery,Food
a48c0ef8-c90b-4e4a-90a4-ab1bedff7407,ACC-STUDENT-002,2025-04-16T08:30:00Z,143.41,NPR,DEBIT,COMPLETED,Iced Coffee,Beans Cafe,Coffee
37a9ad00-11c7-49e8-9787-ca0a536d9a9b,ACC-STUDENT-003,2025-01-29T17:18:00Z,370.13,NPR,DEBIT,COMPLETED,Daily Commute,Local Taxi,Transport
2888287a-420a-494b-9955-11cdb35f77e3,ACC-STUDENT-004,2025-12-10T14:30:00Z,"Rs. 4,373.86",NPR,CREDIT,COMPLETED,Monthly Allowance,Scholarship,Income
a9194e68-7794-44f3-9f11-673d78b46ab1,ACC-STUDENT-005,2026-01-10T14:30:00Z,7372.43,NPR,CREDIT,COMPLETED,Part-time Payment,Tutoring,Income
278fa816-963b-40bf-88a3-e4e91135a81d,ACC-STUDENT-002,2025-08-21T08:30:00Z,126.92,NPR,DEBIT,COMPLETED,Iced Coffee,Local Tea Stall,Coffee
d549896d-30a9-453f-8627-2ea84d4d99d3,ACC-STUDENT-005,2025-07-30T09:02:00Z,75.12,NPR,DEBIT,COMPLETED,Bus Ticket,Pathao,Transport
be3e4bf3-ab22-4551-8413-de7f16611141,ACC-STUDENT-004,2025-05-26T19:17:00Z,325.06,NPR,DEBIT,COMPLETED,,Boba Shop,Food
184865c2-ca95-4318-98c0-13a457954db0,ACC-STUDENT-001,2025-07-08T09:01:00Z,116.47,NPR,DEBIT,COMPLETED,Ride Sharing,Bus,Transport
6bdeb685-887b-4ce9-bbb6-0a6fa2255017,ACC-STUDENT-002,2025-09-04T19:05:00Z,799.22,NPR,DEBIT,COMPLETED,Breakfast,Local Eatery,Food
40fba9ae-ea2c-4962-a12a-cdfbc2c4ef91,ACC-STUDENT-003,2025-02-04T08:30:00Z,119.85,NPR,DEBIT,COMPLETED,Chiya,Coffee Point,Coffee
eae50962-3960-4dd3-8732-42fa8669ff8c,ACC-STUDENT-003,2025-06-18 18:53:00,358.55,NPR,DEBIT,COMPLETED,Ride Sharing,Pathao,Transport
fc30a59f-6138-4149-9af3-ca0e12534e70,ACC-STUDENT-002,2025-02-17T18:27:00Z,59.36,NPR,DEBIT,COMPLETED,Taxi Ride,Microbus,Transport
ffa80e45-4951-40da-8ca9-06d867d21d53,ACC-STUDENT-003,2025-09-19T18:05:00Z,315.33,NPR,DEBIT,COMPLETED,Daily Commute,Sajha Yatayat,Transport
0517f2b7-7132-4c1b-b051-ea4287dac157,ACC-STUDENT-005,2025-08-01T08:30:00Z,220.1,NPR,DEBIT,COMPLETED,Latte,Red Mug Cafe,Coffee
9a59eba4-b418-4897-af29-82f855c87c42,ACC-STUDENT-001,2025-06-08T13:36:00Z,399.41,NPR,DEBIT,COMPLETED,Lunch,Bakery,Food
9798a3f0-2ccf-4cfa-9cbc-22309dab232d,ACC-STUDENT-001,2025-05-13T20:28:00Z,302.32,NPR,DEBIT,COMPLETED,Lunch,Boba Shop,Food
2f38f461-a47f-4ad0-b4be-0bb891152bef,ACC-STUDENT-001,2025-04-01T09:00:00Z,34644.1,NPR,CREDIT,COMPLETED,Monthly Allowance,Family Transfer,Income
a8ff524c-b192-4078-a3bd-54fe4e7a11fa,ACC-STUDENT-002,2025/12/21,702.48,NPR,DEBIT,COMPLETED,Snacks,Boba Shop,Food
2ef00478-5491-4452-a35d-1015aa1826f2,ACC-STUDENT-002,2025-12-27T20:40:00Z,271.02,NPR,DEBIT,COMPLETED,Snacks,Cafe,Food
92a2b882-d54d-43d2-8bff-aedf95088ba1,ACC-STUDENT-003,2025-07-18T20:37:00Z,552.98,NPR,DEBIT,COMPLETED,Coke and Momo,Bakery,FOOD
19752cce-49c4-4595-94a1-d931bbfefcfc,ACC-STUDENT-002,2025-11-18T09:57:00Z,456.41,NPR,DEBIT,COMPLETED,Bus Ticket,Local Taxi,Transport
c46eb30b-a0d9-4bb8-a162-2d64ee166c55,ACC-STUDENT-005,2025-04-06T12:00:00Z,3288.55,NPR,DEBIT,COMPLETED,Weekly Groceries,,Groceries
4a96b958-6fc6-489a-9163-5b0ad7dbc4af,ACC-STUDENT-004,2025-02-04T08:30:00Z,326.44,NPR,DEBIT,COMPLETED,Cappuccino,Local Tea Stall,Coffee
3e90e6f4-3fad-44f6-ac38-e68c51b92220,ACC-STUDENT-001,2025-02-12T09:53:00Z,260.33,NPR,DEBIT,COMPLETED,Ride Sharing,InDrive,Transport
288f79ef-362f-4280-9754-589221642437,ACC-STUDENT-002,2025-01-24T13:13:00Z,780.45,NPR,DEBIT,COMPLETED,Snacks,Bakery,Food
b65d7b9d-38bb-49ff-8530-bea05b524eec,ACC-STUDENT-002,2025-05-11T13:47:00Z,573.3,NPR,DEBIT,COMPLETED,Dinner,Burger House,Food
cffe902e-e642-4ff4-927d-32ed77791a60,ACC-STUDENT-005,2025-05-12T12:57:00Z,293.85,NPR,DEBIT,COMPLETED,Meals,Bakery,Food
4659ef66-9b31-4530-89ed-b096045d109b,ACC-STUDENT-003,2025-10-05T12:00:00Z,2496.87,NPR,DEBIT,COMPLETED,Vegetables & Fruits,Saleways,Groceries
f9aa4716-2d42-4507-ace0-552aab6e60f2,ACC-STUDENT-005,2025-06-02T10:00:00Z,8915.0,NPR,DEBIT,COMPLETED,House Rent,Rent House Ltd,UTILITIES
71a18e3a-d69a-4d48-a4be-5ccb4af4c2fd,ACC-STUDENT-001,2025-10-08T08:30:00Z,309.07,NPR,DEBIT,COMPLETED,Iced Coffee,Coffee Point,Coffee
057dfe70-38ea-48af-a469-8a4547f88e2a,ACC-STUDENT-005,2025-03-31T18:21:00Z,88.4,NPR,DEBIT,COMPLETED,,Sajha Yatayat,Transport
a2dabc62-6c3a-4f7c-b312-0dc8b727cedd,ACC-STUDENT-003,2025-12-17T18:55:00Z,464.22,NPR,DEBIT,COMPLETED,Ride Sharing,Microbus,Transport
253511f4-b905-42bd-90be-2459834e2ce9,ACC-STUDENT-002,2025/07/07,664.81,NPR,DEBIT,COMPLETED,Coke and Momo,Bakery,Food
5633d135-4996-45f3-b928-45d935a2432b,ACC-STUDENT-002,2025-11-15T08:00:00Z,314.86,NPR,DEBIT,COMPLETED,,,Entertainment
e26fad15-2236-48d7-ba1b-3d26c3ecab65,ACC-STUDENT-005,2025-11-08T12:49:00Z,710.69,NPR,DEBIT,COMPLETED,Lunch,Local Eatery,Food
e5ade9a7-01b5-4184-b55b-52d0f0d0d9a7,ACC-STUDENT-004,2025-09-08T20:03:00Z,456.49,NPR,DEBIT,COMPLETED,Lunch,Boba Shop,Food
b12df1dd-f525-40a0-912f-3e13eb992fd6,ACC-STUDENT-004,2025-12-12T20:06:00Z,798.5,NPR,DEBIT,COMPLETED,Lunch,Boba Shop,Food
40fcc8e6-cc6a-4013-bc85-387a678ec0c5,ACC-STUDENT-005,2025-07-06T12:00:00Z,2092.47,NPR,DEBIT,COMPLETED,,Saleways,Groceries
7cb89640-bc98-4a78-ad13-49f6d683be3d,ACC-STUDENT-001,2025-10-29T09:49:00Z,313.45,NPR,DEBIT,COMPLETED,,Pathao,Transport
75cf7d21-9649-4afb-8224-ede4a3bd5de0,ACC-STUDENT-003,2025-07-29T20:22:00Z,594.34,NPR,DEBIT,COMPLETED,Coke and Momo,Burger House,Food
33335da6-7a36-4166-ae70-3ffd91e4b5ec,ACC-STUDENT-003,2025-04-17T17:11:00Z,415.63,NPR,DEBIT,COMPLETED,Micro Fare,Microbus,Transport
0ee6881c-59f3-4476-8286-9c0beab114cb,ACC-STUDENT-002,2025-10-09T08:30:00Z,218.87,NPR,DEBIT,COMPLETED,Americano,Beans Cafe,Coffee
7e097fc0-0efe-425e-8377-4fe17708d4c6,ACC-STUDENT-001,2025-05-13T09:32:00Z,497.07,NPR,DEBIT,COMPLETED,Ride Sharing,Microbus,Transport
d7190dd6-0c87-4151-842d-abcc8b5c79b7,ACC-STUDENT-005,2025-05-04T12:48:00Z,673.95,NPR,DEBIT,COMPLETED,Dinner,Local Eatery,Food
cef259c6-7346-4fe7-82cf-7524aca6f516,ACC-STUDENT-003,2025-02-10T09:26:00Z,270.73,NPR,DEBIT,COMPLETED,Taxi Ride,Microbus,Transport
52bf2461-5e65-4403-b9c3-acbb3b3cb683,ACC-STUDENT-004,2025-06-26T08:30:00Z,134.27,NPR,DEBIT,COMPLETED,Chiya,Beans Cafe,Coffee
23c7d683-cde7-4e60-bfa3-84af5287caff,ACC-STUDENT-001,2025-06-24T13:16:00Z,652.66,NPR,DEBIT,COMPLETED,Burger & Fries,Burger House,Food
643a0122-651a-49b6-bdad-7a40771897f9,ACC-STUDENT-001,2025-06-01T12:00:00Z,4359.01,NPR,DEBIT,COMPLETED,Monthly Supplies,Big Mart,Groceries
f9b35fe8-3b6d-43e4-93ff-ad398bdb0244,ACC-STUDENT-003,2025-05-13T19:00:00Z,462.66,NPR,DEBIT,COMPLETED,Lunch,Canteen,Food
b0a9eba0-82a9-4ff5-8bb9-71dcd5baa5ac,ACC-STUDENT-004,2025-09-15T18:42:00Z,93.28,NPR,DEBIT,COMPLETED,Bus Ticket,Bus,Transport
00f3f46c-a93b-4fa9-b9eb-9ef2db114061,ACC-STUDENT-001,2025-12-15T18:57:00Z,52.28,NPR,DEBIT,COMPLETED,Daily Commute,Bus,Transport
9521dbfe-8fb9-4bed-81e5-794c12f397c8,ACC-STUDENT-001,2025-12-22T09:04:00Z,59.92,NPR,DEBIT,COMPLETED,Ride Sharing,InDrive,Transport
4787b97b-e823-4004-98f5-b6629437a769,ACC-STUDENT-001,2025-02-24T09:48:00Z,143.5,NPR,DEBIT,COMPLETED,Ride Sharing,Local Taxi,Transport
768318d3-fdac-4e35-a804-fa596f41a73d,ACC-STUDENT-003,2025-05-19T08:30:00Z,310.73,NPR,DEBIT,COMPLETED,Iced Coffee,Himalayan Java,Coffee
4a96b464-9ca7-4341-bb50-fe0865578383,ACC-STUDENT-003,2025-08-14T08:30:00Z,166.5,NPR,DEBIT,COMPLETED,Iced Coffee,Local Tea Stall,Coffee
09f74333-d1cb-43a2-a382-6c737b289d67,ACC-STUDENT-002,2025-04-15T20:32:00Z,219.99,NPR,DEBIT,COMPLETED,Dinner,Restaurant,Food
d661d398-9b5c-4f82-a39b-f7b46ddace88,ACC-STUDENT-005,2025-05-01T18:26:00Z,121.3,NPR,DEBIT,COMPLETED,Ride Sharing,Local Taxi,Transport
9221317c-a24b-4101-a550-3877319060ae,ACC-STUDENT-003,2025-02-12T13:45:00Z,535.34,NPR,DEBIT,COMPLETED,Lunch,Boba Shop,Food
ece256ee-3dfd-4a41-908c-4d5b5e6ab24a,ACC-STUDENT-001,2025-07-05T12:00:00Z,2198.29,NPR,DEBIT,COMPLETED,Vegetables & Fruits,Bhatbhateni,Groceries
d5e9d6c3-fff2-420e-9090-f9435e066b5b,ACC-STUDENT-001,2025-12-13T12:00:00Z,4283.66,NPR,DEBIT,COMPLETED,Monthly Supplies,,Groceries
c163971d-135b-4931-af74-2de2abbeb0ed,ACC-STUDENT-002,2025-03-14T09:47:00Z,58.9,NPR,DEBIT,COMPLETED,Taxi Ride,Microbus,Transport
18984bbd-7dd6-4446-84a8-034d3ad44525,ACC-STUDENT-004,2025-04-07T17:38:00Z,434.19,NPR,DEBIT,COMPLETED,Micro Fare,Local Taxi,Transport
7884a271-afba-4bac-88cb-8bd01414071b,ACC-STUDENT-002,2025-06-02T16:20:00Z,3136.09,NPR,DEBIT,COMPLETED,Gift for Mom,Clothing Shop,Shopping
ee103503-4e3b-49be-9bd3-450a62867ce4,ACC-STUDENT-002,2025-07-01T09:00:00Z,29420.45,NPR,CREDIT,COMPLETED,Monthly Allowance,Family Transfer,Income
b1332953-8642-4bb5-a127-03f25c908efc,ACC-STUDENT-001,2025-06-05T09:47:00Z,326.35,NPR,DEBIT,COMPLETED,Ride Sharing,Sajha Yatayat,Transport
adbc6ba6-4ccd-4c97-be90-570877414ce9,ACC-STUDENT-005,2025-08-27T12:21:00Z,250.18,NPR,DEBIT,COMPLETED,Lunch,Canteen,Food
44dd8e28-3d7f-4e7a-b043-20f5dfb67058,ACC-STUDENT-005,2025-02-05T17:01:00Z,169.31,NPR,DEBIT,COMPLETED,Ride Sharing,Bus,Transport
7b006d48-804e-4676-a780-3745c85c57e0,ACC-STUDENT-004,2025-02-14T20:29:00Z,237.07,NPR,DEBIT,COMPLETED,Dinner,Boba Shop,Food
115e8ad8-830b-4007-ac59-cb51fed68423,ACC-STUDENT-003,2025-04-30T09:59:00Z,286.23,NPR,DEBIT,COMPLETED,Bus Ticket,Bus,Transport
d5737d1a-b03b-45b0-acf9-9ce2324de5e5,ACC-STUDENT-005,2025-07-02 08:30:00,163.19,NPR,DEBIT,COMPLETED,Cappuccino,,Coffee
a4869b9c-96fb-4050-9f4f-825bac892563,ACC-STUDENT-001,2025-08-08T18:54:00Z,-265.21,NPR,DEBIT,COMPLETED,Micro Fare,Microbus,Transport
6e8d0c5f-3d47-40cb-be8f-e5dd77852df1,ACC-STUDENT-003,2025-09-16T08:30:00Z,275.77,NPR,DEBIT,COMPLETED,Iced Coffee,Himalayan Java,Coffee
9bd84850-aa10-4f9a-b6a5-a4a3f89bb955,ACC-STUDENT-001,2025-10-30T08:30:00Z,213.42,NPR,DEBIT,COMPLETED,Latte,Local Tea Stall,Coffee
4a1099f4-e2a3-4be5-b1bb-85dbec26bfa8,ACC-STUDENT-002,2025-07-19T13:16:00Z,262.42,NPR,DEBIT,COMPLETED,Coke and Momo,Boba Shop,Food
a7fdd62c-7cce-4e27-a16f-8b66f26f6a58,ACC-STUDENT-001,2026-01-10T13:38:00Z,698.62,NPR,DEBIT,COMPLETED,Snacks,Canteen,Food
9b119b03-4003-43f6-ba43-0fa4fae1abf0,ACC-STUDENT-002,2025-03-07T13:18:00Z,243.62,NPR,DEBIT,COMPLETED,Dinner,Boba Shop,Food
9f696c16-3d2c-45c9-87c0-8691fc01d527,ACC-STUDENT-005,2025-12-10T09:27:00Z,167.64,NPR,DEBIT,COMPLETED,Ride Sharing,InDrive,Transport
55ddf5ca-09e5-4748-af92-e7841239bcb7,ACC-STUDENT-002,2025-04-05T12:00:00Z,2999.4,NPR,DEBIT,COMPLETED,Rice and Oil,Saleways,Groceries
9552419a-59e6-4c4c-9491-d4204a84d91a,ACC-STUDENT-005,2025-10-11T12:00:00Z,3449.4,NPR,DEBIT,COMPLETED,Dairy Products,Bhatbhateni,Groceries
76750b72-4763-41af-91ef-204c21f5a303,ACC-STUDENT-002,2025-03-27T19:00:00Z,197.93,NPR,DEBIT,COMPLETED,Meals,Local Eatery,Food
786e15a2-a516-45a6-9f1b-8e6ef79efe2b,ACC-STUDENT-002,2025-10-12T16:20:00Z,0.0,NPR,DEBIT,COMPLETED,Gift for Mom,Local Store,Shopping
70010932-c521-4562-a047-af0040cc0775,ACC-STUDENT-004,2025-08-31T12:00:00Z,3465.05,NPR,DEBIT,COMPLETED,Weekly Groceries,Fresh Vegetable Vendor,Groceries
963d69cf-dedc-4ef7-b12a-13fe539b4820,ACC-STUDENT-005,2026-01-01T09:00:00Z,32058.15,NPR,CREDIT,COMPLETED,Monthly Allowance,Family Transfer,Income
32f3a6c4-8c7a-47e0-8409-10ccbc655e45,ACC-STUDENT-005,2025-02-10T20:59:00Z,210.46,NPR,DEBIT,COMPLETED,Coke and Momo,Boba Shop,Food
cdefd045-b477-47ea-8852-dbd61637a594,ACC-STUDENT-001,2026-01-12T18:39:00Z,93.35,NPR,DEBIT,COMPLETED,Daily Commute,Microbus,Transport
8a9f2aac-b1cd-44bb-9a3a-16fd99d1385e,ACC-STUDENT-001,2025-02-13T20:11:00Z,182.69,NPR,DEBIT,COMPLETED,Snacks,Restaurant,Food
2b651a73-44d6-4602-bc78-d0c13e0e11ef,ACC-STUDENT-002,2025-01-26T20:00:00Z,741.36,NPR,DEBIT,COMPLETED,Snacks,Restaurant,Food
a0e33f69-7a94-4b40-820d-879efa9e9795,ACC-STUDENT-005,2025-07-19T12:00:00Z,2708.98,NPR,DEBIT,COMPLETED,Vegetables & Fruits,Local Grocery,Groceries
1268d8c4-34b6-4b7f-bc77-fc62be8f6a42,ACC-STUDENT-003,2025-01-22T13:53:00Z,557.22,NPR,DEBIT,COMPLETED,Lunch,Bakery,Food
d15dc230-ef42-457f-a5e8-944dbb214baa,ACC-STUDENT-004,2025-07-05T19:18:00Z,239.9,NPR,DEBIT,COMPLETED,Dinner,Bakery,FOOD
3005ac55-fd5b-4af0-9789-8fa08a00a4fa,ACC-STUDENT-005,2025-04-18T13:03:00Z,662.07,NPR,DEBIT,COMPLETED,Lunch,Local Eatery,Food
20b34527-7faf-4829-b429-03eed3327436,ACC-STUDENT-001,2025-10-02T08:30:00Z,215.21,NPR,DEBIT,COMPLETED,Americano,Coffee Point,Coffee
20926afa-0ff9-4ca6-b83b-fd04dd3425a3,ACC-STUDENT-001,2025-04-19T19:08:00Z,556.26,NPR,DEBIT,COMPLETED,Burger & Fries,Local Eatery,Food
163e70d6-2e95-478f-93f3-5c08719b4997,ACC-STUDENT-005,2025-06-17T20:28:00Z,759.2,NPR,DEBIT,COMPLETED,Snacks,Canteen,Food
e688f8d6-d620-484d-b95e-2a6139b0deb0,ACC-STUDENT-003,2025-08-21T20:32:00Z,392.97,NPR,DEBIT,COMPLETED,Meals,Local Eatery,Food
2d082316-72f4-4245-a89a-4fce4b6c8907,ACC-STUDENT-003,2025-05-23T12:47:00Z,644.09,NPR,DEBIT,COMPLETED,Snacks,Cafe,Food
144ab2fd-2f17-4e43-a339-dc287e42e7d2,ACC-STUDENT-004,2025-08-17T20:45:00Z,682.46,NPR,DEBIT,COMPLETED,Meals,Local Eatery,Food
c04cb77d-0eee-4a32-ac71-597c0f7c341a,ACC-STUDENT-005,2025-05-16T13:11:00Z,773.22,NPR,DEBIT,COMPLETED,Coke and Momo,Burger House,Food
01e071ed-58c0-47d6-8ba0-95530609c6a9,ACC-STUDENT-002,2025-11-20T18:18:00Z,Rs. 478.15,NPR,DEBIT,COMPLETED,Taxi Ride,Local Taxi,Transport
e289440a-a1d4-441f-9583-5485fdf4b951,ACC-STUDENT-003,2025-09-18T08:30:00Z,304.05,NPR,DEBIT,COMPLETED,Americano,Red Mug Cafe,Coffee
cd4612c1-5ffe-4788-a0b2-c3ef66102357,ACC-STUDENT-003,2025-08-20T19:59:00Z,579.97,NPR,DEBIT,COMPLETED,Meals,Boba Shop,Food
a0a6059b-13fc-4b42-9646-93b7f36c84eb,ACC-STUDENT-002,2025-04-27T12:00:00Z,1928.14,NPR,DEBIT,COMPLETED,Vegetables & Fruits,Local Grocery,Groceries
6ad1d942-57e7-4b32-9e70-ceef19518434,ACC-STUDENT-003,2025-12-14T09:03:00Z,85.21,NPR,DEBIT,COMPLETED,Ride Sharing,Pathao,Transport
2ef39425-7878-4a6d-b746-fc2ae0c416e0,ACC-STUDENT-005,2025-11-07T12:40:00Z,Rs. 515.97,NPR,DEBIT,COMPLETED,Coke and Momo,Canteen,Food
bcd7c99c-4ee7-4780-8590-c04d95f99bd9,ACC-STUDENT-001,2025-08-09T20:49:00Z,383.09,NPR,DEBIT,COMPLETED,Meals,Boba Shop,Food
aee2c4c4-5f2f-4014-b680-0e15f3a685e8,ACC-STUDENT-001,2025-08-18T16:20:00Z,4292.53,NPR,DEBIT,COMPLETED,New Shoes,Miniso,Shopping
9f9f2d4d-bd25-436a-8e75-0ecbb4ac8c28,ACC-STUDENT-001,2025-04-04T18:26:00Z,484.82,NPR,DEBIT,COMPLETED,Ride Sharing,InDrive,Transport
19df04d4-3973-4e85-933c-37a2fe2e944a,ACC-STUDENT-003,2025-07-07T20:37:00Z,406.14,NPR,DEBIT,COMPLETED,Lunch,Restaurant,Food
a3b2664e-e423-45bb-a783-c8c4e396a19d,ACC-STUDENT-004,2025-11-01T12:00:00Z,3946.93,NPR,DEBIT,COMPLETED,Dairy Products,Saleways,Groceries
821931d4-6825-4f7b-8408-904a90d2f49a,ACC-STUDENT-001,2025-04-11T08:30:00Z,199.56,NPR,DEBIT,COMPLETED,Cappuccino,Local Tea Stall,Coffee
6974c1fa-563c-4a09-945e-f688ed8b5ee5,ACC-STUDENT-005,2025-10-23T18:24:00Z,293.16,NPR,DEBIT,COMPLETED,Micro Fare,Local Taxi,Transport
29e85fe8-8d32-4cdd-9a35-33f9893d282b,ACC-STUDENT-003,2025-01-13T08:30:00Z,325.08,NPR,DEBIT,COMPLETED,Americano,Beans Cafe,Coffee
2443d2a7-7f0e-41d9-9c25-ccccc26feca2,ACC-STUDENT-004,2025-12-20T09:36:00Z,281.23,NPR,DEBIT,COMPLETED,Micro Fare,Sajha Yatayat,Transport
3af966e9-c218-4965-8d95-569aa7b140db,ACC-STUDENT-002,2025-09-18T19:58:00Z,318.63,NPR,DEBIT,COMPLETED,Burger & Fries,Boba Shop,Food
642ddda4-bf4f-48be-9584-519f77f3261a,ACC-STUDENT-002,2025-11-28T18:23:00Z,57.29,NPR,DEBIT,COMPLETED,Micro Fare,Bus,Transport
64f07fc0-d370-4712-a2b9-50a64a362e76,ACC-STUDENT-005,2025-08-10T09:43:00Z,393.17,NPR,DEBIT,COMPLETED,Ride Sharing,Microbus,Transport
2d10f75e-952e-46e2-b301-4b31776d56cf,ACC-STUDENT-003,2025-03-03T18:59:00Z,227.73,NPR,DEBIT,COMPLETED,Micro Fare,Pathao,Transport
4623c8f1-d752-4369-9d34-d5845c01e764,ACC-STUDENT-005,2025-01-13T18:25:00Z,284.59,NPR,DEBIT,COMPLETED,Taxi Ride,InDrive,Transport
99ce6699-a2be-4315-a908-b19558b28f26,ACC-STUDENT-004,2025-07-24T12:51:00Z,301.62,NPR,DEBIT,COMPLETED,Meals,Restaurant,Food
ad5d419c-5c47-4c4e-955a-793d97df1c37,ACC-STUDENT-005,2025-04-27T18:30:00Z,759.09,NPR,DEBIT,COMPLETED,Netflix Subscription,Fuzz Factory,Entertainment
221a6a62-783a-4f6b-8dc0-fdf0b0b06d91,ACC-STUDENT-001,2025-03-07T17:22:00Z,218.68,NPR,DEBIT,COMPLETED,Ride Sharing,Pathao,Transport
87636404-f865-4c78-8376-8f6397d50a36,ACC-STUDENT-001,2025-02-03T17:19:00Z,419.24,NPR,DEBIT,COMPLETED,,Pathao,Transport
a138e01e-032f-43ce-aea5-554fdd4e946b,ACC-STUDENT-004,2025-05-22T17:03:00Z,471.61,NPR,DEBIT,COMPLETED,Ride Sharing,Sajha Yatayat,Transport
8524503e-83e6-47f1-ac6f-7659a7e26c14,ACC-STUDENT-001,2025-08-05T13:22:00Z,607.23,NPR,DEBIT,COMPLETED,Dinner,Cafe,Food
d9a58f2d-9921-4aba-a0ec-d63524307e02,ACC-STUDENT-001,2025-05-15T20:26:00Z,246.99,NPR,DEBIT,COMPLETED,Snacks,Cafe,Food
43bc4815-170b-486f-84d6-55cb3868c8bb,ACC-STUDENT-001,2025-10-28T18:02:00Z,300.97,NPR,DEBIT,COMPLETED,Bus Ticket,Microbus,Transport
04ebbe11-1333-4361-9453-e4e98a61cd89,ACC-STUDENT-002,2025-09-04T17:36:00Z,227.57,NPR,DEBIT,COMPLETED,Bus Ticket,Local Taxi,Transport
aeea77a3-b270-4a9f-bc5d-7f7e0dd65c77,ACC-STUDENT-002,2025-06-03T12:42:00Z,634.09,NPR,DEBIT,COMPLETED,Lunch,Restaurant,Food
0071d660-db88-4e9c-bc10-74c7808006d9,ACC-STUDENT-001,2025-12-01T09:39:00Z,339.5,NPR,DEBIT,COMPLETED,Micro Fare,Microbus,Transport
98728c9d-29f9-4865-8f65-db98a6358674,ACC-STUDENT-001,2025-08-12T13:41:00Z,586.46,NPR,DEBIT,COMPLETED,Dinner,Restaurant,Food
47c011b4-c58d-4e79-9052-412746591d1d,ACC-STUDENT-002,2025-09-10T09:51:00Z,395.44,NPR,DEBIT,COMPLETED,Taxi Ride,,Transport
3317c84d-f2ee-4742-82a8-66f2d9189d43,ACC-STUDENT-005,2025-06-05T08:30:00Z,203.52,NPR,DEBIT,COMPLETED,Cappuccino,Beans Cafe,Coffee
6000abe1-ac60-447d-b1e8-a01eb44c78ae,ACC-STUDENT-004,2025-09-01T13:33:00Z,396.24,NPR,DEBIT,COMPLETED,Meals,Boba Shop,Food
93bf2605-cb3c-48ff-aebc-fe85c4328303,ACC-STUDENT-003,2025-08-26T08:30:00Z,225.45,NPR,DEBIT,COMPLETED,Cappuccino,Himalayan Java,Coffee
f48a8d41-5f48-4e09-8a87-0a7f9b506bc9,ACC-STUDENT-005,2025-11-14T18:05:00Z,454.65,NPR,DEBIT,COMPLETED,Ride Sharing,Microbus,Transport
ce68461b-1d22-4e7a-8acb-9308db93396a,ACC-STUDENT-004,2025-02-26T16:20:00Z,5193.89,NPR,DEBIT,COMPLETED,Gift for Mom,Daraz,Shopping
77cf1be3-f604-4e19-9d8b-efd414b61467,ACC-STUDENT-005,2025-09-18T19:03:00Z,687.14,NPR,DEBIT,COMPLETED,Snacks,Bakery,Food
da80bfb5-713b-4152-a05a-6f776aaea249,ACC-STUDENT-005,2025-11-03T13:28:00Z,502.51,NPR,DEBIT,COMPLETED,Dinner,Burger House,Food
cc77bce4-717f-409d-ba25-74966c645524,ACC-STUDENT-003,2025-08-22T13:24:00Z,516.23,NPR,DEBIT,COMPLETED,Dinner,Local Eatery,Food
756866fc-4faf-43b5-befc-24a00625900c,ACC-STUDENT-005,2025-02-18T19:34:00Z,645.43,NPR,DEBIT,COMPLETED,Burger & Fries,Canteen,Food
9670c176-ff2b-4700-8a1a-17353aaf900a,ACC-STUDENT-001,2025-12-18T12:18:00Z,426.84,NPR,DEBIT,COMPLETED,Dinner,Burger House,Food
d159e80d-6261-4f6b-8358-a1cc57326ab5,ACC-STUDENT-003,2025-02-05T12:44:00Z,645.08,NPR,DEBIT,COMPLETED,Lunch,Cafe,Food
65a40fa8-3680-4ce4-b3d3-7fa8594d385d,ACC-STUDENT-001,2025-11-18T09:42:00Z,117.15,NPR,DEBIT,COMPLETED,,Local Taxi,Transport
53cdc42a-028b-4789-88dc-59eeb97209f8,ACC-STUDENT-005,2025-10-26T12:25:00Z,570.05,NPR,DEBIT,COMPLETED,Lunch,Restaurant,Food
ca464809-d72b-4768-9ca1-929e6c51632e,ACC-STUDENT-004,2025-02-18T08:30:00Z,103.0,NPR,DEBIT,COMPLETED,Cappuccino,Local Tea Stall,Coffee
71231a37-829f-4e9a-8760-2484e328ccfa,ACC-STUDENT-005,2025-07-22T17:24:00Z,92.26,NPR,DEBIT,COMPLETED,Ride Sharing,Local Taxi,Transport
6626b738-d5ca-46ca-92e8-b6d9d6ee29e2,ACC-STUDENT-003,2025-09-19T20:50:00Z,210.41,NPR,DEBIT,COMPLETED,Meals,Burger House,Food
348572e7-942a-4994-a53c-b4f43a557618,ACC-STUDENT-003,2025-04-21T18:16:00Z,227.67,NPR,DEBIT,COMPLETED,Daily Commute,InDrive,Transport
1fbd65da-a6ce-40f9-bc6c-73b7500e5144,ACC-STUDENT-004,2025-05-22T08:30:00Z,315.92,NPR,DEBIT,COMPLETED,Americano,Himalayan Java,Coffee
9117a8c6-afdb-4cef-bead-0158421a4bb2,ACC-STUDENT-001,2025-10-15T16:20:00Z,5869.68,NPR,DEBIT,COMPLETED,Gift for Mom,Daraz,Shopping
fcccf7fc-6a44-4e72-8555-55cd4ce176f6,ACC-STUDENT-004,2025-02-21T17:53:00Z,52.83,NPR,DEBIT,COMPLETED,Taxi Ride,Local Taxi,Transport
7f172cd4-839a-413c-8df4-63b5628c968a,ACC-STUDENT-004,2025-08-08T17:34:00Z,495.72,NPR,DEBIT,COMPLETED,Daily Commute,Local Taxi,Transport
e9aa4528-5419-4d71-a5ac-487a7da82d6f,ACC-STUDENT-005,2025-09-17T19:02:00Z,358.69,NPR,DEBIT,COMPLETED,,Canteen,Food
ddd679fd-3d4c-40aa-8ccb-7d8a0813efe1,ACC-STUDENT-005,2025-05-03T12:00:00Z,2527.82,NPR,DEBIT,COMPLETED,Rice and Oil,Fresh Vegetable Vendor,Groceries
02ac8a69-f08a-42ef-9778-5fef63df4ed3,ACC-STUDENT-001,2025-06-03T08:30:00Z,164.68,NPR,DEBIT,COMPLETED,Cappuccino,Coffee Point,Coffee
61e1ec3a-a25b-450a-ae0c-c9a00f643253,ACC-STUDENT-004,2025-08-24T12:00:00Z,3077.95,NPR,DEBIT,COMPLETED,Monthly Supplies,Fresh Vegetable Vendor,Groceries
b77cf222-8f86-46ac-9853-4d5b856b5b56,ACC-STUDENT-005,2025-06-25T13:21:00Z,240.94,NPR,DEBIT,COMPLETED,Burger & Fries,Cafe,Food
9b5224d8-a7b1-4b8d-a816-20386680c8a9,ACC-STUDENT-001,2025-04-22T08:30:00Z,179.78,NPR,DEBIT,COMPLETED,Iced Coffee,Himalayan Java,Coffee
cc926636-b7c0-40c8-9337-67e1328ec2d3,ACC-STUDENT-004,2025-02-25T17:59:00Z,291.66,NPR,DEBIT,COMPLETED,Daily Commute,Pathao,Transport
490661f9-f8a2-4a88-b3f9-66ca4ca27755,ACC-STUDENT-003,2025-08-25T16:20:00Z,5003.99,NPR,DEBIT,COMPLETED,Books,Clothing Shop,Shopping
e6aea689-08ec-4aac-afdb-77b9bff81041,ACC-STUDENT-001,2025-09-27T12:00:00Z,2541.5,NPR,DEBIT,COMPLETED,Dairy Products,Big Mart,Groceries
405ece1e-4af3-475a-86f1-0179c9ac1f62,ACC-STUDENT-001,2025-11-03T08:30:00Z,204.24,NPR,DEBIT,COMPLETED,Latte,Red Mug Cafe,Coffee
89f3b39d-eb92-469a-b02b-d2ed989b173b,ACC-STUDENT-001,2025-01-27T16:20:00Z,2039.49,NPR,DEBIT,COMPLETED,,Daraz,Shopping
5d579890-3d03-406b-8936-6c2940c07dda,ACC-STUDENT-003,2025-07-31T17:05:00Z,144.69,NPR,DEBIT,COMPLETED,Bus Ticket,,Transport
4fe6094a-7e9b-40cb-91ec-37875a15b0ab,ACC-STUDENT-005,2025-05-28T13:22:00Z,214.85,NPR,DEBIT,COMPLETED,Burger & Fries,Boba Shop,Food
b5b7613b-d85f-43ca-a30e-2ec0df868ded,ACC-STUDENT-002,2025-01-26T12:34:00Z,713.52,NPR,DEBIT,COMPLETED,Breakfast,Bakery,Food
47bf3c1b-2a2f-4ab1-8420-2da2b004f8be,ACC-STUDENT-001,2025-05-21T17:00:00Z,57.53,NPR,DEBIT,COMPLETED,Taxi Ride,InDrive,Transport
5e5ffcf3-8fc8-46c0-94fb-ba13bfda1d31,ACC-STUDENT-003,2025-07-22T08:30:00Z,180.21,NPR,DEBIT,COMPLETED,Chiya,Coffee Point,Coffee
ab32a943-d2a0-4c91-9671-ea78f59ff35a,ACC-STUDENT-001,2025-11-07T09:36:00Z,358.47,NPR,DEBIT,COMPLETED,Taxi Ride,Bus,Transport
4cb4f0ae-a9b8-4fb2-a699-0433dfd9a329,ACC-STUDENT-002,2025-02-23T12:00:00Z,3546.6,NPR,DEBIT,COMPLETED,,Local Grocery,Groceries
a8ad6204-a15e-4ea4-afc6-7c1cc2769f0f,ACC-STUDENT-004,2025-07-07T09:31:00Z,252.23,NPR,DEBIT,COMPLETED,Micro Fare,Pathao,Transport
6bfd85ce-f2e7-4abb-a06c-41b73a57b837,ACC-STUDENT-003,2025-04-24T12:15:00Z,192.89,NPR,DEBIT,COMPLETED,Breakfast,Boba Shop,Food
6cbff4f6-2be1-4d3b-af09-8e70aa15cda2,ACC-STUDENT-003,2025-09-27T20:08:00Z,433.23,NPR,DEBIT,COMPLETED,Lunch,Cafe,Food
014c13e8-5e28-4702-8401-fef43593a92b,ACC-STUDENT-002,2026-01-07T09:52:00Z,418.55,NPR,DEBIT,COMPLETED,Daily Commute,InDrive,Transport
cad665e5-7f7a-47f2-88ae-37cf3f21ad30,ACC-STUDENT-005,2025-05-31T12:00:00Z,3987.38,NPR,DEBIT,COMPLETED,Rice and Oil,Saleways,Groceries
f53312b4-b1ae-428a-8200-efc9d1ea37a0,ACC-STUDENT-005,2025-02-11T18:45:00Z,133.67,NPR,DEBIT,COMPLETED,Micro Fare,Local Taxi,Transport
9366bfff-9491-42e3-91f0-00e3b4440c30,ACC-STUDENT-004,2025-05-15T17:01:00Z,383.85,NPR,DEBIT,COMPLETED,Taxi Ride,Microbus,Transport
8e31b085-1088-4387-8767-4635228add98,ACC-STUDENT-003,2025-12-07T18:30:00Z,396.42,NPR,DEBIT,COMPLETED,Movie Ticket,One Cinemas,Entertainment
1fe699b3-cfff-497c-8c54-24ca1ee1add7,ACC-STUDENT-003,2025-09-04T17:56:00Z,221.57,NPR,DEBIT,COMPLETED,Ride Sharing,Microbus,Transport
5605c776-5b28-4484-896e-20329b0f4eb2,ACC-STUDENT-001,2025-11-06T19:49:00Z,153.99,NPR,DEBIT,COMPLETED,Coke and Momo,Restaurant,Food
8d1d0cf4-55c6-47fb-9a52-c5040d2ad8c8,ACC-STUDENT-001,2025-09-10T17:35:00Z,402.7,NPR,DEBIT,COMPLETED,Micro Fare,,Transport
d0ab27cf-6316-4ee5-a64e-437043e2a06b,ACC-STUDENT-003,2025-03-07T12:31:00Z,643.38,NPR,DEBIT,COMPLETED,Meals,Bakery,Food
3a7346ef-73a7-4040-ba77-5fe91dc2a07a,ACC-STUDENT-004,2025-08-02T16:20:00Z,1576.02,NPR,DEBIT,COMPLETED,Gift for Mom,Miniso,Shopping
8f065baa-a526-47ee-bc13-ea56cd5a10b6,ACC-STUDENT-005,2025-11-18T19:27:00Z,516.55,NPR,DEBIT,COMPLETED,Dinner,Restaurant,Food
3c9191c7-f21d-4244-98ae-2b2c59ad74f6,ACC-STUDENT-004,2025-07-28T12:23:00Z,209.98,NPR,DEBIT,COMPLETED,Breakfast,Local Eatery,food
4a31906d-aace-433e-bca6-35c30fb7d398,ACC-STUDENT-001,2026-01-10T13:04:00Z,386.41,NPR,DEBIT,COMPLETED,Lunch,Restaurant,Food
b95df86a-6e55-47ad-a424-1643d6d1eb2e,ACC-STUDENT-003,2025-12-31T09:03:00Z,52.42,NPR,DEBIT,COMPLETED,Ride Sharing,Microbus,Transport
e9b8b2fc-f7ca-417a-8044-e7884ffd1ebd,ACC-STUDENT-005,2025-02-07T08:30:00Z,160.54,NPR,DEBIT,COMPLETED,Chiya,Beans Cafe,Coffee
aa37f85a-1b94-4b4d-ac9a-501f38809637,ACC-STUDENT-003,2025-07-20T12:00:00Z,3130.09,NPR,DEBIT,COMPLETED,Weekly Groceries,Big Mart,Groceries
0f3ea766-5dcd-4f2b-bfdf-a0e3b45f18f4,ACC-STUDENT-005,2025-09-29T09:05:00Z,320.44,NPR,DEBIT,COMPLETED,Micro Fare,Microbus,Transport
27e390eb-217a-4c3b-9e7a-bd5b55cae708,ACC-STUDENT-004,2025-08-19T09:39:00Z,123.89,NPR,DEBIT,COMPLETED,Ride Sharing,Local Taxi,Transport
ca8ce042-24a2-42d2-ae1b-b862e4fc992f,ACC-STUDENT-004,2025-08-18T09:57:00Z,494.86,NPR,DEBIT,COMPLETED,Micro Fare,Sajha Yatayat,Transport
73ff27f4-e046-48b1-9959-08c3bb897f8e,ACC-STUDENT-005,2025-06-02T09:24:00Z,88.37,NPR,DEBIT,COMPLETED,Taxi Ride,Sajha Yatayat,Transport
3a4094bc-23ed-4940-94b8-5d6440700579,ACC-STUDENT-001,2025-11-23T19:29:00Z,486.02,NPR,DEBIT,COMPLETED,Burger & Fries,,Food
5f577eab-a6e5-4695-9be3-6c075ae6d2e2,ACC-STUDENT-002,2025-06-07T19:13:00Z,0.0,NPR,DEBIT,COMPLETED,Lunch,,Food
9c6b0798-6f46-44ea-a865-035a6dd95792,ACC-STUDENT-001,2025-08-21T19:13:00Z,767.7,NPR,DEBIT,COMPLETED,Burger & Fries,Local Eatery,Food
48e90eaf-8a24-449b-bde7-5032ff790447,ACC-STUDENT-005,2025-10-22T09:17:00Z,138.88,NPR,DEBIT,COMPLETED,Ride Sharing,Pathao,Transport
792c42fb-77ee-4815-a40d-69ec3ee27910,ACC-STUDENT-001,2025-03-07T19:57:00Z,168.82,NPR,DEBIT,COMPLETED,,Boba Shop,Food
5c3a9f12-deed-408e-9dcb-7ea88e879588,ACC-STUDENT-004,2025-10-24T20:41:00Z,625.24,NPR,DEBIT,COMPLETED,Lunch,Burger House,Food
44fd1cec-9770-4bbe-9e4d-b434d340a4f9,ACC-STUDENT-004,2025-06-21T09:15:00Z,197.02,NPR,DEBIT,COMPLETED,Bus Ticket,Sajha Yatayat,Transport
98ddfbfc-1aec-4bc7-b3df-e1c1ed5a8867,ACC-STUDENT-004,2025-06-09T08:30:00Z,204.76,NPR,DEBIT,COMPLETED,Cappuccino,Red Mug Cafe,Coffee
cfa73134-b024-4183-b9cf-f57fe80b5bca,ACC-STUDENT-003,2025-08-27T09:21:00Z,133.96,NPR,DEBIT,COMPLETED,Ride Sharing,Bus,Transport
cf4fc2cf-27ba-4fa4-82d9-a0a01d6e95b1,ACC-STUDENT-002,2025-03-12 18:28:00,172.86,NPR,DEBIT,COMPLETED,Taxi Ride,Local Taxi,Transport
1fdfa61e-5e0f-44a4-901c-84f270733945,ACC-STUDENT-002,2025-10-02T08:30:00Z,156.02,NPR,DEBIT,COMPLETED,Americano,Local Tea Stall,Coffee
6a8b44a2-97c9-4094-a6bc-9864e95545d3,ACC-STUDENT-001,2025-08-11T09:54:00Z,274.31,NPR,DEBIT,COMPLETED,Taxi Ride,Bus,Transport
e8f91963-885e-48eb-b2ed-3d3c7608c1cf,ACC-STUDENT-003,2025-01-20T18:04:00Z,58.91,NPR,DEBIT,COMPLETED,Micro Fare,InDrive,Transport
9e1632d7-f9fe-4e50-9819-40219a580729,ACC-STUDENT-002,2025-10-26T12:41:00Z,299.55,NPR,DEBIT,COMPLETED,,Cafe,Food
ce63242c-f72f-47d3-ab16-fa70eeed8f1c,ACC-STUDENT-001,2025/12/05,262.05,NPR,DEBIT,COMPLETED,Bus Ticket,Bus,Transport
c7864090-9bfd-42ab-bb0b-1dfcf927ced6,ACC-STUDENT-003,2025-07-06T12:00:00Z,1501.96,NPR,DEBIT,COMPLETED,Vegetables & Fruits,Big Mart,Groceries
493b873f-4084-4ae0-9062-90fe4d61599a,ACC-STUDENT-001,2025-03-22T18:48:00Z,189.04,NPR,DEBIT,COMPLETED,Taxi Ride,Local Taxi,Transport
d80740fe-063b-449a-a375-feedf91ca8d9,ACC-STUDENT-005,2025-01-26T18:30:00Z,817.91,NPR,DEBIT,COMPLETED,Spotify Premium,One Cinemas,Entertainment
72a8bec7-805a-4cff-ab03-b27b0c3cacb1,ACC-STUDENT-005,2025-01-26T19:47:00Z,624.32,NPR,DEBIT,COMPLETED,Coke and Momo,Bakery,Food
d3179ca5-c06c-4972-b32f-0518a8bda513,ACC-STUDENT-004,2025-05-05T19:45:00Z,210.55,NPR,DEBIT,COMPLETED,Snacks,Restaurant,Food
8824c4b3-7216-4a2e-b53c-b33732bbd4a0,ACC-STUDENT-002,2025-11-26T08:30:00Z,330.9,NPR,DEBIT,COMPLETED,Americano,Local Tea Stall,Coffee
7d10e2ca-1601-42e0-b87f-a4af48ef6bf1,ACC-STUDENT-003,2025-08-12T13:01:00Z,161.33,NPR,DEBIT,COMPLETED,Snacks,Cafe,Food
96a5a7dd-d580-412c-8223-305479642118,ACC-STUDENT-002,2026-01-05T09:22:00Z,493.54,NPR,DEBIT,COMPLETED,Daily Commute,Local Taxi,Transport
d32a40b9-dd21-411f-8ab9-df0b9acec42b,ACC-STUDENT-001,2025-06-02T12:49:00Z,Rs. 311.35,NPR,DEBIT,COMPLETED,Coke and Momo,Restaurant,Food
982e32e9-e4b4-4d74-b596-3b1d8caa2c39,ACC-STUDENT-003,2025-01-30T08:30:00Z,322.76,NPR,DEBIT,COMPLETED,Iced Coffee,Red Mug Cafe,Coffee
91edecc5-7291-4bbf-a233-29b4b7f2e552,ACC-STUDENT-001,2025-05-25T12:11:00Z,753.7,NPR,DEBIT,COMPLETED,Dinner,Canteen,Food
8abd3dc8-0ff3-4d9a-a9b8-241b2e0360d8,ACC-STUDENT-003,2025-08-08T19:58:00Z,738.31,NPR,DEBIT,COMPLETED,Snacks,,Food
7154d327-0745-4692-960d-16a5a426f462,ACC-STUDENT-001,2025-02-10T20:57:00Z,253.45,NPR,DEBIT,COMPLETED,Breakfast,Bakery,Food
b64fa493-4153-45ab-ab2d-3f2705c1fb1b,ACC-STUDENT-005,2025-11-05T12:43:00Z,381.19,NPR,DEBIT,COMPLETED,Meals,Boba Shop,Food
497d09f4-f6a2-4417-adde-482d989122fc,ACC-STUDENT-004,2025-11-28T18:53:00Z,450.05,NPR,DEBIT,COMPLETED,Taxi Ride,Microbus,Transport
12cfa67d-6009-43bb-ab55-185bb39d2da4,ACC-STUDENT-003,2025-09-14T18:04:00Z,263.8,NPR,DEBIT,COMPLETED,Bus Ticket,Pathao,Transport
856744ff-6b3e-45b0-babd-06ff8f5db8b7,ACC-STUDENT-001,2025-01-22T18:28:00Z,104.45,NPR,DEBIT,COMPLETED,Ride Sharing,Bus,Transport
9e5f2267-de39-4ff1-938a-63bac4936064,ACC-STUDENT-002,2025-04-25T12:44:00Z,582.69,NPR,DEBIT,COMPLETED,Lunch,Restaurant,Food
de88df0c-560d-4e69-94d8-5db1fa585961,ACC-STUDENT-001,2025-08-25T18:37:00Z,70.48,NPR,DEBIT,COMPLETED,Daily Commute,Local Taxi,Transport
3c29c94f-884c-4e52-8364-6fda189005ef,ACC-STUDENT-004,2025-04-15T09:34:00Z,437.53,NPR,DEBIT,COMPLETED,,InDrive,Transport
62290d0b-4b19-48f5-aaa5-85434d27c9ac,ACC-STUDENT-004,2025-11-20T08:30:00Z,274.76,NPR,DEBIT,COMPLETED,Chiya,Himalayan Java,Coffee
93a060f6-ac88-47bf-9e84-23673997f2db,ACC-STUDENT-002,2025-06-19T20:08:00Z,748.59,NPR,DEBIT,COMPLETED,,Restaurant,Food
0742a151-6d24-4859-acfa-79481384e801,ACC-STUDENT-002,2025-05-28T17:42:00Z,427.71,NPR,DEBIT,COMPLETED,Ride Sharing,Pathao,Transport
7214166c-b364-451d-869c-96502d29180b,ACC-STUDENT-003,2025-06-09T09:11:00Z,395.42,NPR,DEBIT,COMPLETED,Taxi Ride,Local Taxi,Transport
f07be9f3-669c-4b71-aa98-ba2012158446,ACC-STUDENT-004,2025-01-22T13:16:00Z,338.1,NPR,DEBIT,COMPLETED,Burger & Fries,Cafe,Food
56e9c4ae-6de5-41ec-a58d-15aa476c0e7f,ACC-STUDENT-002,2025-03-22T12:00:00Z,3532.69,NPR,DEBIT,COMPLETED,Dairy Products,Bhatbhateni,Groceries
ef5d6193-bb50-4e55-85d6-360091fe3d01,ACC-STUDENT-001,2025-11-22T12:00:00Z,3233.82,NPR,DEBIT,COMPLETED,Vegetables & Fruits,Fresh Vegetable Vendor,Groceries
a4b70d4a-e4c2-4fa1-a8ca-8c6dc8982d9d,ACC-STUDENT-001,2025/02/11,-365.07,NPR,DEBIT,COMPLETED,Snacks,Bakery,Food
030874a5-bc8e-476c-ba9c-aa3322b6f01d,ACC-STUDENT-004,2025-10-16T08:30:00Z,288.09,NPR,DEBIT,COMPLETED,Cappuccino,Red Mug Cafe,Coffee
e5a7effa-1371-4bf5-adc0-81bc753d1c1d,ACC-STUDENT-003,2025-03-15T13:47:00Z,739.88,NPR,DEBIT,COMPLETED,Snacks,Local Eatery,Food
d443c580-f825-4b1a-b012-faf560120e57,ACC-STUDENT-003,2025-12-04T09:38:00Z,375.33,NPR,DEBIT,COMPLETED,Ride Sharing,InDrive,Transport
b87923f4-90c5-489d-be10-3eb31157d77f,ACC-STUDENT-002,2025-02-20T09:06:00Z,401.74,NPR,DEBIT,COMPLETED,Bus Ticket,,Transport
4285267e-6606-401e-a8a4-7ef595a15f21,ACC-STUDENT-003,2025-11-01T12:00:00Z,3651.84,NPR,DEBIT,COMPLETED,Dairy Products,Local Grocery,Groceries
29b7b338-c940-44ce-9b33-76747e2651b9,ACC-STUDENT-002,2025-12-18T20:08:00Z,243.46,NPR,DEBIT,COMPLETED,Breakfast,Cafe,Food
8b812e7d-7ce6-4936-83b8-e8d606b267cb,ACC-STUDENT-004,2025-03-18T08:30:00Z,164.92,NPR,DEBIT,COMPLETED,Americano,Beans Cafe,Coffee
b67c8132-d935-4397-bb63-515f4db2337c,ACC-STUDENT-003,2025-06-24T12:05:00Z,541.9,NPR,DEBIT,COMPLETED,Meals,,Food
b4f2ccce-59c8-41a1-8557-b821717283c7,ACC-STUDENT-001,2025-11-14T19:58:00Z,386.24,NPR,DEBIT,COMPLETED,Lunch,Burger House,Food
95e5cc43-7797-4df3-8072-9b7531a20584,ACC-STUDENT-002,2025-10-03T18:36:00Z,319.43,NPR,DEBIT,COMPLETED,Daily Commute,Local Taxi,Transport
03933db3-71f9-4b3c-ab60-cb37b2fdb8c7,ACC-STUDENT-001,2025-09-14T20:25:00Z,530.95,NPR,DEBIT,COMPLETED,Burger & Fries,Canteen,Food
864f42fa-4b3e-42d9-a601-8e190a3e1d02,ACC-STUDENT-003,2025-02-01T09:00:00Z,28462.39,NPR,CREDIT,COMPLETED,Monthly Allowance,Family Transfer,Income
3a4b656f-dd6e-41bb-8852-e8ad66bb2824,ACC-STUDENT-001,2025-09-25T08:30:00Z,319.67,NPR,DEBIT,COMPLETED,Cappuccino,Himalayan Java,Coffee
7bfa6315-61b1-46d3-85a5-6fa32567c11b,ACC-STUDENT-002,2025-11-27T12:08:00Z,651.87,NPR,DEBIT,COMPLETED,Meals,Boba Shop,Food
4aa4e3fe-336c-4bfd-9d5a-8933235a9514,ACC-STUDENT-001,2025-02-13T17:20:00Z,201.88,NPR,DEBIT,COMPLETED,Micro Fare,Local Taxi,Transport
4cc0c4c5-00fb-40dd-b7fc-70fefd6cfa23,ACC-STUDENT-004,2025-04-30T08:30:00Z,238.12,NPR,DEBIT,COMPLETED,Latte,Coffee Point,Coffee
b3fd5c8d-a079-43ca-969b-6ad743f5e884,ACC-STUDENT-002,2025-11-25T18:37:00Z,218.76,NPR,DEBIT,COMPLETED,Daily Commute,Bus,Transport
d4d0aacb-d641-46f5-b3ec-b11c8a3f3acf,ACC-STUDENT-005,2025-04-12T13:53:00Z,202.02,NPR,DEBIT,COMPLETED,Breakfast,Bakery,Food
a57c95ff-3f07-4fcf-8437-6cb095d2f621,ACC-STUDENT-002,2025-05-29T17:07:00Z,239.49,NPR,DEBIT,COMPLETED,Bus Ticket,Sajha Yatayat,TRANSPORT
7d1b3ed7-9aeb-4f7a-9a81-cce0b8cd3b82,ACC-STUDENT-003,2025-07-29T09:51:00Z,427.03,NPR,DEBIT,COMPLETED,Daily Commute,Pathao,Transport
190e0fd0-336c-422f-85a2-036ce52a2100,ACC-STUDENT-004,2025-09-12T18:02:00Z,392.64,NPR,DEBIT,COMPLETED,Daily Commute,Pathao,Transport
0a42da18-e417-482b-bbe5-c3965209c9e0,ACC-STUDENT-003,2025-05-15T08:00:00Z,303.63,NPR,DEBIT,COMPLETED,Spotify Premium,Spotify,Entertainment
7d1bb5d9-a6c6-46a3-984d-a2d381518f4b,ACC-STUDENT-003,2025-03-03T19:31:00Z,226.0,NPR,DEBIT,COMPLETED,Coke and Momo,Boba Shop,Food
69dea312-0263-41db-87fd-c8d0dc160cda,ACC-STUDENT-001,2025-08-22T18:05:00Z,476.7,NPR,DEBIT,COMPLETED,Ride Sharing,InDrive,Transport
28b89d71-132b-449e-85c0-bda1314e745f,ACC-STUDENT-005,2025-12-18T12:00:00Z,711.6,NPR,DEBIT,COMPLETED,Burger & Fries,Bakery,Food
84341c2c-d3a2-45f5-89bd-3d499a444e49,ACC-STUDENT-001,2025-10-01T13:03:00Z,323.23,NPR,DEBIT,COMPLETED,Snacks,Canteen,Food
9e0a3e00-88d5-4c03-8acf-35b9135fda4c,ACC-STUDENT-005,2025-03-24T09:31:00Z,294.35,NPR,DEBIT,COMPLETED,Bus Ticket,Pathao,Transport
4facc873-ed9c-4fed-8a04-e1d52e8b73b9,ACC-STUDENT-003,2025-08-28T08:30:00Z,141.39,NPR,DEBIT,COMPLETED,Chiya,Beans Cafe,Coffee
06802c63-6845-4fc0-9f7e-75b49c90ac21,ACC-STUDENT-003,2025-04-22T18:55:00Z,Rs. 478.67,NPR,DEBIT,COMPLETED,Taxi Ride,InDrive,Transport
515d29ef-7bd8-4e3d-9db8-34d3fd4bcf59,ACC-STUDENT-004,2025-08-21T08:30:00Z,320.2,NPR,DEBIT,COMPLETED,Americano,Beans Cafe,Coffee
5c6fa9f6-2ee6-458a-b4e4-d396f9794249,ACC-STUDENT-004,2025-05-12T09:49:00Z,282.66,NPR,DEBIT,COMPLETED,Taxi Ride,Bus,Transport
7de58736-3d19-4dfb-abb6-ee4071931355,ACC-STUDENT-004,2025-02-13T16:20:00Z,5414.51,NPR,DEBIT,COMPLETED,Books,Mall,Shopping
1a6e4c05-08e5-484b-9f33-0fee2c5f08e9,ACC-STUDENT-005,2025-10-09T12:26:00Z,227.52,NPR,DEBIT,COMPLETED,Dinner,Bakery,Food
4be27ee6-d5a5-4057-bcb3-06d46421c8ba,ACC-STUDENT-004,2025-05-18T12:00:00Z,3800.21,NPR,DEBIT,COMPLETED,Dairy Products,Fresh Vegetable Vendor,Groceries
988e3fb1-714d-4c4a-88c1-52fa5accbc43,ACC-STUDENT-001,2025-11-18T13:56:00Z,527.5,NPR,DEBIT,COMPLETED,Breakfast,Burger House,Food
0d35b825-4cc2-4606-93e1-8549218753d2,ACC-STUDENT-001,2025-11-25T17:08:00Z,327.11,NPR,DEBIT,COMPLETED,Taxi Ride,Local Taxi,Transport
a16a459a-8610-4a26-991a-67f8f9fb80bb,ACC-STUDENT-003,2025-01-30T20:20:00Z,738.78,NPR,DEBIT,COMPLETED,Meals,Burger House,Food
344b0ca8-650b-485c-be37-7032fdc4d079,ACC-STUDENT-005,2025-12-08 17:46:00,473.81,NPR,DEBIT,COMPLETED,Bus Ticket,Pathao,Transport
74fd7522-2e78-4b75-83ed-e38cb32de088,ACC-STUDENT-003,2025-05-13T19:46:00Z,646.71,NPR,DEBIT,COMPLETED,Dinner,Burger House,Food
58781ee6-76d5-454c-9a9c-9a9c3c372037,ACC-STUDENT-004,2025-02-07T13:33:00Z,203.43,NPR,DEBIT,COMPLETED,Breakfast,Restaurant,Food
e119aac6-c840-44e9-92f5-e14f6cf691d4,ACC-STUDENT-001,2025-09-01T13:58:00Z,173.83,NPR,DEBIT,COMPLETED,Dinner,Local Eatery,Food
7d2a801e-150f-457c-b51f-fe6d27afe04a,ACC-STUDENT-003,2025-04-03T17:31:00Z,229.66,NPR,DEBIT,COMPLETED,Micro Fare,Local Taxi,Transport
db7ce00c-1c0c-45da-84a9-12315b9d737b,ACC-STUDENT-002,2025-05-26T17:19:00Z,267.41,NPR,DEBIT,COMPLETED,Taxi Ride,Pathao,Transport
696962b1-1a1a-479e-9610-9fa98a725a3a,ACC-STUDENT-005,2025-11-30T18:30:00Z,507.83,NPR,DEBIT,COMPLETED,Netflix Subscription,One Cinemas,Entertainment
e7530751-4af4-497e-bde5-f040882879b5,ACC-STUDENT-002,2025-04-22T18:39:00Z,380.72,NPR,DEBIT,COMPLETED,Ride Sharing,Sajha Yatayat,Transport
d9c32863-afce-448e-aa28-92819dc9dcda,ACC-STUDENT-005,2025-03-06T13:05:00Z,300.18,NPR,DEBIT,COMPLETED,Coke and Momo,Cafe,Food
648918f9-bb59-415f-b313-59a3e3812ff0,ACC-STUDENT-005,2026-01-02T10:00:00Z,11598.29,NPR,DEBIT,COMPLETED,House Rent,Rent House Ltd,Utilities
f670a997-8c5d-4b99-a623-0f076c3886bf,ACC-STUDENT-004,2025-07-24T08:30:00Z,345.65,NPR,DEBIT,COMPLETED,Americano,Red Mug Cafe,Coffee
193a258b-b768-44e8-8668-90a5e7efdb72,ACC-STUDENT-003,2025-06-07T13:04:00Z,306.09,NPR,DEBIT,COMPLETED,Dinner,,Food
7fe4abab-b4cf-46d0-81ef-d5f3b034a630,ACC-STUDENT-004,2025-11-28T12:03:00Z,Rs. 717.47,NPR,DEBIT,COMPLETED,Dinner,Boba Shop,Food
4fae4d51-25d6-4bf9-a13e-ad4a21cc002a,ACC-STUDENT-005,2025/10/14,450.55,NPR,DEBIT,COMPLETED,Ride Sharing,Local Taxi,Transport
033c2bd6-e6b8-4ed8-afdc-a90b2e3263e7,ACC-STUDENT-002,2025-11-04T18:00:00Z,204.33,NPR,DEBIT,COMPLETED,Taxi Ride,Local Taxi,Transport
7ac809d9-9ce6-4c0b-8923-7317dcf7bd03,ACC-STUDENT-002,2025-07-08T17:52:00Z,213.71,NPR,DEBIT,COMPLETED,Taxi Ride,Local Taxi,Transport
408cd004-8499-498e-aded-e882adeb4d9d,ACC-STUDENT-003,2025-02-28T13:23:00Z,578.09,NPR,DEBIT,COMPLETED,Dinner,Burger House,Food
59851cd6-fb3c-4316-9040-b1ed8a450c53,ACC-STUDENT-003,2025-02-15T19:29:00Z,329.37,NPR,DEBIT,COMPLETED,Coke and Momo,Local Eatery,Food
ebacd013-7d51-40cb-aee7-236b5e1057a8,ACC-STUDENT-004,2025-03-31T20:26:00Z,318.72,NPR,DEBIT,COMPLETED,Lunch,Bakery,Food
c2a201e6-ddfc-4a74-a808-f4872734d716,ACC-STUDENT-004,2025-04-17T18:02:00Z,124.66,NPR,DEBIT,COMPLETED,Daily Commute,,Transport
51fbd174-791c-4c37-a390-11a1076142bb,ACC-STUDENT-005,2025-02-08T12:04:00Z,188.95,NPR,DEBIT,COMPLETED,Lunch,Boba Shop,Food
5a1f4ccf-2240-464b-832e-538f2b5702e5,ACC-STUDENT-003,2025-10-17T16:20:00Z,5275.19,NPR,DEBIT,COMPLETED,Gift for Mom,Mall,Shopping
183db0e2-542c-4987-90bf-59af5c382bf7,ACC-STUDENT-004,2025-09-05T20:08:00Z,645.23,NPR,DEBIT,COMPLETED,Breakfast,Local Eatery,Food
f94f2765-1cd3-4bc0-8d6c-f7791882dbdd,ACC-STUDENT-003,2025-10-09T08:30:00Z,196.98,NPR,DEBIT,COMPLETED,Cappuccino,Himalayan Java,Coffee
61216964-dd3c-468e-b10c-90dcc9004159,ACC-STUDENT-005,2025-08-06T09:04:00Z,360.49,NPR,DEBIT,COMPLETED,Micro Fare,Sajha Yatayat,Transport
7244c531-60e2-4a78-8b09-520fcf442f49,ACC-STUDENT-005,2025-10-09T18:54:00Z,277.18,NPR,DEBIT,COMPLETED,Daily Commute,InDrive,Transport
9848228b-0f35-4d66-b484-a67f459cfd3d,ACC-STUDENT-002,2025-08-15T08:00:00Z,455.42,NPR,DEBIT,COMPLETED,Spotify Premium,Spotify,Entertainment
4e3e158a-5890-4304-bb40-4498d25e547f,ACC-STUDENT-001,2025-02-07T12:52:00Z,768.8,NPR,DEBIT,COMPLETED,Lunch,Burger House,Food
f6c685a6-31c1-4154-a750-bff5c5614fbb,ACC-STUDENT-004,2025-06-15T08:00:00Z,441.8,NPR,DEBIT,COMPLETED,Spotify Premium,Spotify,Entertainment
771d2a6e-00f7-4187-81f9-ade2d93ee54c,ACC-STUDENT-001,2025-12-16T08:30:00Z,206.42,NPR,DEBIT,COMPLETED,Iced Coffee,Local Tea Stall,Coffee
71aee9c5-5d5e-43f6-8a5d-237f21108c6e,ACC-STUDENT-005,2025-10-06T13:02:00Z,706.68,NPR,DEBIT,COMPLETED,Breakfast,Boba Shop,Food
9e243e91-3d3f-4926-a941-235c59ef9644,ACC-STUDENT-002,2026-01-07T18:11:00Z,451.15,NPR,DEBIT,COMPLETED,Ride Sharing,InDrive,TRANSPORT
def7a2d7-7f94-4311-a365-71a0052128fb,ACC-STUDENT-003,2025-03-13T19:56:00Z,677.45,NPR,DEBIT,COMPLETED,Dinner,Cafe,Food
c04fb155-fc10-4f16-9df0-88cf1fd2f357,ACC-STUDENT-005,2025-01-30T13:34:00Z,360.42,NPR,DEBIT,COMPLETED,Coke and Momo,Bakery,Food
ca6c4ae6-b805-41be-8241-37dc2cab195c,ACC-STUDENT-003,2025-09-15T13:41:00Z,537.24,NPR,DEBIT,COMPLETED,Lunch,Local Eatery,Food
61da3c5e-9b89-4388-8a79-3ee8ef643c45,ACC-STUDENT-005,2025-11-23T18:18:00Z,70.16,NPR,DEBIT,COMPLETED,Daily Commute,Local Taxi,Transport
dfe09e9a-2543-4903-9f22-35ebb8386606,ACC-STUDENT-004,2025-04-01T20:32:00Z,214.0,NPR,DEBIT,COMPLETED,Dinner,Restaurant,Food
ea1126a2-675a-4895-8614-be0bf24c8cd3,ACC-STUDENT-001,2025-06-11T13:51:00Z,188.58,NPR,DEBIT,COMPLETED,Dinner,Local Eatery,Food
0604cc0d-3f56-4503-bd62-067cb8456f95,ACC-STUDENT-001,2025-09-05T09:36:00Z,316.56,NPR,DEBIT,COMPLETED,Ride Sharing,Microbus,Transport
8417552a-2d23-43e5-81e0-34ee24cf3724,ACC-STUDENT-003,2025-04-23T09:34:00Z,345.25,NPR,DEBIT,COMPLETED,Daily Commute,,Transport
b6cec7c1-071a-43a9-85cd-e10ab42e2276,ACC-STUDENT-003,2025-02-24T09:17:00Z,237.87,NPR,DEBIT,COMPLETED,Daily Commute,Local Taxi,Transport
2efef17d-d1e2-406d-9f2f-16bbce106a40,ACC-STUDENT-001,2025-05-20T13:08:00Z,618.2,NPR,DEBIT,COMPLETED,Snacks,Cafe,Food
6603f05f-39f2-4353-84fe-f80865ad655d,ACC-STUDENT-001,2025-07-12T13:10:00Z,443.34,NPR,DEBIT,COMPLETED,Breakfast,Boba Shop,Food
4ddf86d0-9797-4511-8ff1-dbac319bfcdd,ACC-STUDENT-002,2026-01-02T18:28:00Z,189.42,NPR,DEBIT,COMPLETED,Taxi Ride,Local Taxi,Transport
57956b09-b4ad-4625-9c0f-7dbfcff3eb82,ACC-STUDENT-003,2025-10-03T13:51:00Z,518.87,NPR,DEBIT,COMPLETED,Snacks,Bakery,Food
cca1c9a7-3f69-41fc-880f-dacb1b33eb34,ACC-STUDENT-002,2025-05-18T17:08:00Z,378.1,NPR,DEBIT,COMPLETED,Micro Fare,Bus,Transport
878aaec8-7f00-4448-ba6d-2d49d0e6d0e1,ACC-STUDENT-001,2025-10-01 09:00:00,28115.77,NPR,CREDIT,COMPLETED,Monthly Allowance,Family Transfer,Income
604cd8b6-7778-45e3-bc64-1d45fbb2d542,ACC-STUDENT-003,2025-10-15T18:54:00Z,Rs. 180.04,NPR,DEBIT,COMPLETED,Bus Ticket,Microbus,Transport
2ccd5206-a983-4971-bf68-3e08238644b5,ACC-STUDENT-001,2025-04-08T08:30:00Z,294.04,NPR,DEBIT,COMPLETED,Latte,Beans Cafe,Coffee
ca798886-ae6f-4b09-85a3-9c729491d428,ACC-STUDENT-001,2025-11-05T09:47:00Z,431.63,NPR,DEBIT,COMPLETED,Bus Ticket,Sajha Yatayat,Transport
e6cc2121-b1a0-4662-b0d2-57bb572037dc,ACC-STUDENT-003,2025-08-27T20:06:00Z,301.22,NPR,DEBIT,COMPLETED,Snacks,Burger House,Food
28f43dd6-bd9d-42c3-8abf-9723dd1153c4,ACC-STUDENT-003,2025-04-09T17:51:00Z,438.41,NPR,DEBIT,COMPLETED,Daily Commute,Pathao,Transport
074eac45-2b1a-4e53-98eb-913d96073b32,ACC-STUDENT-001,2025-12-08T08:30:00Z,111.4,NPR,DEBIT,COMPLETED,Latte,Beans Cafe,Coffee
b8e4be35-2099-43a4-9b0b-01bcceda89f5,ACC-STUDENT-003,2026-01-04T18:30:00Z,809.48,NPR,DEBIT,COMPLETED,Bowling Session,Gaming Zone,Entertainment
260c74ac-3918-4c4c-91e6-b5b7a794cbcd,ACC-STUDENT-003,2025-05-17T12:00:00Z,3716.7,NPR,DEBIT,COMPLETED,Dairy Products,Bhatbhateni,Groceries
31d92439-6f7f-45d2-adbd-5b95e54e5cc8,ACC-STUDENT-002,2025-03-28T13:01:00Z,264.45,NPR,DEBIT,COMPLETED,Dinner,Canteen,Food
429a4249-efdb-4f90-a6a4-99909f2d1d55,ACC-STUDENT-002,2026-01-11T18:03:00Z,420.69,NPR,DEBIT,COMPLETED,Micro Fare,Microbus,Transport
0c1a42ea-bc5b-4697-9179-9c4947dd92e4,ACC-STUDENT-003,2025-03-28T08:30:00Z,154.78,NPR,DEBIT,COMPLETED,Cappuccino,Coffee Point,Coffee
08666f85-3825-4746-ae67-1a248a54b159,ACC-STUDENT-001,2025-10-06T08:30:00Z,180.92,NPR,DEBIT,COMPLETED,Iced Coffee,Beans Cafe,Coffee
090f924f-01af-4377-ac90-ad123455337b,ACC-STUDENT-005,2025-01-22T13:17:00Z,574.91,NPR,DEBIT,COMPLETED,Breakfast,Cafe,Food
9992242f-b5ba-46bf-b671-5d661cfa5bec,ACC-STUDENT-004,2025-03-11T17:27:00Z,388.14,NPR,DEBIT,COMPLETED,Ride Sharing,Microbus,Transport
78dc478e-5ce6-4ae8-a834-2d118a7f952d,ACC-STUDENT-001,2025-01-16T18:40:00Z,127.01,NPR,DEBIT,COMPLETED,Ride Sharing,Pathao,Transport
2fec43bb-b9fa-4c91-bf8c-4019dfdc3440,ACC-STUDENT-001,2025-11-24T09:02:00Z,362.77,NPR,DEBIT,COMPLETED,Bus Ticket,Microbus,Transport
f88f1655-b5ce-416f-9be0-980b50282f3b,ACC-STUDENT-004,2025-09-13T09:46:00Z,77.93,NPR,DEBIT,COMPLETED,Daily Commute,Sajha Yatayat,Transport
c5714c94-dcfe-46a6-8a84-e3f5f2b6ef50,ACC-STUDENT-004,2025-03-16T17:41:00Z,418.26,NPR,DEBIT,COMPLETED,Daily Commute,Bus,Transport
d26b83d1-7b65-4516-b084-9ab0946e6ecd,ACC-STUDENT-003,2025-07-01T17:48:00Z,317.38,NPR,DEBIT,COMPLETED,Daily Commute,InDrive,Transport
03d722d8-d740-40af-95c1-426776b090a7,ACC-STUDENT-001,2025-07-16T20:52:00Z,489.68,NPR,DEBIT,COMPLETED,Burger & Fries,Burger House,Food
6165d1b3-8703-49d8-9b1e-9c7dbc079de8,ACC-STUDENT-002,2025-06-27T19:10:00Z,248.5,NPR,DEBIT,COMPLETED,Snacks,Canteen,Food
806d87a9-6bd2-46f0-9308-19254a15b2e7,ACC-STUDENT-002,2025-12-15T18:14:00Z,399.16,NPR,DEBIT,COMPLETED,Ride Sharing,Microbus,Transport
b1294c14-6b9f-467f-a76e-6475ebea9595,ACC-STUDENT-003,2025-06-08T12:00:00Z,2977.13,NPR,DEBIT,COMPLETED,Monthly Supplies,Local Grocery,Groceries
ccf62deb-23e9-4d56-a596-f2b446dd164a,ACC-STUDENT-003,2025-06-28T12:00:00Z,3130.54,NPR,DEBIT,COMPLETED,Rice and Oil,Local Grocery,Groceries
1d526e6a-27f6-4418-974b-61c894c7da4c,ACC-STUDENT-002,2025-01-16T19:24:00Z,520.73,NPR,DEBIT,COMPLETED,Dinner,Local Eatery,Food
663703f5-6b82-48d4-a663-f3c03932f6bd,ACC-STUDENT-003,2025-06-15T18:44:00Z,60.33,NPR,DEBIT,COMPLETED,Bus Ticket,Sajha Yatayat,transport
f6c96a94-ace5-44f0-8274-49fcc4854305,ACC-STUDENT-002,2025-06-24T08:30:00Z,300.83,NPR,DEBIT,COMPLETED,Iced Coffee,Red Mug Cafe,Coffee
3446590d-fed1-4693-9fd4-0c07df05e4c3,ACC-STUDENT-005,2025-08-24T18:30:00Z,1091.37,NPR,DEBIT,COMPLETED,Netflix Subscription,Netflix,Entertainment
49dd64d2-e776-40e3-bb7c-a2f2e7cc66c6,ACC-STUDENT-002,2025-08-04T08:30:00Z,342.39,NPR,DEBIT,COMPLETED,Cappuccino,Himalayan Java,Coffee
2cfb8d70-e333-4070-b211-e96f2d08d0f3,ACC-STUDENT-002,2025-11-17T09:28:00Z,305.02,NPR,DEBIT,COMPLETED,Ride Sharing,Pathao,Transport
5e9d856a-a30a-45b5-9a27-094ebab8f8ec,ACC-STUDENT-004,2025-04-01T17:50:00Z,181.72,NPR,DEBIT,COMPLETED,Taxi Ride,Local Taxi,Transport
ffd5229a-b90e-4a4f-8b3a-264af43e2627,ACC-STUDENT-003,2025-07-12T17:54:00Z,192.79,NPR,DEBIT,COMPLETED,Daily Commute,InDrive,Transport
ec2af012-35fa-4d7f-b7a9-5b46d033ba5f,ACC-STUDENT-002,2026-01-06T08:30:00Z,319.83,NPR,DEBIT,COMPLETED,Americano,,Coffee
e7ee0d07-59af-421a-b15e-87873e1ce68f,ACC-STUDENT-003,2025-06-19T19:25:00Z,501.95,NPR,DEBIT,COMPLETED,Lunch,Local Eatery,Food
e06d3276-e501-47ff-a7d4-fcb6a09a21f6,ACC-STUDENT-001,2025-07-19T12:00:00Z,3464.36,NPR,DEBIT,COMPLETED,Dairy Products,Fresh Vegetable Vendor,Groceries
44ce8e59-25cd-4c24-b01b-82361510fc6b,ACC-STUDENT-001,2025-05-18T13:25:00Z,744.83,NPR,DEBIT,COMPLETED,Burger & Fries,Restaurant,Food
4d9089b8-d4ce-471d-8c4e-064c59d5fd82,ACC-STUDENT-002,2025-09-03T12:21:00Z,621.76,NPR,DEBIT,COMPLETED,Burger & Fries,Bakery,Food
878368c7-6a29-40fb-be74-99e3b458ed6d,ACC-STUDENT-005,2025-06-22T13:12:00Z,588.0,NPR,DEBIT,COMPLETED,Lunch,Canteen,Food
a084bfdf-9ff5-4c5e-80ce-5b9fcd8a8e5d,ACC-STUDENT-004,2025-03-29T18:51:00Z,414.27,NPR,DEBIT,COMPLETED,Daily Commute,Local Taxi,Transport
96111872-0411-4a07-8f2e-6ed27c050f27,ACC-STUDENT-005,2025-05-04T09:40:00Z,63.76,NPR,DEBIT,COMPLETED,Daily Commute,InDrive,Transport
576f13c5-2eab-48eb-9c21-a2372d21a697,ACC-STUDENT-003,2025-05-05T20:00:00Z,592.92,NPR,DEBIT,COMPLETED,Dinner,Local Eatery,Food
4b9c7393-ddcf-4bbf-93de-aa30984bd04f,ACC-STUDENT-005,2025-04-09T13:58:00Z,503.0,NPR,DEBIT,COMPLETED,Lunch,Canteen,Food
9a3920ee-f81d-4ee6-8007-207e4920f4a2,ACC-STUDENT-005,2025/04/24,58.72,NPR,DEBIT,COMPLETED,Daily Commute,Microbus,Transport
e9849678-b7d6-4ca0-b5fc-171fd245065f,ACC-STUDENT-004,2025-09-18T18:18:00Z,126.19,NPR,DEBIT,COMPLETED,Ride Sharing,Bus,Transport
6623fa75-2997-44e3-93b4-4b362b578860,ACC-STUDENT-005,2025-10-31T08:30:00Z,210.59,NPR,DEBIT,COMPLETED,Latte,Local Tea Stall,Coffee
c958a35e-7db3-4082-99cd-8df896813616,ACC-STUDENT-003,2025-01-23T20:23:00Z,568.6,NPR,DEBIT,COMPLETED,Lunch,Bakery,Food
7684de83-74a8-4104-acc4-99c3c3a6250b,ACC-STUDENT-001,2025-09-09T08:30:00Z,Rs. 100.3,NPR,DEBIT,COMPLETED,Iced Coffee,Coffee Point,Coffee
1ed9338a-062d-4e04-85ed-88d5015ff579,ACC-STUDENT-001,2025-11-15T08:00:00Z,389.04,NPR,DEBIT,COMPLETED,Spotify Premium,Spotify,Entertainment
a7d06aec-f1ee-49d4-b9ec-af6aa4648dbc,ACC-STUDENT-003,2025-06-20T13:04:00Z,202.79,NPR,DEBIT,COMPLETED,Lunch,Boba Shop,Food
e8f4b223-2067-436c-b3d7-624a6de8b4bb,ACC-STUDENT-005,2025-07-21 20:51:00,543.88,NPR,DEBIT,COMPLETED,Breakfast,Local Eatery,Food
e3b88f6d-7f84-4989-b297-0b8947b3d66e,ACC-STUDENT-004,2025-04-13T09:28:00Z,449.19,NPR,DEBIT,COMPLETED,Daily Commute,Local Taxi,Transport
7f02f0fd-fd08-4ed8-9a54-46c3f13b2de2,ACC-STUDENT-003,2025-06-04T09:58:00Z,133.17,NPR,DEBIT,COMPLETED,Daily Commute,Bus,Transport
8153eb8b-6175-4cef-8453-1d1b9457e8f6,ACC-STUDENT-004,2025/07/09,178.3,NPR,DEBIT,COMPLETED,Cappuccino,Coffee Point,Coffee
13db29ea-014c-4223-be9a-39a45288d157,ACC-STUDENT-001,2025/09/13,4337.15,NPR,DEBIT,COMPLETED,Vegetables & Fruits,Local Grocery,Groceries
5a6adf30-86f8-4883-bf55-5c712bd92f1e,ACC-STUDENT-004,2025-05-13T12:18:00Z,784.59,NPR,DEBIT,COMPLETED,Dinner,Bakery,Food
7a7a8fbd-cc21-4da0-a520-b547427adaac,ACC-STUDENT-003,2025-12-02T18:27:00Z,161.61,NPR,DEBIT,COMPLETED,Taxi Ride,Local Taxi,Transport
5f4bc81d-1a30-430d-a170-9c81b3fbc27e,ACC-STUDENT-002,2025-02-21T09:53:00Z,414.12,NPR,DEBIT,COMPLETED,Taxi Ride,Local Taxi,Transport
24878d65-366e-444d-8b94-cd947f3f344f,ACC-STUDENT-003,2025-07-24T13:57:00Z,258.27,NPR,DEBIT,COMPLETED,Coke and Momo,Restaurant,Food
e972ce51-17d5-4b5b-b19c-08ddf5390712,ACC-STUDENT-005,2025-07-03T09:34:00Z,261.48,NPR,DEBIT,COMPLETED,Daily Commute,,Transport
af0ba07f-5762-42a0-b51b-4c614dfcdc4d,ACC-STUDENT-003,2025-03-10T14:30:00Z,5410.73,NPR,CREDIT,COMPLETED,Monthly Allowance,Freelance Work,Income
fdcdaa83-29cc-412e-95a1-0f77a7f210cf,ACC-STUDENT-003,2025-10-19T12:10:00Z,535.72,NPR,DEBIT,COMPLETED,Burger & Fries,Boba Shop,Food
c10a016a-0746-4a59-b892-0de5cdb76568,ACC-STUDENT-004,2025-10-07T08:30:00Z,307.03,NPR,DEBIT,COMPLETED,Cappuccino,Local Tea Stall,Coffee
3c98034d-7407-4835-9e52-a5971b9d43b0,ACC-STUDENT-003,2025-03-26T13:50:00Z,412.6,NPR,DEBIT,COMPLETED,Lunch,Restaurant,Food
e3d97b6a-4d3f-41e1-ad33-6eb1875fe8cd,ACC-STUDENT-003,2025-04-11T13:25:00Z,429.57,NPR,DEBIT,COMPLETED,Lunch,Restaurant,FOOD
0d466b2c-09c2-4391-83e3-a3214749aecd,ACC-STUDENT-002,2025-05-19T20:29:00Z,204.12,NPR,DEBIT,COMPLETED,Dinner,Burger House,Food
b4dbd5dd-6cc7-415c-890b-f36174255660,ACC-STUDENT-001,2025-07-31T17:24:00Z,52.1,NPR,DEBIT,COMPLETED,Bus Ticket,Pathao,Transport
e6be4b89-7094-4263-9b9e-9b8254596fa2,ACC-STUDENT-003,2025-09-24T20:50:00Z,549.34,NPR,DEBIT,COMPLETED,Dinner,Canteen,Food
ef4785fd-f89b-45f8-a785-6ecb0ea3973d,ACC-STUDENT-005,2025-02-04 20:28:00,499.82,NPR,DEBIT,COMPLETED,Coke and Momo,Canteen,Food
ff7df144-0d15-49dc-8d62-8656b7176d62,ACC-STUDENT-004,2025-12-05T20:30:00Z,387.2,NPR,DEBIT,COMPLETED,Snacks,Canteen,Food
61d0c477-b2ba-4822-b3dc-b9f3bb22c8a5,ACC-STUDENT-001,2025-03-09T12:00:00Z,2825.19,NPR,DEBIT,COMPLETED,Rice and Oil,Fresh Vegetable Vendor,Groceries
b72af453-0c19-455e-9630-8631379752ac,ACC-STUDENT-001,2025-04-05T11:15:00Z,2033.53,NPR,DEBIT,COMPLETED,WiFi Internet,Worldlink,Utilities
e20272b0-bf61-470e-86ed-dc455c5370b2,ACC-STUDENT-002,2025-05-16T13:05:00Z,515.62,NPR,DEBIT,COMPLETED,Breakfast,Boba Shop,Food
3715c8ab-3578-49ce-a5ae-43c72726bac0,ACC-STUDENT-004,2025-09-14T17:59:00Z,103.58,NPR,DEBIT,COMPLETED,Bus Ticket,Bus,Transport
3aad929f-70ce-42ac-a6f5-af1a28c26680,ACC-STUDENT-005,2025-12-15T17:16:00Z,499.29,NPR,DEBIT,COMPLETED,Daily Commute,InDrive,Transport
00a97f56-8ca4-4086-9c84-1afb4e03ba7f,ACC-STUDENT-005,2025-02-26T12:51:00Z,397.07,NPR,DEBIT,COMPLETED,Dinner,Local Eatery,Food
20de4766-c8b9-4c05-9d49-bbc997ca828b,ACC-STUDENT-001,2025-03-04T19:46:00Z,Rs. 344.06,NPR,DEBIT,COMPLETED,Burger & Fries,Local Eatery,Food
f9b5eef1-8a83-419a-af2e-e674226a22d1,ACC-STUDENT-004,2025-05-12T08:30:00Z,193.19,NPR,DEBIT,COMPLETED,Cappuccino,Coffee Point,Coffee
9e92a45e-acfd-4980-b295-c211d6bb39a5,ACC-STUDENT-004,2025-12-25T18:32:00Z,316.63,NPR,DEBIT,COMPLETED,Taxi Ride,Microbus,Transport
ffd1f98f-b3ff-40ab-8b5a-f02d6774eaa9,ACC-STUDENT-003,2025-09-01T09:00:00Z,29224.82,NPR,CREDIT,COMPLETED,Monthly Allowance,Family Transfer,Income
069e4a17-628a-4652-9c65-2600ff93e510,ACC-STUDENT-003,2025-08-15T13:34:00Z,649.38,NPR,DEBIT,COMPLETED,Burger & Fries,Canteen,Food
b0ebf663-9b15-4d0f-af89-709a04c5dcb9,ACC-STUDENT-002,2025-05-01T17:39:00Z,75.76,NPR,DEBIT,COMPLETED,Taxi Ride,Local Taxi,Transport
49c242b1-baba-4ec8-bd2c-a0afd2aba750,ACC-STUDENT-002,2025-04-03T17:25:00Z,419.84,NPR,DEBIT,COMPLETED,Daily Commute,Sajha Yatayat,Transport
ec2f90f1-065b-4e15-bd31-905123a3baaf,ACC-STUDENT-004,2025-04-21T13:37:00Z,427.39,NPR,DEBIT,COMPLETED,Meals,,Food
15bc3538-bde4-4123-bdb2-f30354325ffe,ACC-STUDENT-002,2025-01-22T17:50:00Z,58.96,NPR,DEBIT,COMPLETED,Daily Commute,Local Taxi,Transport
aa3998fa-027c-48f0-810b-649b2f386ed4,ACC-STUDENT-003,2025-07-10T08:30:00Z,196.57,NPR,DEBIT,COMPLETED,Cappuccino,Beans Cafe,Coffee
375cef51-95d0-4ee9-836f-947e73f9d4a6,ACC-STUDENT-002,2025-05-15T08:00:00Z,265.87,NPR,DEBIT,COMPLETED,Spotify Premium,Spotify,Entertainment
604dca52-394e-4ecd-84c7-5a6248112e0c,ACC-STUDENT-005,2025-11-01T12:00:00Z,3470.8,NPR,DEBIT,COMPLETED,Rice and Oil,Fresh Vegetable Vendor,Groceries
cbf4a266-4e25-4412-9892-d48e1477dee5,ACC-STUDENT-003,2025-05-17T12:46:00Z,266.6,NPR,DEBIT,COMPLETED,Breakfast,Cafe,Food
8c10b92c-40c2-4c73-bab0-04208769f2ec,ACC-STUDENT-002,2025-12-23T09:48:00Z,157.38,NPR,DEBIT,COMPLETED,Bus Ticket,Microbus,Transport
1d57e942-4cbb-442d-955f-3f559b5929bd,ACC-STUDENT-002,2025-07-23T09:07:00Z,253.75,NPR,DEBIT,COMPLETED,Bus Ticket,Local Taxi,Transport
36c7c4c5-3446-46ae-932b-0142dfa2b2bc,ACC-STUDENT-003,2025-09-03T17:34:00Z,451.61,NPR,DEBIT,COMPLETED,Bus Ticket,Sajha Yatayat,Transport
91c5ae53-9ef9-4121-9f20-f12d0c01c54b,ACC-STUDENT-003,2025-10-03T17:22:00Z,0.0,NPR,DEBIT,COMPLETED,Taxi Ride,Local Taxi,Transport
2285b368-202c-4553-88f6-7bf9372e62db,ACC-STUDENT-001,2025-03-14T09:28:00Z,250.11,NPR,DEBIT,COMPLETED,Ride Sharing,Local Taxi,Transport
28e9bf9b-b093-4c4d-9fc3-2f8a2d163e4c,ACC-STUDENT-005,2025-03-06T12:30:00Z,359.55,NPR,DEBIT,COMPLETED,Dinner,Burger House,Food
0d06d98f-6819-4fff-a8cf-79571d4f46e5,ACC-STUDENT-002,2025-07-06T20:52:00Z,156.46,NPR,DEBIT,COMPLETED,Breakfast,Local Eatery,Food
30853e3e-8d44-450c-b276-6db21408cad1,ACC-STUDENT-003,2025-12-23T12:39:00Z,647.96,NPR,DEBIT,COMPLETED,Dinner,Cafe,Food
be41c4b4-739a-4cfd-92a0-78955c2e8cf6,ACC-STUDENT-004,2025-12-01T13:54:00Z,272.87,NPR,DEBIT,COMPLETED,Burger & Fries,Cafe,Food
7e62c2e0-f901-4007-a7ee-f379b004232b,ACC-STUDENT-005,2025-01-15T13:45:00Z,340.93,NPR,DEBIT,COMPLETED,Meals,Burger House,Food
60b09446-fdbe-4c1f-bba6-6d5d7904a64b,ACC-STUDENT-001,2025-02-04T08:30:00Z,260.37,NPR,DEBIT,COMPLETED,Iced Coffee,Coffee Point,Coffee
06203a52-6ec6-4cda-8c00-e1409d57a227,ACC-STUDENT-002,2025-12-01T08:30:00Z,320.14,NPR,DEBIT,COMPLETED,Latte,Beans Cafe,Coffee
7f5709e0-86e1-464f-8d4f-a10e84f4b97f,ACC-STUDENT-004,2025-11-15T08:00:00Z,427.72,NPR,DEBIT,COMPLETED,Spotify Premium,Spotify,Entertainment
1a289dad-e7ff-4745-ac2a-81f442cc2a03,ACC-STUDENT-004,2025-06-20T19:18:00Z,462.16,NPR,DEBIT,COMPLETED,Coke and Momo,Boba Shop,Food
1ae28274-a274-4f03-a15f-6e5965378b59,ACC-STUDENT-003,2025-06-02T08:30:00Z,151.16,NPR,DEBIT,COMPLETED,,Red Mug Cafe,Coffee
42c9101a-2a66-4460-bfd6-d0e0dba54b82,ACC-STUDENT-002,2025-03-29T20:56:00Z,612.11,NPR,DEBIT,COMPLETED,Meals,Cafe,Food
bfd58f90-12fb-41d1-bf58-aab4812d7d77,ACC-STUDENT-004,2025-01-19T09:59:00Z,400.46,NPR,DEBIT,COMPLETED,Ride Sharing,Microbus,Transport
9d1c277b-2cdb-46ab-8fd3-78d424e24e64,ACC-STUDENT-003,2025-06-06T12:51:00Z,230.06,NPR,DEBIT,COMPLETED,Burger & Fries,Burger House,Food
d3740e61-3c57-48a2-9229-407561ed3fc1,ACC-STUDENT-004,2025-11-03T18:20:00Z,439.18,NPR,DEBIT,COMPLETED,Taxi Ride,InDrive,Transport
da7c3b7e-3ff7-4491-8608-094283adec8b,ACC-STUDENT-005,2025-10-02T12:15:00Z,328.81,NPR,DEBIT,COMPLETED,Burger & Fries,Burger House,Food
e7d7c552-724c-4867-960a-368a2d76ce69,ACC-STUDENT-004,2026-01-06T17:55:00Z,159.46,NPR,DEBIT,COMPLETED,Micro Fare,Pathao,Transport
5f19c954-f9ca-488f-b07b-140dbc4c0a9a,ACC-STUDENT-005,2025/09/25,469.21,NPR,DEBIT,COMPLETED,Meals,Cafe,Food
093c5003-0dc8-4c6d-be60-49d8f229098e,ACC-STUDENT-004,2026-01-02T13:30:00Z,757.78,NPR,DEBIT,COMPLETED,Snacks,Restaurant,Food
13fae4fe-718b-43ae-ba9e-b2b5348c2076,ACC-STUDENT-001,2025-12-24T17:16:00Z,216.35,NPR,DEBIT,COMPLETED,Ride Sharing,InDrive,Transport
1d9bb768-2e8b-444d-bcfc-104d4582cd12,ACC-STUDENT-004,2025-03-06T19:21:00Z,475.81,NPR,DEBIT,COMPLETED,Breakfast,Local Eatery,Food
33321e84-6b07-4c17-ba28-be6e2a060b5c,ACC-STUDENT-004,2025-06-28T09:23:00Z,276.79,NPR,DEBIT,COMPLETED,Daily Commute,Bus,Transport
a6bf71d3-a301-4834-961d-1b6e367f18cf,ACC-STUDENT-002,2025-08-10T12:00:00Z,3802.98,NPR,DEBIT,COMPLETED,Rice and Oil,Big Mart,Groceries
7356d4cd-8059-4c45-ab19-e52c9951e41f,ACC-STUDENT-001,2026-01-01T19:10:00Z,528.08,NPR,DEBIT,COMPLETED,Lunch,Restaurant,Food
9dd30246-aaef-4a72-80ec-585e2d02722f,ACC-STUDENT-002,2025-07-07T18:46:00Z,51.65,NPR,DEBIT,COMPLETED,,Pathao,Transport
7fdb6be2-629c-43a7-b4c0-d036a4330db4,ACC-STUDENT-005,2025-12-21T18:30:00Z,782.58,NPR,DEBIT,COMPLETED,Spotify Premium,Spotify,Entertainment
a2f859de-e524-47aa-8c8d-465cf8b2236f,ACC-STUDENT-002,2025-05-11T12:00:00Z,4097.57,NPR,DEBIT,COMPLETED,Weekly Groceries,Saleways,Groceries
10f6ecf2-01fc-4236-94bb-0957bd739cad,ACC-STUDENT-002,2025-02-03T19:10:00Z,477.44,NPR,DEBIT,COMPLETED,Dinner,Bakery,Food
deb60f8c-5ac1-484d-84e5-b51f74ffc4db,ACC-STUDENT-005,2025-09-20T13:49:00Z,311.08,NPR,DEBIT,COMPLETED,Coke and Momo,Bakery,Food
422620db-ed6f-4d16-b04c-24c96a54ad36,ACC-STUDENT-002,2025-09-02T09:42:00Z,243.99,NPR,DEBIT,COMPLETED,Daily Commute,Microbus,Transport
bfc2c4f8-c24e-4665-8e67-c610450c36b1,ACC-STUDENT-001,2025-02-15T12:00:00Z,3191.91,NPR,DEBIT,COMPLETED,Vegetables & Fruits,Local Grocery,Groceries
56305cd6-9e8e-4867-8965-82d2f67281bb,ACC-STUDENT-005,2025-11-24T14:30:00Z,3433.68,NPR,CREDIT,COMPLETED,Monthly Allowance,Part-time Gig,Income
97817fa3-0340-4f28-bb98-720a2453a3ec,ACC-STUDENT-002,2025-12-29T18:17:00Z,61.86,NPR,DEBIT,COMPLETED,Ride Sharing,Microbus,Transport
4542ba38-d45c-4634-877b-f3d89307bd5d,ACC-STUDENT-002,2025-02-19T19:22:00Z,590.0,NPR,DEBIT,COMPLETED,Lunch,Boba Shop,Food
3fb85f5e-8756-45d3-a54c-9bfe09cf4961,ACC-STUDENT-004,2025-10-25T12:00:00Z,3689.53,NPR,DEBIT,COMPLETED,Weekly Groceries,Local Grocery,Groceries
464a4704-1cc1-4046-9625-a2fa65af474f,ACC-STUDENT-003,2025-12-15T08:00:00Z,314.58,NPR,DEBIT,COMPLETED,Spotify Premium,,Entertainment
2ff65056-ed16-4592-8c08-4068a5afdbbb,ACC-STUDENT-002,2026-01-06T19:06:00Z,259.53,NPR,DEBIT,COMPLETED,Burger & Fries,Canteen,Food
63bc6a9d-95a1-4923-aec9-d9b88039b1e2,ACC-STUDENT-003,2025-09-23T20:02:00Z,489.82,NPR,DEBIT,COMPLETED,Meals,Restaurant,Food
b8729c1e-f173-4779-ab19-7262515808f2,ACC-STUDENT-002,2025-10-08T20:21:00Z,524.18,NPR,DEBIT,COMPLETED,Breakfast,Local Eatery,Food
b29e8413-b80f-4d55-b8b4-e2589861fa1c,ACC-STUDENT-001,2025-06-09T08:30:00Z,189.76,NPR,DEBIT,COMPLETED,Americano,Local Tea Stall,Coffee
19558cf2-f11f-4c99-ba8f-40dbe2414dd9,ACC-STUDENT-002,2025-10-31T13:11:00Z,204.63,NPR,DEBIT,COMPLETED,Meals,Cafe,Food
948776fe-5200-4d8c-bf8c-d030718f06e6,ACC-STUDENT-003,2026-01-02T10:00:00Z,12537.72,NPR,DEBIT,COMPLETED,House Rent,Rent House Ltd,Utilities
122538e6-075d-4bc7-9e03-fab61821faf6,ACC-STUDENT-004,2025-07-04T09:08:00Z,157.23,NPR,DEBIT,COMPLETED,Ride Sharing,Bus,Transport
02ed89c1-eeef-4ee1-a27e-086f4e8e3395,ACC-STUDENT-003,2025-07-11T13:17:00Z,665.74,NPR,DEBIT,COMPLETED,Meals,Boba Shop,Food
8be09b0a-5d59-42ab-a9ef-915c514b297e,ACC-STUDENT-005,2025-06-09T16:20:00Z,3300.03,NPR,DEBIT,COMPLETED,Birthday Gift,Daraz,Shopping
881b8e20-83b7-4524-8c1c-90f8cbc21e51,ACC-STUDENT-002,2025-04-07T13:14:00Z,339.22,NPR,DEBIT,COMPLETED,Burger & Fries,Canteen,Food
9c591a03-221a-4204-b6fc-ca496768015b,ACC-STUDENT-004,2025-03-17T13:29:00Z,311.9,NPR,DEBIT,COMPLETED,Breakfast,Burger House,Food
cd887151-2b8c-48b7-a303-d1451a94e5fa,ACC-STUDENT-004,2025-03-24T17:21:00Z,426.88,NPR,DEBIT,COMPLETED,Daily Commute,Sajha Yatayat,Transport
bacab8c9-d563-4f20-a1ff-8f6778336074,ACC-STUDENT-001,2025-03-25T09:29:00Z,464.52,NPR,DEBIT,COMPLETED,Taxi Ride,InDrive,Transport
68d8001c-ac69-4cdf-a9f9-554a942dfe16,ACC-STUDENT-003,2025-07-01T09:00:00Z,29472.82,NPR,CREDIT,COMPLETED,Monthly Allowance,Family Transfer,Income
7e61627c-4d5c-4ebd-a745-e16f8fb3d2eb,ACC-STUDENT-004,2025-05-10T12:00:00Z,2966.19,NPR,DEBIT,COMPLETED,Monthly Supplies,Bhatbhateni,Groceries
ab6c6b92-0e80-4d8a-8ab3-c42a4ea36844,ACC-STUDENT-001,2025-04-23T09:03:00Z,176.61,NPR,DEBIT,COMPLETED,Bus Ticket,Microbus,Transport
71033f47-7183-4509-aa11-b00fdca5e675,ACC-STUDENT-003,2025-06-09T20:09:00Z,595.19,NPR,DEBIT,COMPLETED,Meals,Restaurant,Food
e2a822db-0331-489a-9284-81d8fce044ae,ACC-STUDENT-004,2025-05-08T20:53:00Z,644.69,NPR,DEBIT,COMPLETED,Snacks,Local Eatery,Food
387feaa2-962a-47c5-8387-2ef178fdbcbb,ACC-STUDENT-003,2025-05-12T19:16:00Z,676.31,NPR,DEBIT,COMPLETED,Breakfast,Burger House,Food
1e65271d-2188-405c-8345-1bf3d05c42fd,ACC-STUDENT-003,2025-07-02T10:00:00Z,9732.82,NPR,DEBIT,COMPLETED,House Rent,Rent House Ltd,Utilities
7b6ca581-2ce7-462c-80dc-2d676aa64ad0,ACC-STUDENT-001,2025-05-26T17:14:00Z,427.4,NPR,DEBIT,COMPLETED,Taxi Ride,InDrive,Transport
46dff70b-e1d4-4dda-a201-547f06e6d910,ACC-STUDENT-003,2025-12-13T12:00:00Z,1529.88,NPR,DEBIT,COMPLETED,Weekly Groceries,Big Mart,Groceries
adbd54a8-e897-4d79-bfd0-72141f298a56,ACC-STUDENT-001,2025-06-01T18:30:00Z,597.63,NPR,DEBIT,COMPLETED,Movie Ticket,Netflix,Entertainment
726cb6ec-0a80-43a0-8890-bbfe8c44c7bb,ACC-STUDENT-001,2025-11-24T14:30:00Z,6065.2,NPR,CREDIT,COMPLETED,Freelance Project,Tutoring,Income
9d4504de-e0e0-410f-94c0-8b874bd19b0d,ACC-STUDENT-001,2025-08-28T12:54:00Z,638.18,NPR,DEBIT,COMPLETED,Burger & Fries,Bakery,Food
bb3108ba-4fac-4dfa-9253-8444e0f1643d,ACC-STUDENT-004,2025-07-29T20:39:00Z,506.69,NPR,DEBIT,COMPLETED,Breakfast,Canteen,Food
3493a167-4622-4008-8ee3-f7bdb8361a59,ACC-STUDENT-001,2025-04-08T18:01:00Z,334.38,NPR,DEBIT,COMPLETED,Bus Ticket,Pathao,Transport
20774cc6-5739-4124-b759-c1b9235bf2ab,ACC-STUDENT-005,2025-08-08T08:30:00Z,104.5,NPR,DEBIT,COMPLETED,Cappuccino,Coffee Point,Coffee
01e8b01a-05a3-4c09-9bf4-d8e3acf49821,ACC-STUDENT-003,2025-08-30T12:00:00Z,3349.4,NPR,DEBIT,COMPLETED,Dairy Products,Fresh Vegetable Vendor,Groceries
5a813188-a580-4cc7-af6b-ca23764f463d,ACC-STUDENT-001,2025-01-21T13:56:00Z,518.78,NPR,DEBIT,COMPLETED,Meals,,FOOD
15e506c7-b458-4638-818b-c5c922aa391b,ACC-STUDENT-005,2025-08-11T18:55:00Z,386.81,NPR,DEBIT,COMPLETED,Micro Fare,Microbus,TRANSPORT
abbcc613-2deb-463c-a75d-921fd3d6d355,ACC-STUDENT-005,2025-11-03T20:22:00Z,746.95,NPR,DEBIT,COMPLETED,Meals,Local Eatery,Food
2cabe69d-775e-4e36-80e4-cec7e10dd085,ACC-STUDENT-002,2025-05-31T12:00:00Z,2957.79,NPR,DEBIT,COMPLETED,Monthly Supplies,Big Mart,Groceries
677378d7-5fd9-462b-b601-4fc6aee39e97,ACC-STUDENT-003,2025/04/05,548.4,NPR,DEBIT,COMPLETED,Dinner,Local Eatery,Food
f6d7f628-6510-4463-9d96-aa7a5d2bee60,ACC-STUDENT-003,2026-01-08T18:40:00Z,54.06,NPR,DEBIT,COMPLETED,Micro Fare,Microbus,Transport
7dda20ca-c095-4cf6-b08b-a312484a3145,ACC-STUDENT-005,2025-06-19T19:31:00Z,153.19,NPR,DEBIT,COMPLETED,Breakfast,Cafe,Food
9feeed06-0e1f-4c28-8057-4526b872dfab,ACC-STUDENT-001,2026-01-08T18:08:00Z,273.12,NPR,DEBIT,COMPLETED,Taxi Ride,Microbus,Transport
9bda6470-2de7-4ab7-87a9-21dc1f417d33,ACC-STUDENT-001,2026-01-07T08:30:00Z,304.9,NPR,DEBIT,COMPLETED,Americano,Coffee Point,Coffee
bf6819dd-bcb1-42b6-9803-f3b7e84fbe5c,ACC-STUDENT-001,2025-03-19T17:26:00Z,378.33,NPR,DEBIT,COMPLETED,Taxi Ride,Sajha Yatayat,Transport
658d7836-460a-404d-b1d5-3d926b9c535b,ACC-STUDENT-003,2025-06-08T12:07:00Z,635.12,NPR,DEBIT,COMPLETED,Snacks,Boba Shop,Food
6ebccafa-a599-4fbd-821e-36590e0d3948,ACC-STUDENT-003,2026-01-03T16:20:00Z,2197.74,NPR,DEBIT,COMPLETED,Gift for Mom,Daraz,Shopping
31ad802c-c24e-4a9f-9e7e-bc7e6e7ef213,ACC-STUDENT-004,2025-07-06T16:20:00Z,2059.43,NPR,DEBIT,COMPLETED,,Mall,Shopping
c3ebdc8f-0a5d-42ee-8336-431990c1da04,ACC-STUDENT-003,2025-08-31T13:03:00Z,699.13,NPR,DEBIT,COMPLETED,Breakfast,Bakery,food
af969916-4b49-4a8b-8599-3cdb8ea1f7d3,ACC-STUDENT-003,2025-11-05T12:45:00Z,692.39,NPR,DEBIT,COMPLETED,Breakfast,Burger House,Food
0dc3ea7c-9802-4380-90a3-e4a7f5299b83,ACC-STUDENT-005,2025-10-27T08:30:00Z,231.93,NPR,DEBIT,COMPLETED,Latte,Beans Cafe,Coffee
232baafd-9dcb-4e05-bf0b-823cd3aa9daf,ACC-STUDENT-003,2025-02-26T09:42:00Z,78.35,NPR,DEBIT,COMPLETED,Taxi Ride,Microbus,transport
39395002-2bef-4878-a908-476a0a4b6d68,ACC-STUDENT-004,2025-07-18T20:42:00Z,752.41,NPR,DEBIT,COMPLETED,Snacks,Restaurant,FOOD
d46562d9-4786-4687-9d37-0aa319edf985,ACC-STUDENT-005,2025-05-16T12:57:00Z,755.68,NPR,DEBIT,COMPLETED,Snacks,Boba Shop,Food
d512f00b-0bf3-4ea5-8ba7-0be69f2e5556,ACC-STUDENT-004,2026-01-04T17:43:00Z,251.69,NPR,DEBIT,COMPLETED,Bus Ticket,Microbus,Transport
d624e302-4e02-49a1-9945-cbf5dc614bcd,ACC-STUDENT-005,2025-08-13T18:20:00Z,204.58,NPR,DEBIT,COMPLETED,Daily Commute,Sajha Yatayat,Transport
aa9270d1-3198-46ee-ad4c-3c7cfb0cf05f,ACC-STUDENT-004,2025-11-11T12:39:00Z,613.71,NPR,DEBIT,COMPLETED,Lunch,Cafe,Food
ed408426-cfb6-446c-8f94-040ad533c0ce,ACC-STUDENT-002,2025-10-17T13:18:00Z,Rs. 318.58,NPR,DEBIT,COMPLETED,Snacks,Restaurant,Food
38d22238-415b-4119-8a61-8105b794386f,ACC-STUDENT-002,2025/09/20,727.77,NPR,DEBIT,COMPLETED,,Restaurant,Food
ed61248e-9042-4042-b36e-82c293807317,ACC-STUDENT-004,2025-08-05T09:12:00Z,202.24,NPR,DEBIT,COMPLETED,Micro Fare,Bus,Transport
d5686fc5-ca2d-4e75-8eff-d175edc700e2,ACC-STUDENT-005,2025-03-15T12:00:00Z,2332.01,NPR,DEBIT,COMPLETED,Weekly Groceries,Saleways,Groceries
a8ed34b9-fc03-4a8b-8aaf-b7512b961879,ACC-STUDENT-004,2025-05-18T12:35:00Z,250.05,NPR,DEBIT,COMPLETED,Coke and Momo,Restaurant,Food
77948358-f6e0-49c1-9fc6-0d686090a840,ACC-STUDENT-002,2025-04-10T18:58:00Z,80.03,NPR,DEBIT,COMPLETED,Ride Sharing,Sajha Yatayat,Transport
0d7b91ab-db64-46e0-b74d-04fb6c119c54,ACC-STUDENT-003,2025-10-14T19:48:00Z,637.53,NPR,DEBIT,COMPLETED,Dinner,Burger House,Food
edf8139e-13d9-40f5-b823-9e10e80e6a4c,ACC-STUDENT-001,2025-07-06T19:59:00Z,695.49,NPR,DEBIT,COMPLETED,Breakfast,Cafe,Food
2f1ff82e-52ac-47be-a0c5-85f6ecb47ba8,ACC-STUDENT-002,2025-12-30T08:30:00Z,261.97,NPR,DEBIT,COMPLETED,,Red Mug Cafe,Coffee
0ad7d988-681c-4dbf-bdc0-b67d73fc4122,ACC-STUDENT-005,2025-08-11T08:30:00Z,347.44,NPR,DEBIT,COMPLETED,Latte,Coffee Point,Coffee
9eb89744-ec30-4689-8a1a-5894ec299258,ACC-STUDENT-004,2025-07-13T20:06:00Z,-235.0,NPR,DEBIT,COMPLETED,Lunch,Burger House,Food
228226c1-6f98-4b67-a101-003781ab3fa9,ACC-STUDENT-001,2025-06-15T18:30:00Z,1142.82,NPR,DEBIT,COMPLETED,Netflix Subscription,QFX Cinemas,Entertainment
063a3996-5734-4538-b6f7-f9429870760e,ACC-STUDENT-004,2025-09-28T13:35:00Z,173.67,NPR,DEBIT,COMPLETED,Meals,Burger House,Food
f6cd5c79-4bff-4542-8ddc-de60d914cfe9,ACC-STUDENT-002,2025-09-15T12:04:00Z,630.19,NPR,DEBIT,COMPLETED,Dinner,Bakery,Food
06231a9a-954e-4f82-86bd-329ae82339ca,ACC-STUDENT-005,2025-02-27T17:51:00Z,110.54,NPR,DEBIT,COMPLETED,Bus Ticket,InDrive,Transport
cb2d6eb1-6722-4e1f-891a-f67471db39b9,ACC-STUDENT-005,2025-12-29T17:12:00Z,420.01,NPR,DEBIT,COMPLETED,Bus Ticket,InDrive,Transport
e01ec55f-fab1-4cbb-9878-f91e4cbbb475,ACC-STUDENT-003,2025-12-17 19:03:00,401.11,NPR,DEBIT,COMPLETED,Coke and Momo,Local Eatery,Food
95de2695-a206-4f01-bf09-df27a2d3539d,ACC-STUDENT-004,2025-01-25T12:00:00Z,2774.57,NPR,DEBIT,COMPLETED,Monthly Supplies,Big Mart,Groceries
3c8c7927-6b9e-49d7-a814-2e7692f1de0e,ACC-STUDENT-001,2025-03-12T18:24:00Z,420.09,NPR,DEBIT,COMPLETED,Taxi Ride,Bus,Transport
e65c164e-f17e-43e8-9f66-4f046d559f0f,ACC-STUDENT-001,2025-04-20T19:41:00Z,287.03,NPR,DEBIT,COMPLETED,,Bakery,Food
1199bf49-59bd-4361-8068-6b940060b222,ACC-STUDENT-005,2025-05-17T16:20:00Z,3234.36,NPR,DEBIT,COMPLETED,Saree for Mother,Clothing Shop,Shopping
06203a52-6ec6-4cda-8c00-e1409d57a227,ACC-STUDENT-002,2025-12-01T08:30:00Z,320.14,NPR,DEBIT,COMPLETED,Latte,Beans Cafe,Coffee
de4969ff-95a8-41ff-bafa-239a7b8a0a4d,ACC-STUDENT-001,2025-09-08T18:32:00Z,388.57,NPR,DEBIT,COMPLETED,Daily Commute,Sajha Yatayat,Transport
b075763d-767e-492b-bd80-812667bc5505,ACC-STUDENT-004,2025-09-12T19:50:00Z,652.68,NPR,DEBIT,COMPLETED,Meals,Canteen,Food
6fa82049-9c55-4b60-a7dc-5675672ac661,ACC-STUDENT-003,2025-11-18T17:12:00Z,195.94,NPR,DEBIT,COMPLETED,Taxi Ride,Pathao,Transport
ef2d1765-15d6-404d-98c7-b4d0403ccddc,ACC-STUDENT-002,2025-08-12T08:30:00Z,311.28,NPR,DEBIT,COMPLETED,Latte,Local Tea Stall,Coffee
4c8b1a9e-3b02-4a77-9d3e-6d3d29f72956,ACC-STUDENT-001,2025-05-04T13:54:00Z,477.74,NPR,DEBIT,COMPLETED,Dinner,Cafe,Food
ebb20535-4616-4b6d-b1ca-076f6150cbc2,ACC-STUDENT-005,2025-12-29T20:47:00Z,174.27,NPR,DEBIT,COMPLETED,Lunch,Boba Shop,FOOD
00c9abc5-c8e3-4be6-8c83-814041a2207f,ACC-STUDENT-004,2025-11-13T09:01:00Z,276.76,NPR,DEBIT,COMPLETED,Ride Sharing,,Transport
2c42cf33-1fa0-4505-9b5f-b3aa4b04d833,ACC-STUDENT-003,2025-09-11T07:00:00Z,6800.31,NPR,DEBIT,COMPLETED,Pokhara Trip,Hotel Chitwan,Travel
11746701-f7ed-4d2f-9dcd-219b18bb533a,ACC-STUDENT-005,2025-02-11T13:44:00Z,301.24,NPR,DEBIT,COMPLETED,Lunch,Canteen,Food
97fe2c02-2285-42bd-9e93-2dbbac21fd6b,ACC-STUDENT-002,2025-04-09T18:56:00Z,463.5,NPR,DEBIT,COMPLETED,Taxi Ride,Microbus,Transport
c0977c09-552c-4303-8b9c-53133a167663,ACC-STUDENT-004,2025-12-29T12:23:00Z,386.25,NPR,DEBIT,COMPLETED,Lunch,Bakery,Food
8f8f3c82-a610-4c46-a1b3-16a01313050f,ACC-STUDENT-003,2025-05-12T18:31:00Z,0.0,NPR,DEBIT,COMPLETED,Daily Commute,Pathao,Transport
7aa66d3f-23ff-4c9b-990a-62f4591dcb36,ACC-STUDENT-004,2025-09-25T12:17:00Z,209.98,NPR,DEBIT,COMPLETED,Coke and Momo,Boba Shop,Food
6b052a58-d977-45d1-8a4b-f5e14ed63ac8,ACC-STUDENT-004,2025-03-01T09:00:00Z,26480.34,NPR,CREDIT,COMPLETED,Monthly Allowance,Family Transfer,Income
4e39a8c7-4056-42da-8715-97f683321c59,ACC-STUDENT-004,2025-05-29T12:22:00Z,718.28,NPR,DEBIT,COMPLETED,Burger & Fries,Bakery,Food
525b5255-5c52-4dd3-b754-1195ed15fc64,ACC-STUDENT-005,2025-03-10T14:30:00Z,6196.51,NPR,CREDIT,COMPLETED,Monthly Allowance,Part-time Gig,Income
0e30e993-7b29-4b2c-845d-d858d3c82675,ACC-STUDENT-002,2025-12-04T08:30:00Z,285.99,NPR,DEBIT,COMPLETED,Latte,Local Tea Stall,Coffee
1e0060bd-be40-4a01-a877-7ea6600a7b18,ACC-STUDENT-002,2025-07-13T12:00:00Z,4377.48,NPR,DEBIT,COMPLETED,Monthly Supplies,Big Mart,Groceries
feb09209-4e46-4f3b-9634-91d908dca733,ACC-STUDENT-003,2025-10-06T12:47:00Z,429.02,NPR,DEBIT,COMPLETED,Lunch,Local Eatery,Food
af60e227-c6c6-4015-afe9-1bf0d4bb483e,ACC-STUDENT-005,2025-01-20T12:41:00Z,279.76,NPR,DEBIT,COMPLETED,Snacks,Restaurant,Food
274ccda8-0d57-421e-bc12-9c3346224cea,ACC-STUDENT-005,2025-06-30T17:04:00Z,303.95,NPR,DEBIT,COMPLETED,Ride Sharing,Local Taxi,Transport
ef26d57a-cc20-425e-88b2-23ec7b86aa4d,ACC-STUDENT-005,2025-06-25T17:58:00Z,95.76,NPR,DEBIT,COMPLETED,Micro Fare,InDrive,Transport
29a9fc9f-b3f5-4fc4-9614-cecfa3872a3c,ACC-STUDENT-002,2025-09-23T12:27:00Z,193.72,NPR,DEBIT,COMPLETED,Burger & Fries,Local Eatery,Food
3645a66a-9772-4f51-9e4e-dfa6e7bb9b14,ACC-STUDENT-004,2025-11-20T17:27:00Z,89.83,NPR,DEBIT,COMPLETED,Micro Fare,Sajha Yatayat,Transport
87762d8e-7428-4d5c-8f7c-499bad6eead3,ACC-STUDENT-005,2025-03-10T08:30:00Z,231.08,NPR,DEBIT,COMPLETED,Cappuccino,Red Mug Cafe,Coffee
e7a71d2e-a733-4f90-8b81-2f9a0f65e5bf,ACC-STUDENT-001,2025-07-27T19:43:00Z,240.95,NPR,DEBIT,COMPLETED,Meals,Burger House,Food
a8afd18f-1d63-400f-a901-c636be0cdd94,ACC-STUDENT-003,2025-02-19T19:24:00Z,641.38,NPR,DEBIT,COMPLETED,Coke and Momo,Bakery,Food
99ffb127-0882-402d-9d37-8a2cfed99e5f,ACC-STUDENT-005,2025-11-07T09:13:00Z,217.76,NPR,DEBIT,COMPLETED,Bus Ticket,Sajha Yatayat,Transport
af6371e7-53e2-4e6b-b38d-969ade96a5dc,ACC-STUDENT-002,2025-08-25T13:35:00Z,680.9,NPR,DEBIT,COMPLETED,Dinner,Boba Shop,Food
7965a18b-cbcf-4409-ad28-5dba1b7b6139,ACC-STUDENT-005,2025-02-20T13:15:00Z,204.5,NPR,DEBIT,COMPLETED,Coke and Momo,Restaurant,Food
24ef7f46-e947-4c2b-b741-7912c9ee9fe0,ACC-STUDENT-001,2025-01-31T18:45:00Z,242.46,NPR,DEBIT,COMPLETED,Daily Commute,Bus,Transport
fa6d1804-cb6c-48ff-8bfa-0c02082cbb70,ACC-STUDENT-004,2025-02-13 09:11:00,295.23,NPR,DEBIT,COMPLETED,Micro Fare,Pathao,Transport
729d8dc0-8eb0-4c8a-802f-0acbf050034f,ACC-STUDENT-002,2025-10-04T20:08:00Z,641.98,NPR,DEBIT,COMPLETED,Lunch,Local Eatery,Food
d69aab32-8638-4dea-b6ef-43f5455286ad,ACC-STUDENT-004,2026-01-07T18:53:00Z,451.24,NPR,DEBIT,COMPLETED,Bus Ticket,Microbus,Transport
3c7d4c3f-55ae-4d36-a0cf-fdd10ba08b4e,ACC-STUDENT-005,2025-04-06T13:37:00Z,404.32,NPR,DEBIT,COMPLETED,Meals,Bakery,Food
9bd41bd5-26e9-414e-b263-bbaaafdb635a,ACC-STUDENT-001,2025-07-21T08:30:00Z,175.12,NPR,DEBIT,COMPLETED,Iced Coffee,Beans Cafe,Coffee
44160723-ba71-4bef-b126-0f3b21495d83,ACC-STUDENT-001,2025-08-26T12:18:00Z,647.43,NPR,DEBIT,COMPLETED,Snacks,Bakery,Food
8fd21464-7dfc-4ef9-a062-0c8ecdd0bc78,ACC-STUDENT-003,2025-10-10T09:05:00Z,193.78,NPR,DEBIT,COMPLETED,Taxi Ride,Pathao,Transport
1a997d91-ec3d-4cf4-bb0c-691df5b2cfa1,ACC-STUDENT-003,2025-12-19T12:15:00Z,602.98,NPR,DEBIT,COMPLETED,Coke and Momo,Local Eatery,Food
cbcf98e1-e39e-4109-b182-886c152a7bf9,ACC-STUDENT-005,2025-12-14T12:00:00Z,2616.82,NPR,DEBIT,COMPLETED,Rice and Oil,Big Mart,Groceries
aa98d4aa-13b7-409e-a4eb-b0ca969bf949,ACC-STUDENT-004,2025-01-17T17:57:00Z,224.96,NPR,DEBIT,COMPLETED,Bus Ticket,Local Taxi,Transport
d0effa61-0cb1-4bac-9581-2efe33e00fe5,ACC-STUDENT-005,2025-02-02T12:00:00Z,2082.91,NPR,DEBIT,COMPLETED,Monthly Supplies,Big Mart,Groceries
1a635c33-2887-4da3-b64c-31c82daf1236,ACC-STUDENT-004,2025-02-20T18:24:00Z,273.03,NPR,DEBIT,COMPLETED,Ride Sharing,Bus,Transport
a3d09d4d-50c3-456e-9b05-c679a782ae86,ACC-STUDENT-003,2025-12-14T18:30:00Z,756.63,NPR,DEBIT,COMPLETED,Bowling Session,Fuzz Factory,Entertainment
219805be-fca8-4826-885e-10d9b1f7f914,ACC-STUDENT-002,2025-01-29T20:50:00Z,760.62,NPR,DEBIT,COMPLETED,Snacks,Bakery,Food
a9771b01-be7f-4fe5-b504-c166e46912be,ACC-STUDENT-001,2025-12-24T13:15:00Z,226.0,NPR,DEBIT,COMPLETED,Dinner,Local Eatery,Food
07a95294-a20a-4220-84a7-b4125a53f0c1,ACC-STUDENT-004,2025-09-22T18:26:00Z,437.52,NPR,DEBIT,COMPLETED,Taxi Ride,Bus,Transport
981dc907-c06b-42bd-954f-7ba6871e2eba,ACC-STUDENT-003,2025-06-01T18:30:00Z,1184.95,NPR,DEBIT,COMPLETED,Netflix Subscription,Gaming Zone,Entertainment
bf268841-55ed-47a6-b3c6-a68fbbd2ae2b,ACC-STUDENT-005,2025-12-30T12:56:00Z,207.71,NPR,DEBIT,COMPLETED,Lunch,Burger House,food
8fd3ba59-d208-4f48-84c9-775b88b1c229,ACC-STUDENT-004,2025-09-09T08:30:00Z,324.06,NPR,DEBIT,COMPLETED,Iced Coffee,Beans Cafe,Coffee
fa0f8999-7013-4c32-b761-80f4fb927d73,ACC-STUDENT-001,2025-08-11T20:52:00Z,302.75,NPR,DEBIT,COMPLETED,Snacks,Bakery,Food
da3eb51f-cc50-413c-9ced-6e09b42985eb,ACC-STUDENT-004,2025-01-21T20:14:00Z,647.05,NPR,DEBIT,COMPLETED,Coke and Momo,Cafe,Food
cbce68fc-b579-4ed2-8a68-a90a4d4ca049,ACC-STUDENT-005,2025-08-01T12:55:00Z,186.17,NPR,DEBIT,COMPLETED,Burger & Fries,Cafe,Food
298297c4-6d62-4245-809d-f8f9cb74fa16,ACC-STUDENT-004,2025-11-14T08:30:00Z,213.93,NPR,DEBIT,COMPLETED,,Red Mug Cafe,Coffee
dc363299-8449-45ee-8ffa-efece8e95011,ACC-STUDENT-001,2026-01-01T17:26:00Z,336.31,NPR,DEBIT,COMPLETED,Taxi Ride,Bus,Transport
d327fdec-b048-4d87-87fd-ee7d78124ad3,ACC-STUDENT-005,2025-04-28T20:04:00Z,324.13,NPR,DEBIT,COMPLETED,Coke and Momo,Local Eatery,Food
47407944-9ec4-4c2e-9c3b-1a25dd3668bd,ACC-STUDENT-005,2025-06-10T14:30:00Z,6874.49,NPR,CREDIT,COMPLETED,Tutoring fee,Tutoring,Income
ac808576-d77d-420f-970a-025c504c4862,ACC-STUDENT-003,2025-08-24T18:30:00Z,964.44,NPR,DEBIT,COMPLETED,Netflix Subscription,QFX Cinemas,Entertainment
71cea662-6bc2-41a1-87cb-7e5977ec8a32,ACC-STUDENT-005,2025-10-08T19:33:00Z,514.24,NPR,DEBIT,COMPLETED,Coke and Momo,Burger House,Food
a6cde5dc-55c8-47af-8790-73b7da1edca4,ACC-STUDENT-002,2025-03-23T12:29:00Z,486.19,NPR,DEBIT,COMPLETED,Burger & Fries,Cafe,Food
c88a7ef5-a537-4a59-8e76-97349629e31b,ACC-STUDENT-001,2025-06-13T18:42:00Z,363.78,NPR,DEBIT,COMPLETED,,InDrive,Transport
e76bbbae-7655-4646-a85e-b0334e73a776,ACC-STUDENT-004,2025-11-24T09:27:00Z,244.51,NPR,DEBIT,COMPLETED,Micro Fare,InDrive,Transport
a38168e5-b496-4b9c-af09-01a0dd4e0701,ACC-STUDENT-005,2025-01-14T08:30:00Z,257.41,NPR,DEBIT,COMPLETED,Americano,Coffee Point,Coffee
d5246160-1880-4115-b0a5-3849ce3ea3c9,ACC-STUDENT-002,2025-09-01T13:19:00Z,632.24,NPR,DEBIT,COMPLETED,Lunch,Canteen,Food
7316a26a-c48f-4eed-8d90-0de7581c02bd,ACC-STUDENT-002,2025-02-27T18:24:00Z,283.85,NPR,DEBIT,COMPLETED,Ride Sharing,Bus,Transport
35afe1d7-3009-4494-a6e3-effca898bb28,ACC-STUDENT-003,2025-07-14T17:10:00Z,450.58,NPR,DEBIT,COMPLETED,Taxi Ride,InDrive,Transport
c63624ed-8082-4679-9a7d-96619f24c2b9,ACC-STUDENT-003,2025-03-31T18:32:00Z,452.68,NPR,DEBIT,COMPLETED,Micro Fare,Pathao,Transport
91369164-e8d5-494a-8695-78745625f44f,ACC-STUDENT-001,2025-10-03T09:37:00Z,402.56,NPR,DEBIT,COMPLETED,Micro Fare,,Transport
af6fd031-41eb-415b-bceb-d6da195296f0,ACC-STUDENT-005,2025-05-03T20:10:00Z,542.34,NPR,DEBIT,COMPLETED,Breakfast,Bakery,Food
fb5fdc4f-b9f6-4c75-ac86-a5d78683bd7f,ACC-STUDENT-005,2025-05-05T09:26:00Z,401.85,NPR,DEBIT,COMPLETED,Ride Sharing,Bus,Transport
83e919ea-9654-4876-b13c-d15ec84ae49d,ACC-STUDENT-002,2025-05-28 19:14:00,455.95,NPR,DEBIT,COMPLETED,Dinner,Restaurant,Food
749fe937-7dad-4f64-9b01-1c2f323cb750,ACC-STUDENT-004,2025-04-24T14:30:00Z,4592.51,NPR,CREDIT,COMPLETED,Tutoring fee,Scholarship,Income
e0bcb4ef-e921-4b4a-8bae-d91679d8c5ea,ACC-STUDENT-003,2025-09-03T17:27:00Z,439.33,NPR,DEBIT,COMPLETED,Micro Fare,Sajha Yatayat,Transport
e6a6de18-5de1-475e-b63e-3d54d32434da,ACC-STUDENT-001,2025-08-29T18:36:00Z,214.02,NPR,DEBIT,COMPLETED,Taxi Ride,Sajha Yatayat,Transport
73cdb59b-5f65-497d-a726-664c6f256cc6,ACC-STUDENT-001,2025-09-13T12:12:00Z,702.87,NPR,DEBIT,COMPLETED,,Local Eatery,Food
a3e35044-4cb1-4c79-b53d-cbdfc9d47ac0,ACC-STUDENT-002,2025-04-07T12:11:00Z,279.35,NPR,DEBIT,COMPLETED,Snacks,Restaurant,Food
2884a039-8500-4045-b397-18a15bdb0f87,ACC-STUDENT-005,2025-12-15T08:00:00Z,477.4,NPR,DEBIT,COMPLETED,,Spotify,Entertainment
abd90ec2-4d7a-4b2f-b714-02963e50525f,ACC-STUDENT-005,2025-01-20T18:11:00Z,158.84,NPR,DEBIT,COMPLETED,Micro Fare,Microbus,Transport
c39f879b-6809-424f-88b9-28aabe5f4f46,ACC-STUDENT-003,2025-04-04T20:04:00Z,538.85,NPR,DEBIT,COMPLETED,Dinner,Boba Shop,Food
d0a643ae-c501-493f-9375-f8fc0b24ca2d,ACC-STUDENT-004,2025-02-20T08:30:00Z,299.63,NPR,DEBIT,COMPLETED,,Coffee Point,Coffee
140a54bf-310a-4ccd-9270-c23e8060d3f3,ACC-STUDENT-002,2025-02-16T18:30:00Z,600.61,NPR,DEBIT,COMPLETED,Spotify Premium,QFX Cinemas,Entertainment
23420370-8a15-4257-a31a-c1f6e0b8a640,ACC-STUDENT-005,2025-10-13T20:02:00Z,676.98,NPR,DEBIT,COMPLETED,Snacks,Local Eatery,Food
1fe51145-3435-4e88-8843-2c42a5e72ee5,ACC-STUDENT-002,2025-02-26T09:03:00Z,390.45,NPR,DEBIT,COMPLETED,Daily Commute,Sajha Yatayat,Transport
80dcb9fe-e88f-461c-a570-de9d57211135,ACC-STUDENT-002,2025-09-26T17:58:00Z,74.59,NPR,DEBIT,COMPLETED,Micro Fare,Microbus,Transport
8177beeb-411e-4ec9-9cfc-0348750da2cc,ACC-STUDENT-004,2025-07-30T13:30:00Z,591.55,NPR,DEBIT,COMPLETED,Burger & Fries,Canteen,Food
39f1efdb-b5b9-4435-9fce-ce0ff0567756,ACC-STUDENT-001,2025-03-17T08:30:00Z,103.95,NPR,DEBIT,COMPLETED,Chiya,Himalayan Java,Coffee
1da448c3-03e2-4574-a95e-ca624c549fed,ACC-STUDENT-001,2026-01-09 08:30:00,223.43,NPR,DEBIT,COMPLETED,Iced Coffee,Beans Cafe,Coffee
ab4dda7c-65a3-4b40-b9d7-3cc0b8116a85,ACC-STUDENT-001,2025-06-29T18:30:00Z,581.16,NPR,DEBIT,COMPLETED,Movie Ticket,One Cinemas,Entertainment
868c46ba-a055-4828-8d0f-60663b930a07,ACC-STUDENT-001,2025-01-27T13:12:00Z,342.86,NPR,DEBIT,COMPLETED,Meals,Local Eatery,Food
135eff61-0b30-4302-82d4-89b794aaf60b,ACC-STUDENT-001,2025-12-25T17:59:00Z,194.1,NPR,DEBIT,COMPLETED,Daily Commute,Microbus,Transport
f643ee67-05cf-45bc-ad36-55c0c3ea4df6,ACC-STUDENT-004,2025-09-10T20:53:00Z,606.65,NPR,DEBIT,COMPLETED,Dinner,Boba Shop,food
e1f352a8-4525-493b-8785-be944dd10c9d,ACC-STUDENT-005,2025-12-01T08:30:00Z,191.38,NPR,DEBIT,COMPLETED,Cappuccino,Coffee Point,Coffee
826eb55f-8841-4be9-bfae-d2c53aad6e27,ACC-STUDENT-002,2025-06-28T09:57:00Z,370.74,NPR,DEBIT,COMPLETED,Micro Fare,Pathao,Transport
b0dca535-3690-4bff-848b-57c08651fad9,ACC-STUDENT-005,2025-06-13T09:56:00Z,471.56,NPR,DEBIT,COMPLETED,Daily Commute,Local Taxi,Transport
cd8956b3-3731-4bc7-8a72-9a55c717f967,ACC-STUDENT-005,2025-02-15T08:00:00Z,479.67,NPR,DEBIT,COMPLETED,Spotify Premium,Spotify,Entertainment
8db31057-0f33-4925-af36-98f3327c8238,ACC-STUDENT-005,2025-03-21T12:09:00Z,661.82,NPR,DEBIT,COMPLETED,Burger & Fries,Boba Shop,Food
e9238773-7593-4231-8cc0-e423da3f0c59,ACC-STUDENT-001,2025-11-11T08:30:00Z,291.55,NPR,DEBIT,COMPLETED,Chiya,Himalayan Java,Coffee
41dd1575-bcc7-4cb9-9f3c-cfb622f1b101,ACC-STUDENT-001,2025-08-07T12:00:00Z,703.8,NPR,DEBIT,COMPLETED,Coke and Momo,Burger House,Food
4c3b31cd-7cdb-4ff1-9fa9-1fb2d582e6f8,ACC-STUDENT-002,2025-03-10T13:23:00Z,501.29,NPR,DEBIT,COMPLETED,Lunch,Boba Shop,Food
9568ef99-d41a-4e97-95d0-68e6383bdc66,ACC-STUDENT-001,2025-07-24T09:16:00Z,323.75,NPR,DEBIT,COMPLETED,Taxi Ride,Microbus,Transport
eb6e37c8-455c-48f5-b0c9-3867afc1f7fb,ACC-STUDENT-005,2025-01-30T08:30:00Z,339.74,NPR,DEBIT,COMPLETED,Latte,Beans Cafe,Coffee
81e0ffc2-3dd1-40db-b09c-612602a0c088,ACC-STUDENT-004,2025-08-03T18:50:00Z,393.09,NPR,DEBIT,COMPLETED,Bus Ticket,Pathao,Transport
bb2cf6dd-ccff-4e67-98a3-3c84ef3b25fe,ACC-STUDENT-001,2025-09-23T09:55:00Z,125.41,NPR,DEBIT,COMPLETED,Taxi Ride,Sajha Yatayat,Transport
d9a80dba-05c9-453b-ac9d-eaf15db634db,ACC-STUDENT-005,2025-08-27T13:53:00Z,588.43,NPR,DEBIT,COMPLETED,Breakfast,Local Eatery,Food
682c57fb-569a-4ea6-8a4b-cc97a53b76e2,ACC-STUDENT-005,2025-08-26T13:21:00Z,240.68,NPR,DEBIT,COMPLETED,Lunch,Burger House,Food
dd3c9d2d-3acd-4dc8-8ce1-0dd7ca4ca933,ACC-STUDENT-002,2025-10-16T08:30:00Z,341.44,NPR,DEBIT,COMPLETED,Latte,Himalayan Java,coffee
b6fc9b31-deda-4c3d-8f6b-f9df6219ad8d,ACC-STUDENT-002,2025-12-25T08:30:00Z,257.63,NPR,DEBIT,COMPLETED,Chiya,Himalayan Java,Coffee
d10d0085-5e42-44c7-838d-31e3b0e9b7aa,ACC-STUDENT-003,2025-08-15T19:36:00Z,151.97,NPR,DEBIT,COMPLETED,Lunch,Burger House,Food
23fdae46-6766-4720-bc5d-4bd3dc126b11,ACC-STUDENT-004,2025-04-14T18:17:00Z,402.13,NPR,DEBIT,COMPLETED,Micro Fare,Pathao,Transport
a7a05889-e2ef-49e7-9ab6-9a3bf6bcdb99,ACC-STUDENT-002,2025-10-04T12:58:00Z,218.28,NPR,DEBIT,COMPLETED,Coke and Momo,Canteen,Food
b54cda11-a7b2-4565-b80f-01e027d770ec,ACC-STUDENT-005,2025-06-26T17:50:00Z,486.99,NPR,DEBIT,COMPLETED,Ride Sharing,Bus,Transport
be6e5608-1680-4c98-b3b5-7a890c568723,ACC-STUDENT-002,2025-06-22T16:20:00Z,5767.09,NPR,DEBIT,COMPLETED,Saree for Mother,Miniso,shopping
2025f0bd-ef91-40c7-ba1b-91a30988878c,ACC-STUDENT-002,2025-05-25T09:43:00Z,468.58,NPR,DEBIT,COMPLETED,Bus Ticket,,Transport
d6bf7de8-9225-46d3-986d-1c5b3a3b2a80,ACC-STUDENT-005,2025-10-25T18:52:00Z,353.39,NPR,DEBIT,COMPLETED,Taxi Ride,Local Taxi,Transport
ff15d505-5416-4330-9f6c-168fd6cd821d,ACC-STUDENT-003,2025-12-15T09:29:00Z,372.96,NPR,DEBIT,COMPLETED,Ride Sharing,Microbus,Transport
cb3a8391-29ed-4548-812e-a0fdc1e698f9,ACC-STUDENT-002,2025-07-24T20:46:00Z,345.65,NPR,DEBIT,COMPLETED,Dinner,,Food
a86a60a4-d17a-40c8-955d-7bab0df3684c,ACC-STUDENT-003,2025-11-30T09:01:00Z,233.02,NPR,DEBIT,COMPLETED,Taxi Ride,Local Taxi,Transport
5878e5e9-8d60-4001-a6c3-a6f72b0aff93,ACC-STUDENT-003,2025-12-20T13:22:00Z,217.32,NPR,DEBIT,COMPLETED,Burger & Fries,Local Eatery,Food
92bd5640-1039-490a-8461-e7195ae87499,ACC-STUDENT-004,2025-03-15T12:00:00Z,1545.13,NPR,DEBIT,COMPLETED,Monthly Supplies,Bhatbhateni,Groceries
6b0f4ae3-dc0d-4136-9f28-9150e3e57f63,ACC-STUDENT-001,2025-08-11T08:30:00Z,222.91,NPR,DEBIT,COMPLETED,Latte,Beans Cafe,Coffee
aac140b1-6e51-4718-86d8-f3a027de0468,ACC-STUDENT-005,2025-11-27T19:44:00Z,739.51,NPR,DEBIT,COMPLETED,Breakfast,Cafe,Food
c3578f33-c014-4e9b-aeba-ddc0481c5e0e,ACC-STUDENT-004,2025-10-24T14:30:00Z,4463.02,NPR,CREDIT,COMPLETED,Tutoring fee,Family Transfer,Income
42564981-af1e-40c2-97c9-bea1e96b1fe2,ACC-STUDENT-005,2025-08-07T18:43:00Z,212.43,NPR,DEBIT,COMPLETED,Taxi Ride,Microbus,Transport
cad1e437-988c-4fab-aa09-7521b4e15f9b,ACC-STUDENT-001,2025-12-31T09:48:00Z,174.75,NPR,DEBIT,COMPLETED,,InDrive,transport
663b9e0d-964d-461b-b43e-1c101d999735,ACC-STUDENT-003,2025-04-28T18:08:00Z,263.04,NPR,DEBIT,COMPLETED,Bus Ticket,InDrive,Transport
bb6b65a2-25c9-4a76-ae83-539e9745ad93,ACC-STUDENT-003,2025-06-01T12:00:00Z,2224.33,NPR,DEBIT,COMPLETED,Dairy Products,Fresh Vegetable Vendor,Groceries
742a2d2d-9ccd-4e36-bab8-ff82503a6b9a,ACC-STUDENT-001,2025/09/24,140.5,NPR,DEBIT,COMPLETED,Latte,Beans Cafe,Coffee
ebbdc4ed-8ae0-4ba0-8fac-d8db852cda61,ACC-STUDENT-001,2025-05-17T12:00:00Z,4371.06,NPR,DEBIT,COMPLETED,Weekly Groceries,Big Mart,Groceries
2160818b-224a-430e-88fc-0bed3607ae23,ACC-STUDENT-005,2025-10-26T12:00:00Z,1883.3,NPR,DEBIT,COMPLETED,Weekly Groceries,Local Grocery,Groceries
d2bd5a8d-3321-4f60-a261-ea12f7d94927,ACC-STUDENT-002,2025-11-19T07:00:00Z,6008.29,NPR,DEBIT,COMPLETED,Pokhara Trip,Resort Pokhara,Travel
ee66e576-fb83-4f58-9b08-aa7b3b196e04,ACC-STUDENT-004,2025-12-28T12:00:00Z,2515.29,NPR,DEBIT,COMPLETED,Weekly Groceries,,Groceries
48baac55-5b8a-4471-8250-f84b1cc4fa00,ACC-STUDENT-005,2025-08-07T12:09:00Z,453.04,NPR,DEBIT,COMPLETED,Burger & Fries,Cafe,Food
271bc1fe-1beb-4cd0-b729-d7d6867a64f2,ACC-STUDENT-001,2025-12-22T19:26:00Z,780.22,NPR,DEBIT,COMPLETED,Burger & Fries,Cafe,Food
4490dd09-5b01-4bb5-b81b-867984669711,ACC-STUDENT-004,2025-09-03T20:25:00Z,391.1,NPR,DEBIT,COMPLETED,Dinner,Local Eatery,Food
db0d4c78-fa41-4c7d-b3d8-fd0e43fc98d8,ACC-STUDENT-003,2025-09-05T11:15:00Z,1984.75,NPR,DEBIT,COMPLETED,WiFi Internet,Worldlink,Utilities
b086a387-5852-4a67-b9f6-ac3f3d131d87,ACC-STUDENT-003,2025-08-23T12:00:00Z,4211.43,NPR,DEBIT,COMPLETED,,Local Grocery,Groceries
7fcbf542-67cf-43b3-a46d-8faf0dabda57,ACC-STUDENT-005,2025-02-20T16:20:00Z,4522.73,NPR,DEBIT,COMPLETED,,,Shopping
b1e177f7-d5ff-4b84-ae9e-e562a63040d7,ACC-STUDENT-001,2025-11-19T08:30:00Z,270.38,NPR,DEBIT,COMPLETED,Chiya,Beans Cafe,Coffee
41aac70e-c3c0-45d9-ab51-c10aaa4660a0,ACC-STUDENT-002,2025-08-18T12:11:00Z,576.35,NPR,DEBIT,COMPLETED,Dinner,,Food
a5252418-dbfc-4992-9c51-d581ebe0b497,ACC-STUDENT-005,2025-08-04T20:09:00Z,601.6,NPR,DEBIT,COMPLETED,Dinner,Boba Shop,Food
61653efb-ce34-4749-9d59-08436acdc682,ACC-STUDENT-003,2025-06-27T18:53:00Z,271.09,NPR,DEBIT,COMPLETED,Bus Ticket,Sajha Yatayat,Transport
29ff18a9-2429-47cc-a8b6-c7d2956fca19,ACC-STUDENT-005,2025-04-18T17:17:00Z,220.59,NPR,DEBIT,COMPLETED,Micro Fare,Microbus,Transport
69c630bc-c505-4ede-8e67-079730c961c3,ACC-STUDENT-002,2025-05-30T13:07:00Z,772.49,NPR,DEBIT,COMPLETED,Breakfast,Canteen,food
547cfd4d-0806-4ac0-b34e-d20a013f5c73,ACC-STUDENT-004,2025-09-07T18:30:00Z,749.83,NPR,DEBIT,COMPLETED,Popcorn & Soda,Spotify,Entertainment
97b82082-c3c3-48f0-a55b-203dce07bddc,ACC-STUDENT-005,2025-11-03T17:05:00Z,317.04,NPR,DEBIT,COMPLETED,Bus Ticket,InDrive,Transport
935e6ffc-efee-4a67-868b-02880d058517,ACC-STUDENT-003,2025-02-08T12:00:00Z,2011.66,NPR,DEBIT,COMPLETED,Rice and Oil,Local Grocery,Groceries
e4a8462c-8666-413c-a516-d8443eff3cc1,ACC-STUDENT-001,2025-03-10T14:30:00Z,5829.65,NPR,CREDIT,COMPLETED,Part-time Payment,Tutoring,Income
4e7c37e6-0da7-4be9-a0b8-16e640908490,ACC-STUDENT-002,2025-10-24T09:20:00Z,393.37,NPR,DEBIT,COMPLETED,Ride Sharing,Sajha Yatayat,Transport
a21270be-f52e-4313-883b-60233dbf1a05,ACC-STUDENT-001,2025-11-27T08:30:00Z,244.44,NPR,DEBIT,COMPLETED,Chiya,Himalayan Java,Coffee
359f1012-edce-4750-a879-8e2f4ca85ae7,ACC-STUDENT-002,2025-10-21T20:51:00Z,0.0,NPR,DEBIT,COMPLETED,Burger & Fries,Local Eatery,Food
6f6d447d-af13-4d5d-835c-c73a126b69ea,ACC-STUDENT-003,2025-02-21T12:47:00Z,756.5,NPR,DEBIT,COMPLETED,Lunch,Cafe,Food
ce27de51-e80a-4cd8-acd3-3c086e4948a7,ACC-STUDENT-005,2025-10-12T13:53:00Z,521.21,NPR,DEBIT,COMPLETED,Dinner,Bakery,Food
3753bdcb-3a34-4690-b423-4795aca59076,ACC-STUDENT-001,2025-04-10T13:53:00Z,656.44,NPR,DEBIT,COMPLETED,Snacks,Burger House,Food
ae6d060b-3e76-4560-a5a3-9d6130cf7576,ACC-STUDENT-002,2025-11-06T08:30:00Z,291.24,NPR,DEBIT,COMPLETED,Chiya,Coffee Point,Coffee
9171c413-1301-4433-9d9d-37d641353389,ACC-STUDENT-001,2026-01-10T14:30:00Z,6292.74,NPR,CREDIT,COMPLETED,Part-time Payment,Freelance Work,Income
cf7da375-a4cd-426a-a13b-0f7821a570d1,ACC-STUDENT-001,2025-02-03T12:54:00Z,455.95,NPR,DEBIT,COMPLETED,Lunch,Boba Shop,Food
e6481e3a-3714-4e62-9372-3ebb54b31b24,ACC-STUDENT-004,2025-06-17T20:02:00Z,537.78,NPR,DEBIT,COMPLETED,Meals,Burger House,food
450668d6-2cfd-43aa-ba16-d66394161b9c,ACC-STUDENT-003,2025-08-02T10:00:00Z,12455.48,NPR,DEBIT,COMPLETED,House Rent,Rent House Ltd,utilities
37fc06da-4131-484e-9d1c-f07ccceb3bdb,ACC-STUDENT-004,2025-12-02T19:15:00Z,455.22,NPR,DEBIT,COMPLETED,Breakfast,Burger House,Food
92c292a2-1578-4121-8be9-f9f6ea187a0e,ACC-STUDENT-001,2025-09-06T12:56:00Z,617.71,NPR,DEBIT,COMPLETED,Coke and Momo,Boba Shop,Food
35100e0c-a76a-4af4-ad08-6fc6397907aa,ACC-STUDENT-004,2025-08-21T12:13:00Z,752.74,NPR,DEBIT,COMPLETED,Breakfast,Boba Shop,food
a1a3c2a7-9b62-42e3-ac1f-6e0b21ec3ee5,ACC-STUDENT-002,2025-02-24T08:30:00Z,321.45,NPR,DEBIT,COMPLETED,Cappuccino,Beans Cafe,Coffee
44f8eb9b-6dc8-4299-ad00-588ee2d1e2a7,ACC-STUDENT-005,2025-10-01T09:00:00Z,32978.43,NPR,CREDIT,COMPLETED,Monthly Allowance,Family Transfer,Income
2e61d667-6978-4bcf-a40e-f57f44d73f81,ACC-STUDENT-001,2025-03-22T12:00:00Z,4287.25,NPR,DEBIT,COMPLETED,Rice and Oil,Bhatbhateni,Groceries
d374b6f3-7ce4-4332-bb22-b6673510b613,ACC-STUDENT-001,2025-02-09T12:00:00Z,3912.33,NPR,DEBIT,COMPLETED,Dairy Products,Local Grocery,Groceries
fe07fd87-73bf-4de7-b952-ff404a86547b,ACC-STUDENT-003,2025-12-28T18:20:00Z,399.17,NPR,DEBIT,COMPLETED,Micro Fare,Microbus,Transport
1fe5cd2c-68c7-4ebd-8b7e-e16d9f01e8c4,ACC-STUDENT-003,2025/11/16,2828.08,NPR,DEBIT,COMPLETED,Dairy Products,Big Mart,Groceries
97b82082-c3c3-48f0-a55b-203dce07bddc,ACC-STUDENT-005,2025-11-03T17:05:00Z,317.04,NPR,DEBIT,COMPLETED,Bus Ticket,InDrive,Transport
d25f1dd7-ae80-4b1a-a7f2-4fb0dabdf250,ACC-STUDENT-005,2025-03-31T09:07:00Z,Rs. 284.35,NPR,DEBIT,COMPLETED,Bus Ticket,Microbus,transport
16f9f58a-d8ec-4495-b7af-7b83e191d676,ACC-STUDENT-005,2025-03-03T08:30:00Z,240.2,NPR,DEBIT,COMPLETED,Cappuccino,Beans Cafe,Coffee
841c7ff8-cb57-47f7-8a3f-28a266e556d6,ACC-STUDENT-003,2025-03-25 17:50:00,443.82,NPR,DEBIT,COMPLETED,Taxi Ride,Local Taxi,Transport
98522fe0-3ca0-48e5-b5e3-79cf0ed01c47,ACC-STUDENT-004,2025-03-06T08:30:00Z,123.12,NPR,DEBIT,COMPLETED,Cappuccino,Coffee Point,Coffee
c76b45e8-3539-4397-a81f-f8ffef7b8605,ACC-STUDENT-001,2025-10-22T18:17:00Z,151.51,NPR,DEBIT,COMPLETED,Taxi Ride,Sajha Yatayat,Transport
d9b969cc-0d4c-4639-8e1e-6728d132a7c8,ACC-STUDENT-005,2025-11-12T18:28:00Z,164.7,NPR,DEBIT,COMPLETED,Daily Commute,Sajha Yatayat,Transport
545e783c-da04-4326-8ef5-f7bdeac03c83,ACC-STUDENT-003,2025-09-09T18:20:00Z,445.39,NPR,DEBIT,COMPLETED,Taxi Ride,Local Taxi,Transport
5d96914f-2d17-45c7-87e5-aa52527a13cb,ACC-STUDENT-002,2025-09-17T19:20:00Z,399.64,NPR,DEBIT,COMPLETED,Breakfast,Cafe,Food
1a59b59d-6507-4a9a-8de5-c5e48ccae3f5,ACC-STUDENT-002,2025-03-18T17:05:00Z,446.04,NPR,DEBIT,COMPLETED,Daily Commute,Microbus,TRANSPORT
11bbdde1-3b3b-4d55-b49b-9e4b7c1d04e5,ACC-STUDENT-003,2025-12-14T12:00:00Z,3947.36,NPR,DEBIT,COMPLETED,Monthly Supplies,Local Grocery,Groceries
a9ace477-8d23-4d49-9e8e-51d5cc84b19a,ACC-STUDENT-001,2025-05-12T13:15:00Z,449.41,NPR,DEBIT,COMPLETED,Lunch,Restaurant,Food
d0193e8a-b8ca-4674-beb8-b0493f1ad275,ACC-STUDENT-005,2025-11-15T13:12:00Z,188.54,NPR,DEBIT,COMPLETED,Dinner,Restaurant,FOOD
9b661aa2-643c-494a-bd12-eb649b72447a,ACC-STUDENT-004,2025-12-26T18:42:00Z,289.91,NPR,DEBIT,COMPLETED,Bus Ticket,Local Taxi,Transport
057f86a0-cfce-4145-a8ca-f74b1beb7587,ACC-STUDENT-003,2025-03-21T20:38:00Z,220.25,NPR,DEBIT,COMPLETED,Snacks,Bakery,Food
5f5a0580-96a8-4bfb-ab25-c5add65969be,ACC-STUDENT-003,2025-12-24T18:46:00Z,467.35,NPR,DEBIT,COMPLETED,Ride Sharing,InDrive,Transport
8fc8f49f-9f08-4363-be81-88731a3e79ce,ACC-STUDENT-005,2025-08-19T09:16:00Z,243.4,NPR,DEBIT,COMPLETED,Micro Fare,Pathao,Transport
1d04a352-34d6-4e6e-b948-319a039822a1,ACC-STUDENT-004,2025-11-20T13:39:00Z,593.91,NPR,DEBIT,COMPLETED,Burger & Fries,Burger House,Food
f95f5722-d4d8-48fb-b153-2e3d576e4d94,ACC-STUDENT-004,2025-02-13T17:16:00Z,404.39,NPR,DEBIT,COMPLETED,Daily Commute,Local Taxi,Transport
1ebf2c4f-55d3-43b2-a16a-7629308b9d72,ACC-STUDENT-001,2025-07-14T20:09:00Z,185.43,NPR,DEBIT,COMPLETED,Meals,Bakery,Food
531da6e1-4585-4d93-9778-6594f83dfbca,ACC-STUDENT-001,2025-06-06T19:48:00Z,607.44,NPR,DEBIT,COMPLETED,Breakfast,Canteen,Food
5c92f6f4-3584-4574-b5f5-832e1392d13d,ACC-STUDENT-003,2026-01-11T12:00:00Z,2000.0,NPR,DEBIT,COMPLETED,Dairy Products,Local Grocery,Groceries
454cf8af-57b6-4bf3-b7e5-b4fe5c156907,ACC-STUDENT-001,2025-08-08T12:25:00Z,410.16,NPR,DEBIT,COMPLETED,Snacks,Restaurant,Food
9aa4cd27-840d-45c6-a149-ad3e65d32e29,ACC-STUDENT-003,2025-10-08T18:06:00Z,450.27,NPR,DEBIT,COMPLETED,Daily Commute,Bus,Transport
440201bb-80a5-4ce7-816a-b5300431adb2,ACC-STUDENT-001,2025-08-16T18:47:00Z,452.24,NPR,DEBIT,COMPLETED,Bus Ticket,Local Taxi,Transport
08a8a933-a096-47be-93b0-baf38be14da7,ACC-STUDENT-002,2025-10-02T18:10:00Z,143.46,NPR,DEBIT,COMPLETED,Micro Fare,,Transport
33193356-a055-41fe-89c4-76143f2cd05a,ACC-STUDENT-002,2025-10-08T18:55:00Z,327.15,NPR,DEBIT,COMPLETED,Micro Fare,,Transport
6164914e-3f70-47e7-b5e3-16f5e548f7e4,ACC-STUDENT-003,2025-09-25T18:23:00Z,470.54,NPR,DEBIT,COMPLETED,Daily Commute,Sajha Yatayat,Transport
26ce320f-ae4a-4d64-83e0-839aaaf9bd7e,ACC-STUDENT-004,2025-06-10T12:49:00Z,326.11,NPR,DEBIT,COMPLETED,Snacks,Canteen,Food
859c5f15-f45e-4190-ab36-80620b9c1808,ACC-STUDENT-004,2025-12-23T09:04:00Z,449.9,NPR,DEBIT,COMPLETED,Bus Ticket,Microbus,Transport
cc185914-a1cf-48aa-ada2-e53cc15a4be9,ACC-STUDENT-001,2025-07-02T16:20:00Z,3092.74,NPR,DEBIT,COMPLETED,New Shoes,,Shopping
624e21a3-f063-430e-ad1c-9bc328ebaf01,ACC-STUDENT-002,2025-11-15T12:00:00Z,2408.87,NPR,DEBIT,COMPLETED,Dairy Products,Bhatbhateni,Groceries
9c0ed5e7-2f31-42e6-9bd2-09c8b71c01fd,ACC-STUDENT-001,2025-11-10T19:09:00Z,650.16,NPR,DEBIT,COMPLETED,Meals,Boba Shop,FOOD
05ef27c5-5acd-4472-9473-81ba6514d521,ACC-STUDENT-002,2025-07-13T09:40:00Z,225.69,NPR,DEBIT,COMPLETED,Ride Sharing,Sajha Yatayat,Transport
af890c3c-19ec-4259-adab-230b79d75dc6,ACC-STUDENT-002,2025-04-21T08:30:00Z,210.59,NPR,DEBIT,COMPLETED,Americano,Himalayan Java,Coffee
0b674b63-a2bc-49f0-830c-aeef96670168,ACC-STUDENT-005,2025-08-03T16:20:00Z,4616.75,NPR,DEBIT,COMPLETED,Books,Mall,Shopping
217e9b73-f045-4e5e-8968-3c7c37dcd121,ACC-STUDENT-002,2025-05-05T20:05:00Z,667.1,NPR,DEBIT,COMPLETED,Dinner,,Food
b4b27c29-9c21-4a61-8cc9-54aaf122809b,ACC-STUDENT-005,2025-02-02T19:25:00Z,480.64,NPR,DEBIT,COMPLETED,Burger & Fries,Bakery,Food
c5bc044a-92d7-40c6-81d5-bd2e51ed80c6,ACC-STUDENT-003,2025-08-20T13:57:00Z,222.77,NPR,DEBIT,COMPLETED,Snacks,Canteen,Food
6843ec08-d2f6-42eb-9245-9fe67816747c,ACC-STUDENT-001,2025-02-06T17:50:00Z,455.53,NPR,DEBIT,COMPLETED,Ride Sharing,,Transport
53f81a6e-0824-4680-ab08-f7be50481fc0,ACC-STUDENT-005,2025-07-05T12:00:00Z,1886.46,NPR,DEBIT,COMPLETED,Vegetables & Fruits,Big Mart,Groceries
f255f76d-e3f7-4525-9be4-151a0fa6ec6a,ACC-STUDENT-004,2025-05-15T08:30:00Z,249.45,NPR,DEBIT,COMPLETED,Americano,Local Tea Stall,Coffee
6efe6c16-2c2a-477e-8432-73a6e1df239b,ACC-STUDENT-001,2025-10-31T20:35:00Z,397.39,NPR,DEBIT,COMPLETED,Breakfast,Cafe,Food
01b79d09-124e-4a2f-9a98-b72b9554bf3d,ACC-STUDENT-003,2025-01-16T09:08:00Z,283.2,NPR,DEBIT,COMPLETED,Daily Commute,Sajha Yatayat,Transport
faea4efd-7135-43b7-aa52-7084a6190973,ACC-STUDENT-004,2025-05-08T17:44:00Z,260.42,NPR,DEBIT,COMPLETED,Ride Sharing,InDrive,Transport
99d2c53f-d0ac-46e2-b88d-838acac8a239,ACC-STUDENT-002,2025-09-07T12:00:00Z,1732.44,NPR,DEBIT,COMPLETED,Monthly Supplies,Bhatbhateni,Groceries
e0403f68-ff05-4471-8365-01ba411e0cae,ACC-STUDENT-005,2025-02-06T12:39:00Z,532.43,NPR,DEBIT,COMPLETED,Breakfast,Canteen,Food
3a446367-4cb4-47f0-8f88-3cb36887b09d,ACC-STUDENT-001,2025-12-15T08:30:00Z,230.44,NPR,DEBIT,COMPLETED,Latte,Coffee Point,Coffee
f5027a47-395e-49cd-8df6-bdbb3dd0d409,ACC-STUDENT-002,2025-08-05T19:29:00Z,158.81,NPR,DEBIT,COMPLETED,Dinner,Restaurant,Food
abae1650-599c-4ad9-9fb3-cd9f8a49c384,ACC-STUDENT-001,2025-07-10T18:36:00Z,96.85,NPR,DEBIT,COMPLETED,Micro Fare,Pathao,Transport
fa6cc783-485d-4f2f-8a60-1de5b7cd06c2,ACC-STUDENT-005,2025-08-14T20:33:00Z,480.94,NPR,DEBIT,COMPLETED,Dinner,Restaurant,Food
53cc4cf5-ac22-432c-a6fc-0b992558d818,ACC-STUDENT-001,2025-06-25T08:30:00Z,137.52,NPR,DEBIT,COMPLETED,Americano,Coffee Point,Coffee
e9a5d622-c99d-427e-81b4-beac05437758,ACC-STUDENT-002,2025-06-11T18:38:00Z,134.53,NPR,DEBIT,COMPLETED,Ride Sharing,Bus,Transport
d59de28f-5479-4afa-bed1-ff037aaf175e,ACC-STUDENT-002,2025-01-21T13:25:00Z,305.01,NPR,DEBIT,COMPLETED,Lunch,Cafe,Food
cbc97da3-3ebc-42fe-b4aa-b4f18417ff89,ACC-STUDENT-005,2025-04-09T17:36:00Z,310.18,NPR,DEBIT,COMPLETED,Ride Sharing,Local Taxi,Transport
c66cba46-8983-41ee-b878-6a8263ca4dc2,ACC-STUDENT-002,2025-08-25T09:31:00Z,82.81,NPR,DEBIT,COMPLETED,Bus Ticket,InDrive,Transport
fcac1b25-5d29-47f8-acf1-fabd2080375a,ACC-STUDENT-002,2025-12-26T18:25:00Z,388.99,NPR,DEBIT,COMPLETED,Ride Sharing,Sajha Yatayat,Transport
1b6c44cf-6313-4338-a91c-b78f08d85dd4,ACC-STUDENT-002,2025-10-14T12:42:00Z,412.06,NPR,DEBIT,COMPLETED,Breakfast,Burger House,Food
0cf31fb6-0f02-485a-b47b-eb5b02cbbffd,ACC-STUDENT-003,2025-05-02T10:00:00Z,8602.61,NPR,DEBIT,COMPLETED,House Rent,Rent House Ltd,Utilities
d4436c9b-ff33-4597-a8f6-815b14848466,ACC-STUDENT-002,2025-05-02T20:32:00Z,418.53,NPR,DEBIT,COMPLETED,Lunch,Canteen,Food
18d8d537-f28c-40db-95dd-9051c2102385,ACC-STUDENT-001,2025-08-14T20:42:00Z,533.06,NPR,DEBIT,COMPLETED,Burger & Fries,Cafe,Food
ee3390c3-e481-4fab-b9e6-aeaaf8ad75db,ACC-STUDENT-002,2025-09-21T12:59:00Z,608.32,NPR,DEBIT,COMPLETED,Burger & Fries,,Food
8308d6ed-0cd4-4bf2-b46d-fce547676dd8,ACC-STUDENT-001,2025-03-10T18:06:00Z,456.53,NPR,DEBIT,COMPLETED,Daily Commute,Local Taxi,Transport
4bd3db8f-440d-4c3a-a783-2f3014b43a29,ACC-STUDENT-003,2025-10-31T08:30:00Z,310.31,NPR,DEBIT,COMPLETED,Iced Coffee,Local Tea Stall,coffee
302bea3d-316c-49e7-a70b-2255c83aa612,ACC-STUDENT-002,2025-10-11T12:00:00Z,2622.62,NPR,DEBIT,COMPLETED,Weekly Groceries,Big Mart,Groceries
95878f4a-a736-4e10-ade2-6f0e922ec434,ACC-STUDENT-004,2025-05-03T19:25:00Z,222.08,NPR,DEBIT,COMPLETED,Coke and Momo,Burger House,Food
e662579a-62a3-4568-bbd9-9ad49345076a,ACC-STUDENT-001,2025-08-29T19:39:00Z,578.62,NPR,DEBIT,COMPLETED,Coke and Momo,Local Eatery,Food
fb3ad6d8-56d2-4db5-b781-67f27c3cce1c,ACC-STUDENT-003,2026-01-06T18:44:00Z,99.8,NPR,DEBIT,COMPLETED,Bus Ticket,Sajha Yatayat,Transport
80f6877d-2d15-4256-aac0-446ef88b7fbb,ACC-STUDENT-005,2025-04-22T20:35:00Z,494.52,NPR,DEBIT,COMPLETED,Snacks,Local Eatery,Food
9c909979-cbf6-46a1-b841-d703e76977cf,ACC-STUDENT-004,2025-08-21T09:11:00Z,384.33,NPR,DEBIT,COMPLETED,Taxi Ride,Local Taxi,Transport
849691c3-2a6a-483b-a17e-f5827d1dd060,ACC-STUDENT-004,2025-12-09T16:20:00Z,2002.54,NPR,DEBIT,COMPLETED,,Local Store,Shopping
8d98a168-1ffa-416c-a407-d31b3905417d,ACC-STUDENT-001,2025-07-16T17:57:00Z,434.27,NPR,DEBIT,COMPLETED,Daily Commute,InDrive,Transport
85d31ca5-ec30-49be-8c66-620553af5a58,ACC-STUDENT-005,2025-06-30T07:00:00Z,7973.39,NPR,DEBIT,COMPLETED,Hotel Stay,Sajha Yatayat Deluxe,Travel
c234453f-4af1-4835-825d-2d65ac71b7e3,ACC-STUDENT-004,2025-10-24T18:44:00Z,366.42,NPR,DEBIT,COMPLETED,Taxi Ride,Bus,Transport
4b0eb5c2-5be9-45c0-bd64-ce220a833525,ACC-STUDENT-005,2025-05-20T08:30:00Z,188.08,NPR,DEBIT,COMPLETED,Cappuccino,Beans Cafe,Coffee
0b039c4e-5bc9-4a1f-a9b8-d0f737759c16,ACC-STUDENT-004,2025-07-09T09:57:00Z,273.23,NPR,DEBIT,COMPLETED,Daily Commute,Microbus,Transport
92966f5a-56bd-403d-9e93-9a824712c7c1,ACC-STUDENT-001,2025-02-18T13:27:00Z,264.49,NPR,DEBIT,COMPLETED,Burger & Fries,,Food
1375faa8-1db7-44d9-98fd-cf24089181e8,ACC-STUDENT-002,2025-05-27T09:00:00Z,207.37,NPR,DEBIT,COMPLETED,Ride Sharing,Sajha Yatayat,Transport
630a3fab-8202-465e-a426-8a5874c6f6d6,ACC-STUDENT-003,2025-04-15T19:42:00Z,362.3,NPR,DEBIT,COMPLETED,Lunch,Bakery,Food
f5ec4505-fc1a-46aa-8e5d-04059b3f4f62,ACC-STUDENT-005,2025-05-20T20:21:00Z,795.62,NPR,DEBIT,COMPLETED,Breakfast,Local Eatery,Food
3c76e9f4-081f-48e5-aba5-6f383eca7f0f,ACC-STUDENT-002,2025-09-05T11:15:00Z,1617.29,NPR,DEBIT,COMPLETED,WiFi Internet,Worldlink,Utilities
3116f80e-936c-488b-b8dd-f474a14458ea,ACC-STUDENT-003,2025-03-09T12:00:00Z,4274.94,NPR,DEBIT,COMPLETED,Weekly Groceries,Saleways,Groceries
75dfa2a9-0099-4ff0-b61c-b67bea41a4f5,ACC-STUDENT-003,2025-12-28T20:28:00Z,564.88,NPR,DEBIT,COMPLETED,Snacks,Cafe,Food
931798f8-ba55-411c-b23e-a94cb04afcfb,ACC-STUDENT-001,2025-02-21T09:53:00Z,137.35,NPR,DEBIT,COMPLETED,Ride Sharing,Local Taxi,Transport
8f04c8db-b9a2-46c2-8fdd-8acd38a266e6,ACC-STUDENT-005,2025-06-29T18:30:00Z,782.41,NPR,DEBIT,COMPLETED,Movie Ticket,Spotify,Entertainment
0f4177fd-ee76-4c39-85d2-177a2a5e0b5c,ACC-STUDENT-001,2025-12-22T08:30:00Z,137.62,NPR,DEBIT,COMPLETED,Latte,Coffee Point,Coffee
6a857358-b78d-4701-aa4d-022ad4ac32ad,ACC-STUDENT-003,2025-01-26T20:21:00Z,607.34,NPR,DEBIT,COMPLETED,Dinner,Restaurant,Food
9b3f824b-33ce-461b-b12e-4b76b5a0d4a7,ACC-STUDENT-001,2025-01-31T09:56:00Z,360.96,NPR,DEBIT,COMPLETED,Ride Sharing,InDrive,Transport
6f798c24-97f6-4eae-9e30-d7daae226df6,ACC-STUDENT-004,2025-04-23T08:30:00Z,255.53,NPR,DEBIT,COMPLETED,Americano,Coffee Point,Coffee
fae2de23-c37a-4d75-9295-7e7db1d5c039,ACC-STUDENT-005,2025-06-03T16:20:00Z,0.0,NPR,DEBIT,COMPLETED,Gift for Mom,Daraz,Shopping
481e22d0-a548-4f13-9bb3-de0b36919c28,ACC-STUDENT-003,2025/04/26,-3066.26,NPR,DEBIT,COMPLETED,Dairy Products,Big Mart,Groceries
e8da8390-876e-47bb-81a3-72b0a276fcb6,ACC-STUDENT-005,2025-09-11T09:18:00Z,466.28,NPR,DEBIT,COMPLETED,Micro Fare,InDrive,Transport
87a24a4c-495f-4e3f-a654-964cfe8e28c5,ACC-STUDENT-001,2025-07-27T18:02:00Z,312.36,NPR,DEBIT,COMPLETED,Bus Ticket,Pathao,Transport
39c99e27-48a9-4edd-8e81-50675156cb0f,ACC-STUDENT-003,2025-06-28T09:36:00Z,387.62,NPR,DEBIT,COMPLETED,Daily Commute,Sajha Yatayat,Transport
a1536734-a9d1-4902-9a4f-67c5b33a05a7,ACC-STUDENT-001,2025-08-13T12:02:00Z,732.97,NPR,DEBIT,COMPLETED,Snacks,Cafe,Food
740e7dc7-182e-4a7d-aff4-10dcb82a9e68,ACC-STUDENT-001,2025-12-18T13:50:00Z,595.03,NPR,DEBIT,COMPLETED,Burger & Fries,Restaurant,Food
bed903f4-b93a-4d72-966b-8d75b1285333,ACC-STUDENT-002,2025-09-16T17:20:00Z,247.36,NPR,DEBIT,COMPLETED,Bus Ticket,Microbus,Transport
13e18787-74a3-48b1-864e-c76a58e7033c,ACC-STUDENT-003,2025-06-16T17:42:00Z,348.14,NPR,DEBIT,COMPLETED,Taxi Ride,Microbus,Transport
eef0874e-4c95-4854-959b-39a2ded514fc,ACC-STUDENT-004,2025-11-04T08:30:00Z,234.78,NPR,DEBIT,COMPLETED,Cappuccino,Beans Cafe,Coffee
ceb31b67-03db-4707-bdf4-66519b55420b,ACC-STUDENT-001,2025-06-25T13:20:00Z,311.37,NPR,DEBIT,COMPLETED,Coke and Momo,Restaurant,Food
bc64ea22-30ea-4e28-9657-29a5649c7019,ACC-STUDENT-002,2025-06-22T18:30:00Z,1098.98,NPR,DEBIT,COMPLETED,Movie Ticket,Spotify,Entertainment
b3421ace-eff9-45fc-b7d0-cd47f40a9311,ACC-STUDENT-003,2025-03-14T08:30:00Z,266.77,NPR,DEBIT,COMPLETED,Cappuccino,Red Mug Cafe,Coffee
ff16db4e-d878-4f5f-9086-5e2595e7b6f1,ACC-STUDENT-002,2025-05-10T18:59:00Z,137.79,NPR,DEBIT,COMPLETED,Bus Ticket,Sajha Yatayat,Transport
5131f6f4-19bd-4c51-8ab9-cb9a423aac61,ACC-STUDENT-002,2025-02-06T16:20:00Z,2048.96,NPR,DEBIT,COMPLETED,Saree for Mother,Clothing Shop,shopping
309ff19a-1648-4f18-9200-e38e71143335,ACC-STUDENT-005,2025-02-14T09:34:00Z,462.1,NPR,DEBIT,COMPLETED,Micro Fare,Sajha Yatayat,transport
f7c19de2-f014-4fe9-9d19-cadd3fa29267,ACC-STUDENT-002,2025-11-21T13:31:00Z,154.24,NPR,DEBIT,COMPLETED,Burger & Fries,Bakery,Food
0a35e404-ffc7-49fe-8e2d-69aa5f7fc41a,ACC-STUDENT-001,2025-06-03T17:01:00Z,267.25,NPR,DEBIT,COMPLETED,Taxi Ride,Sajha Yatayat,Transport
dcdedc5c-52de-4212-8d0e-c438b2a44b0c,ACC-STUDENT-003,2025-12-12T09:08:00Z,57.31,NPR,DEBIT,COMPLETED,Taxi Ride,Sajha Yatayat,Transport
74ffe85f-9ea5-4a4e-8298-4b459e10f78c,ACC-STUDENT-001,2025-07-30T17:40:00Z,493.99,NPR,DEBIT,COMPLETED,Taxi Ride,Microbus,Transport
415d9ec1-2177-4f5a-a1c6-3151a0baa3ed,ACC-STUDENT-003,2025-04-02T20:08:00Z,673.15,NPR,DEBIT,COMPLETED,Lunch,Canteen,Food
db169a17-c723-463c-b693-2f54e09efbfa,ACC-STUDENT-001,2025-07-04T19:24:00Z,325.78,NPR,DEBIT,COMPLETED,Meals,Restaurant,Food
58c342b9-a35d-4cf8-b963-15ab71e2a512,ACC-STUDENT-002,2025-07-04T17:13:00Z,74.33,NPR,DEBIT,COMPLETED,Daily Commute,Microbus,Transport
96206ec1-95d4-454a-88a5-d5cf13294a68,ACC-STUDENT-004,2025-06-17T18:44:00Z,326.81,NPR,DEBIT,COMPLETED,Bus Ticket,Microbus,Transport
3b58bc7d-21cc-4604-a38a-1f59e322999e,ACC-STUDENT-003,2025-01-24T08:30:00Z,286.49,NPR,DEBIT,COMPLETED,Cappuccino,Red Mug Cafe,Coffee
9dd06970-d47d-49a6-8330-a2b368699f91,ACC-STUDENT-005,2025-03-25T17:31:00Z,499.94,NPR,DEBIT,COMPLETED,Taxi Ride,Microbus,Transport
5db1e6d4-c99a-4498-853b-9c2492928cb3,ACC-STUDENT-001,2025-12-11T13:27:00Z,313.4,NPR,DEBIT,COMPLETED,Burger & Fries,Boba Shop,Food
5fe82156-90fb-47ed-8525-62952cd35429,ACC-STUDENT-001,2025-04-01T18:44:00Z,347.96,NPR,DEBIT,COMPLETED,Ride Sharing,InDrive,Transport
b6d56484-76ce-47b3-9b64-c53eab0337fa,ACC-STUDENT-003,2025-08-23 20:42:00,563.0,NPR,DEBIT,COMPLETED,Dinner,Canteen,FOOD
cb3583ab-9a49-4f51-99de-8f4cb648a21e,ACC-STUDENT-002,2025-01-30T08:30:00Z,319.1,NPR,DEBIT,COMPLETED,Cappuccino,Red Mug Cafe,Coffee
16149122-fad6-4e46-9956-b32576a1492c,ACC-STUDENT-005,2025-07-01T08:30:00Z,263.23,NPR,DEBIT,COMPLETED,Iced Coffee,Himalayan Java,COFFEE
580388f7-d323-4dde-8918-4b30c6c809aa,ACC-STUDENT-002,2025-03-17T19:12:00Z,700.98,NPR,DEBIT,COMPLETED,Meals,Burger House,Food
4dc21dde-4b03-4238-9dad-152b53230a02,ACC-STUDENT-004,2025-03-18T17:12:00Z,345.43,NPR,DEBIT,COMPLETED,Taxi Ride,Bus,Transport
d29448b3-6016-4299-8da2-5ea5a9da010e,ACC-STUDENT-005,2025-10-27T20:24:00Z,259.78,NPR,DEBIT,COMPLETED,Meals,Restaurant,Food
f35a9bc0-7189-42f3-b49f-f16bbf694609,ACC-STUDENT-005,2025-02-27T17:33:00Z,278.9,NPR,DEBIT,COMPLETED,Bus Ticket,Sajha Yatayat,Transport
e4f78106-8fc0-4cbc-be86-316e14e4e411,ACC-STUDENT-003,2025-10-22T08:30:00Z,128.02,NPR,DEBIT,COMPLETED,Iced Coffee,Red Mug Cafe,Coffee
3471fbf4-1d64-4770-958f-f9dc65fa2332,ACC-STUDENT-005,2026-01-02T08:30:00Z,Rs. 279.69,NPR,DEBIT,COMPLETED,Americano,Red Mug Cafe,Coffee
066ac5ee-22ea-4a68-a277-41d346c74095,ACC-STUDENT-005,2025-10-10T09:40:00Z,116.16,NPR,DEBIT,COMPLETED,Ride Sharing,Pathao,Transport
82f389a1-2322-4b60-aff9-917019c8498a,ACC-STUDENT-003,2025-10-12T18:01:00Z,461.05,NPR,DEBIT,COMPLETED,Daily Commute,Bus,Transport
9017cd59-bb1d-4903-9b54-356a5e9463e9,ACC-STUDENT-001,2025-10-06 12:33:00,250.77,NPR,DEBIT,COMPLETED,Dinner,Boba Shop,Food
611c391a-90e5-47c9-9e8a-57a37e9b6fde,ACC-STUDENT-005,2025-07-04T19:21:00Z,209.39,NPR,DEBIT,COMPLETED,Coke and Momo,Canteen,Food
8e0f8a7f-6678-4d8b-8db8-ebb648d93557,ACC-STUDENT-002,2025-10-08T12:08:00Z,667.97,NPR,DEBIT,COMPLETED,Burger & Fries,Burger House,Food
10ed35de-7b93-4f8d-a0a1-a34efdfc943b,ACC-STUDENT-005,2025-08-15T08:00:00Z,359.18,NPR,DEBIT,COMPLETED,Spotify Premium,Spotify,Entertainment
31d5f9e2-5c98-4c63-8c1f-e6fe7eb3a4a0,ACC-STUDENT-003,2025-01-13T17:52:00Z,152.77,NPR,DEBIT,COMPLETED,Micro Fare,Bus,Transport
62209a13-d17f-4e5b-a5a5-897a7672f5d9,ACC-STUDENT-001,2025-02-02T09:11:00Z,381.45,NPR,DEBIT,COMPLETED,Taxi Ride,Sajha Yatayat,Transport
3fc1f7d1-fe98-41d6-b592-69f1e079940b,ACC-STUDENT-004,2025-09-20T20:38:00Z,333.51,NPR,DEBIT,COMPLETED,Burger & Fries,Local Eatery,Food
3215f04f-12c7-4402-96f2-3c64c0ec6fb9,ACC-STUDENT-004,2025-08-10T12:00:00Z,2571.48,NPR,DEBIT,COMPLETED,Dairy Products,Saleways,Groceries
21874d45-f733-40ad-9be9-112cac1a6556,ACC-STUDENT-002,2025-04-06T18:57:00Z,187.09,NPR,DEBIT,COMPLETED,Ride Sharing,Bus,Transport
9276718f-535c-4849-a277-3b4b67933226,ACC-STUDENT-005,2025-04-14T17:36:00Z,262.7,NPR,DEBIT,COMPLETED,Taxi Ride,Sajha Yatayat,Transport
3d64fe08-5fa7-4d68-b285-c845fa766854,ACC-STUDENT-004,2025-12-31T09:53:00Z,162.61,NPR,DEBIT,COMPLETED,Taxi Ride,Sajha Yatayat,Transport
2f9255ca-2c8d-4246-9631-62a364c3213b,ACC-STUDENT-004,2025-04-15T09:52:00Z,224.43,NPR,DEBIT,COMPLETED,Taxi Ride,Microbus,Transport
12a8acb1-e06f-4642-a333-3fea5fda3f28,ACC-STUDENT-002,2025-03-09T12:26:00Z,561.8,NPR,DEBIT,COMPLETED,Meals,,Food
cd594a71-bd60-4c63-96df-1744c94e0e8e,ACC-STUDENT-004,2025-01-31 19:58:00,368.76,NPR,DEBIT,COMPLETED,Meals,Boba Shop,Food
612262e9-3adc-44a2-8cb7-fb5d93a74472,ACC-STUDENT-001,2025-02-26T17:17:00Z,275.21,NPR,DEBIT,COMPLETED,Micro Fare,Sajha Yatayat,Transport
14572e33-4755-40fc-b50b-ba5c564a6f6e,ACC-STUDENT-003,2025-11-30T12:00:00Z,4270.07,NPR,DEBIT,COMPLETED,Weekly Groceries,Local Grocery,Groceries
c93d7bf3-f7c4-4c66-9ecd-414e9db3a88e,ACC-STUDENT-002,2025-08-21T09:05:00Z,311.95,NPR,DEBIT,COMPLETED,Daily Commute,Pathao,Transport
a07682d0-8c4c-4d68-908b-ee64b1179a2b,ACC-STUDENT-005,2025-08-18T13:00:00Z,367.72,NPR,DEBIT,COMPLETED,,Restaurant,Food
4648d887-3fcf-4707-88dc-2e078dea65bb,ACC-STUDENT-002,2025-10-10T13:53:00Z,434.21,NPR,DEBIT,COMPLETED,Snacks,Bakery,Food
d8803d20-8600-40eb-a4e4-7e65caee1c6d,ACC-STUDENT-003,2025-01-15T08:00:00Z,348.87,NPR,DEBIT,COMPLETED,Spotify Premium,Spotify,Entertainment
8fa41f99-6e35-4908-a14b-2ac464ff2741,ACC-STUDENT-003,2025-01-31T17:51:00Z,280.66,NPR,DEBIT,COMPLETED,Micro Fare,Sajha Yatayat,Transport
b17cd0b6-1333-4ec8-bc98-71eea9835501,ACC-STUDENT-004,2025-05-26T07:00:00Z,8224.65,NPR,DEBIT,COMPLETED,Bus to Chitwan,Tourist Bus,Travel
0fd98935-4bc5-4b3a-9dcd-999faf320567,ACC-STUDENT-001,2025-09-14T12:00:00Z,2579.22,NPR,DEBIT,COMPLETED,Weekly Groceries,Big Mart,groceries
5c8870fd-e6da-4f11-967e-63f743a16812,ACC-STUDENT-003,2025-06-15T08:00:00Z,490.16,NPR,DEBIT,COMPLETED,Spotify Premium,Spotify,Entertainment
2ea531be-5b9b-4702-8987-5fcdfb15fb33,ACC-STUDENT-004,2025-03-13T20:54:00Z,246.79,NPR,DEBIT,COMPLETED,Lunch,Restaurant,Food
bb5766dc-479a-40c0-a878-e873731e2bde,ACC-STUDENT-004,2025-08-02T10:00:00Z,9005.89,NPR,DEBIT,COMPLETED,House Rent,Rent House Ltd,Utilities
612c9761-73fa-42e1-9c65-52ea5240c0c1,ACC-STUDENT-001,2025-04-28T17:44:00Z,141.75,NPR,DEBIT,COMPLETED,Bus Ticket,InDrive,Transport
3b7b85db-77f9-47d1-8e45-2e27b1ecc856,ACC-STUDENT-002,2025-02-18T13:56:00Z,340.71,NPR,DEBIT,COMPLETED,Coke and Momo,Bakery,Food
658a9799-932d-47a4-a899-93181ced3697,ACC-STUDENT-004,2025-07-19T17:06:00Z,119.26,NPR,DEBIT,COMPLETED,Taxi Ride,Local Taxi,Transport
dac30958-09db-45a2-ae7b-69b01e4fedb1,ACC-STUDENT-002,2025-05-28T12:58:00Z,466.82,NPR,DEBIT,COMPLETED,Lunch,Boba Shop,Food
8959f6eb-7bc3-4a66-a62f-246f51450049,ACC-STUDENT-003,2025-12-27T12:00:00Z,1960.96,NPR,DEBIT,COMPLETED,Monthly Supplies,Fresh Vegetable Vendor,Groceries
220afda9-5c88-4bd6-9686-5f8e7fc22db0,ACC-STUDENT-005,2025-08-14T17:28:00Z,164.97,NPR,DEBIT,COMPLETED,Taxi Ride,Bus,Transport
93246462-c574-4de9-9cb7-a20c6fc31ee6,ACC-STUDENT-002,2025-06-06T18:52:00Z,228.87,NPR,DEBIT,COMPLETED,Bus Ticket,InDrive,Transport
68cb263d-365a-455e-8456-28ea90eb5db7,ACC-STUDENT-004,2025-03-26T17:16:00Z,229.28,NPR,DEBIT,COMPLETED,Micro Fare,Bus,Transport
3b2c879e-d213-45be-93ff-ae7c3a31bf5b,ACC-STUDENT-001,2025-09-09T18:51:00Z,383.63,NPR,DEBIT,COMPLETED,Bus Ticket,Bus,Transport
08f14cd6-299d-4809-9e52-9e3b4e412b16,ACC-STUDENT-001,2025-12-11T09:50:00Z,63.08,NPR,DEBIT,COMPLETED,Bus Ticket,Bus,Transport
b09c4a4c-4548-4888-b735-757b1c388539,ACC-STUDENT-001,2025-03-05T13:31:00Z,777.14,NPR,DEBIT,COMPLETED,Lunch,Local Eatery,Food
9c8fa708-a185-40ac-a036-de26b3e28c5d,ACC-STUDENT-005,2025-10-08 08:30:00,214.09,NPR,DEBIT,COMPLETED,Iced Coffee,Himalayan Java,coffee
2b998a21-eaa7-4423-961b-d955bcf4a473,ACC-STUDENT-002,2025-08-23T09:14:00Z,419.6,NPR,DEBIT,COMPLETED,Taxi Ride,Local Taxi,Transport
f3eed4a1-552b-443c-b96b-34126c3ce6f3,ACC-STUDENT-004,2025-01-28T13:33:00Z,632.23,NPR,DEBIT,COMPLETED,Breakfast,Local Eatery,Food
de220a46-5da7-441a-b8a3-057f506ea823,ACC-STUDENT-005,2025-07-08T19:09:00Z,527.07,NPR,DEBIT,COMPLETED,Snacks,Boba Shop,Food
5bf95b34-ac71-498f-825e-c4661aa13a06,ACC-STUDENT-004,2025-03-05T18:14:00Z,162.07,NPR,DEBIT,COMPLETED,Daily Commute,Bus,Transport
54ac3552-8e70-4c55-96c5-67c37afdd96f,ACC-STUDENT-001,2025-10-31 18:55:00,346.79,NPR,DEBIT,COMPLETED,Ride Sharing,Pathao,Transport
da9d3e14-0ff9-4a53-8b28-c5945fe31d10,ACC-STUDENT-004,2025-10-10T19:27:00Z,214.64,NPR,DEBIT,COMPLETED,Lunch,Cafe,Food
005a9df8-0ac8-4113-8ead-38f72de17239,ACC-STUDENT-001,2025-04-09T12:33:00Z,783.53,NPR,DEBIT,COMPLETED,Meals,Local Eatery,Food
8c430633-f0b5-4ed1-acec-3f5c1e7f239c,ACC-STUDENT-002,2025-02-28T18:35:00Z,283.53,NPR,DEBIT,COMPLETED,Micro Fare,Local Taxi,Transport
b54d0d33-be5a-4574-8b30-cf66442e3ce0,ACC-STUDENT-001,2025-04-04T13:34:00Z,305.46,NPR,DEBIT,COMPLETED,Breakfast,Boba Shop,Food
2f6c6283-2294-4c2a-a81b-ed3eded6e864,ACC-STUDENT-004,2025-09-08T09:17:00Z,291.34,NPR,DEBIT,COMPLETED,Micro Fare,Sajha Yatayat,Transport
3c911ce9-45e1-4b67-ac07-6ac143196849,ACC-STUDENT-003,2025-04-27T20:24:00Z,359.44,NPR,DEBIT,COMPLETED,Dinner,Cafe,Food
3800c687-29f4-4800-bc8e-34bcb6c4ed9b,ACC-STUDENT-005,2025-01-17T19:10:00Z,342.75,NPR,DEBIT,COMPLETED,Burger & Fries,Boba Shop,Food
4ab6ecb9-80dc-4d12-a5b9-d7e113f8f62c,ACC-STUDENT-002,2025/06/05,274.61,NPR,DEBIT,COMPLETED,Burger & Fries,Burger House,Food
a8cb7fbd-495c-4ae0-b778-ba9d16c102bd,ACC-STUDENT-001,2026-01-05T11:15:00Z,2122.86,NPR,DEBIT,COMPLETED,WiFi Internet,Worldlink,Utilities
8a43ac9c-db63-4a0a-ab76-43e97220bde0,ACC-STUDENT-002,2025-10-28T20:49:00Z,185.43,NPR,DEBIT,COMPLETED,Snacks,Restaurant,Food
5c91a086-43cc-41a0-a9cf-142a7412c2ee,ACC-STUDENT-003,2025/09/18,151.37,NPR,DEBIT,COMPLETED,Meals,Burger House,Food
15be1169-ebbf-4f3c-a992-bafa88b46899,ACC-STUDENT-003,2025-06-05T08:30:00Z,309.4,NPR,DEBIT,COMPLETED,Cappuccino,Himalayan Java,Coffee
50735d91-6519-4dcd-9c65-0e94c4764ee8,ACC-STUDENT-002,2025-10-25T20:38:00Z,406.0,NPR,DEBIT,COMPLETED,Meals,Restaurant,Food
63801950-44fe-4461-a7f5-dbb0a683eae5,ACC-STUDENT-002,2025-08-01T09:00:00Z,30940.49,NPR,CREDIT,COMPLETED,Monthly Allowance,Family Transfer,Income
bf31b880-beda-4d56-9f19-2553c38b0951,ACC-STUDENT-003,2025-11-30T19:27:00Z,598.91,NPR,DEBIT,COMPLETED,Meals,Restaurant,Food
04c91094-89a3-4509-b0a3-f19b0c90503c,ACC-STUDENT-004,2025-07-20T13:53:00Z,356.88,NPR,DEBIT,COMPLETED,Snacks,Boba Shop,Food
1b186e10-f2f5-46de-8c18-fd1687ea1e75,ACC-STUDENT-005,2025-08-17T18:59:00Z,433.14,NPR,DEBIT,COMPLETED,Daily Commute,Bus,Transport
7a4325ce-e4ab-4e88-8ac4-4954a5ec234e,ACC-STUDENT-003,2025-07-10T18:57:00Z,280.54,NPR,DEBIT,COMPLETED,Bus Ticket,Bus,Transport
436b1dd7-a18d-4eb1-a0a5-ed0f8c171284,ACC-STUDENT-005,2025-10-25T13:43:00Z,287.3,NPR,DEBIT,COMPLETED,Coke and Momo,Restaurant,Food
cba6a20d-ea5d-439c-a375-9d1aba8483b5,ACC-STUDENT-001,2025-02-11T08:30:00Z,157.82,NPR,DEBIT,COMPLETED,Latte,Red Mug Cafe,Coffee
317f02e8-11e2-4de1-85af-df762ea12821,ACC-STUDENT-004,2025-10-19T17:16:00Z,288.02,NPR,DEBIT,COMPLETED,Bus Ticket,Local Taxi,Transport
5d44c687-f694-4b8d-8383-da0362027ef8,ACC-STUDENT-001,2025-08-14T08:30:00Z,258.31,NPR,DEBIT,COMPLETED,Cappuccino,Himalayan Java,Coffee
1dcf1fc3-61e6-427f-9b81-d5c684ac3054,ACC-STUDENT-005,2025-09-12T13:20:00Z,346.62,NPR,DEBIT,COMPLETED,Meals,Canteen,Food
202b93e8-3288-44bb-80fd-8e93e3ea433c,ACC-STUDENT-001,2025-06-01T20:08:00Z,561.67,NPR,DEBIT,COMPLETED,Lunch,Restaurant,Food
6ec4fe2c-251d-4f2c-bc57-ede307442974,ACC-STUDENT-004,2025-05-07T13:18:00Z,514.24,NPR,DEBIT,COMPLETED,,Restaurant,Food
3518ad44-b94a-4fda-849c-d4caf28c21e8,ACC-STUDENT-005,2026-01-11T18:30:00Z,1055.39,NPR,DEBIT,COMPLETED,Netflix Subscription,QFX Cinemas,Entertainment
92ecf3b4-c7b6-46db-9344-a40ff41610c2,ACC-STUDENT-004,2025-07-30T18:52:00Z,408.46,NPR,DEBIT,COMPLETED,Micro Fare,Local Taxi,Transport
1ca3090c-7675-4f8c-8a8d-ab659e476015,ACC-STUDENT-001,2025-12-03T08:30:00Z,270.46,NPR,DEBIT,COMPLETED,Iced Coffee,Himalayan Java,Coffee
3f822cae-1cf1-4704-97fd-0878d0451f85,ACC-STUDENT-002,2025-02-19T13:13:00Z,511.94,NPR,DEBIT,COMPLETED,Meals,Restaurant,FOOD
e801c8de-45cd-45eb-8380-3292ff323110,ACC-STUDENT-003,2025-09-20T16:20:00Z,4978.93,NPR,DEBIT,COMPLETED,Gift for Mom,Mall,Shopping
cd1da0ee-590a-4a37-abbc-3e8f24308cd5,ACC-STUDENT-001,2025-05-08T09:57:00Z,279.67,NPR,DEBIT,COMPLETED,Daily Commute,Sajha Yatayat,Transport
4b443d99-ad56-4685-a4f9-68ebf6d455a9,ACC-STUDENT-002,2025-09-24T18:22:00Z,294.54,NPR,DEBIT,COMPLETED,Taxi Ride,Bus,Transport
bca1ca94-f5ac-42c7-aedc-4178ed4f2b9c,ACC-STUDENT-001,2025-10-07T13:39:00Z,334.03,NPR,DEBIT,COMPLETED,Snacks,Burger House,Food
6e9ed9b2-121c-4be4-8571-0774cc553d8c,ACC-STUDENT-002,2025-08-16T19:25:00Z,400.78,NPR,DEBIT,COMPLETED,Breakfast,Canteen,Food
1264bc7e-7932-4042-b9ac-b50188e65435,ACC-STUDENT-005,2025-05-17T19:57:00Z,766.52,NPR,DEBIT,COMPLETED,Snacks,Cafe,Food
6b11373b-b8ce-4b06-b514-2cd6af080d3d,ACC-STUDENT-004,2025-07-18T19:48:00Z,643.12,NPR,DEBIT,COMPLETED,Snacks,Restaurant,Food
d563745f-f2e3-47f3-9d9e-b9e940b96c76,ACC-STUDENT-001,2025-07-23T09:41:00Z,151.3,NPR,DEBIT,COMPLETED,Ride Sharing,Local Taxi,Transport
158d4561-8d90-4b46-a49f-81c037a12013,ACC-STUDENT-001,2025-03-16T13:07:00Z,579.69,NPR,DEBIT,COMPLETED,Meals,Cafe,Food
af25692e-b209-4097-bd12-fc28d16d98b8,ACC-STUDENT-002,2025-07-18T17:17:00Z,266.71,NPR,DEBIT,COMPLETED,Daily Commute,Local Taxi,Transport
3023498c-6567-4b55-acd6-4ff1ac85645c,ACC-STUDENT-002,2026-01-06T17:24:00Z,187.82,NPR,DEBIT,COMPLETED,Bus Ticket,InDrive,Transport
cbd22b19-5bc4-433c-9772-520b24080932,ACC-STUDENT-003,2025-05-05T17:35:00Z,157.06,NPR,DEBIT,COMPLETED,Micro Fare,Pathao,Transport
2be2cf65-46a2-44aa-8f3b-dfe2c111e695,ACC-STUDENT-002,2025-09-30T12:04:00Z,198.03,NPR,DEBIT,COMPLETED,Coke and Momo,Burger House,Food
594bf5b9-6b15-484a-a523-99d8173afc94,ACC-STUDENT-005,2025-11-26T13:15:00Z,247.12,NPR,DEBIT,COMPLETED,Coke and Momo,Burger House,FOOD
7173ba52-0f04-4c61-856d-b08db2bb42b8,ACC-STUDENT-003,2026-01-12T19:33:00Z,217.84,NPR,DEBIT,COMPLETED,Lunch,Canteen,Food
ffebfdb2-e279-4c3c-ad7a-21f3adef0afd,ACC-STUDENT-004,2025-05-21T17:41:00Z,171.99,NPR,DEBIT,COMPLETED,,Microbus,Transport
0b95551c-f61d-4670-a961-4373d9c39828,ACC-STUDENT-004,2025-05-09T08:30:00Z,103.02,NPR,DEBIT,COMPLETED,Americano,Coffee Point,Coffee
28f14182-f67f-41ce-b409-fb9b91738861,ACC-STUDENT-002,2025-09-08T12:41:00Z,427.21,NPR,DEBIT,COMPLETED,,Cafe,Food
60d54951-8848-4850-8505-968227508ddb,ACC-STUDENT-001,2025-08-21T20:35:00Z,685.4,NPR,DEBIT,COMPLETED,Coke and Momo,Canteen,Food
6d204952-818c-42ab-b200-17adfdfba20f,ACC-STUDENT-005,2025-09-11T08:30:00Z,122.56,NPR,DEBIT,COMPLETED,Americano,Coffee Point,Coffee
e68be3df-e5da-42e4-b0a8-92db4ba9fd9a,ACC-STUDENT-005,2025-10-10T17:00:00Z,75.43,NPR,DEBIT,COMPLETED,Bus Ticket,InDrive,Transport
4f6f0765-d8d0-40d7-be27-20e187200c74,ACC-STUDENT-003,2025-12-18T08:30:00Z,332.78,NPR,DEBIT,COMPLETED,Latte,Red Mug Cafe,Coffee
41f6e108-3812-4198-bde1-21e6e6d12000,ACC-STUDENT-002,2025-03-06T08:30:00Z,104.67,NPR,DEBIT,COMPLETED,Cappuccino,Red Mug Cafe,Coffee
a26e0289-a098-4344-ac69-7b149a00f236,ACC-STUDENT-005,2025-02-05T17:26:00Z,260.26,NPR,DEBIT,COMPLETED,Daily Commute,Local Taxi,Transport
c3af9c39-dc12-4962-a2d5-36780841b735,ACC-STUDENT-002,2026-01-10T12:00:00Z,2843.71,NPR,DEBIT,COMPLETED,Vegetables & Fruits,Saleways,Groceries
be9aaa56-2485-4414-959d-3766ed27eb8f,ACC-STUDENT-004,2025-11-05T13:00:00Z,679.61,NPR,DEBIT,COMPLETED,Breakfast,Cafe,Food
dc3ca9bc-fe72-452b-b46f-03dd8ef45875,ACC-STUDENT-004,2025-10-22T09:50:00Z,138.15,NPR,DEBIT,COMPLETED,Micro Fare,Sajha Yatayat,Transport
b01feadb-ba8b-4061-9093-d56d57be4db1,ACC-STUDENT-005,2025-10-15T13:39:00Z,416.4,NPR,DEBIT,COMPLETED,Meals,Boba Shop,Food
a0adc665-24dd-4c3e-b9ca-c46602eefcb1,ACC-STUDENT-001,2025-06-11T20:10:00Z,550.5,NPR,DEBIT,COMPLETED,Breakfast,Cafe,Food
d07bf0b6-accd-430a-8483-457bf0e191ca,ACC-STUDENT-003,2025-11-09T12:00:00Z,2746.37,NPR,DEBIT,COMPLETED,Weekly Groceries,Saleways,Groceries
4ac02822-7c8d-4c11-bcba-3ec36f0b03b1,ACC-STUDENT-003,2025-07-16T18:41:00Z,445.28,NPR,DEBIT,COMPLETED,Daily Commute,Pathao,TRANSPORT
81a9cda3-9e47-43fe-9e66-de774297cae0,ACC-STUDENT-004,2025-12-15T13:17:00Z,658.07,NPR,DEBIT,COMPLETED,Breakfast,,Food
e02f2d97-efb4-4006-b76d-4934c3f6962a,ACC-STUDENT-005,2025-12-13T12:00:00Z,1556.93,NPR,DEBIT,COMPLETED,Dairy Products,Big Mart,Groceries
f557008f-794e-442a-8111-12f32e5099ef,ACC-STUDENT-003,2025/03/25,278.4,NPR,DEBIT,COMPLETED,Micro Fare,Sajha Yatayat,Transport
a1408055-d40c-4469-86a0-c4a6a867cef5,ACC-STUDENT-005,2025-08-05T18:03:00Z,408.0,NPR,DEBIT,COMPLETED,Ride Sharing,InDrive,Transport
c827c933-e62c-4c40-9950-98cc8541a663,ACC-STUDENT-001,2025-06-25T19:52:00Z,200.63,NPR,DEBIT,COMPLETED,Dinner,Canteen,Food
818ef6d0-53f7-4c2d-be20-cebd1253152b,ACC-STUDENT-001,2025-04-26T12:00:00Z,2509.12,NPR,DEBIT,COMPLETED,Dairy Products,Fresh Vegetable Vendor,Groceries
dbe47262-775e-48ef-bcdd-ec88edb5b3d8,ACC-STUDENT-005,2025-07-11T17:58:00Z,483.73,NPR,DEBIT,COMPLETED,Bus Ticket,InDrive,Transport
940aa37d-18a0-4037-bc19-be7401a02535,ACC-STUDENT-001,2025-08-17T18:30:00Z,398.11,NPR,DEBIT,COMPLETED,Netflix Subscription,One Cinemas,Entertainment
d0779d50-ed47-4faf-94fa-44df511962a9,ACC-STUDENT-003,2025-05-23 19:54:00,369.49,NPR,DEBIT,COMPLETED,Meals,Boba Shop,Food
b0402672-c4bd-463c-af18-6e34bd77fde3,ACC-STUDENT-005,2025-10-10T13:15:00Z,473.08,NPR,DEBIT,COMPLETED,Coke and Momo,Burger House,Food
4bb5ba6c-c66c-4b8a-ab2a-99fe7469a7bc,ACC-STUDENT-005,2025-02-22T12:59:00Z,551.78,NPR,DEBIT,COMPLETED,Coke and Momo,Boba Shop,Food
d8438284-dca1-43de-8f75-d321b7944869,ACC-STUDENT-005,2025-02-24T17:08:00Z,392.03,NPR,DEBIT,COMPLETED,Bus Ticket,Microbus,Transport
ecd7b513-8a18-4144-a076-f0658bb14f83,ACC-STUDENT-001,2025-03-15T12:03:00Z,661.42,NPR,DEBIT,COMPLETED,Lunch,Cafe,Food
110af7f5-d85e-4e0c-9aa4-d388a6b55b79,ACC-STUDENT-003,2025-07-19T12:00:00Z,2003.13,NPR,DEBIT,COMPLETED,Rice and Oil,Saleways,Groceries
b5ed3ce0-f546-4c07-9a08-5deb9d59520a,ACC-STUDENT-005,2025-04-05T19:50:00Z,668.44,NPR,DEBIT,COMPLETED,Meals,Local Eatery,Food
fb054579-9ed1-42b0-90bd-a89120530124,ACC-STUDENT-003,2025-12-14T13:57:00Z,636.46,NPR,DEBIT,COMPLETED,Lunch,Restaurant,Food
3ca69130-4814-4ece-b281-7ff2034f17b1,ACC-STUDENT-002,2025-11-19T08:30:00Z,320.41,NPR,DEBIT,COMPLETED,Americano,Beans Cafe,Coffee
2431cbfe-d7fb-4da2-884a-a4ecc422e0ee,ACC-STUDENT-005,2025-06-01T09:00:00Z,28928.86,NPR,CREDIT,COMPLETED,Monthly Allowance,Family Transfer,Income
4deb432c-cea4-492f-81e4-26c7429b72ea,ACC-STUDENT-002,2025-10-07T08:30:00Z,182.76,NPR,DEBIT,COMPLETED,Americano,Coffee Point,Coffee
b254d576-ddf8-4352-ac7c-2a96e2e9c079,ACC-STUDENT-001,2025-08-09T13:30:00Z,748.26,NPR,DEBIT,COMPLETED,Meals,Bakery,Food
719477dc-88ef-4c5e-ad40-3385ddbf1a31,ACC-STUDENT-004,2025-05-07T17:22:00Z,242.78,NPR,DEBIT,COMPLETED,Taxi Ride,Pathao,Transport
17ff0e06-6fe7-4e07-a4b8-7c97707170fe,ACC-STUDENT-001,2025-01-28T19:13:00Z,585.32,NPR,DEBIT,COMPLETED,Dinner,Cafe,food
30179fd6-016d-41f2-b395-4d263831c7af,ACC-STUDENT-004,2025-12-28T09:54:00Z,241.55,NPR,DEBIT,COMPLETED,Bus Ticket,Local Taxi,Transport
acf1df99-4dc9-4dbd-bbd9-03f9851e117e,ACC-STUDENT-001,2025-09-21T12:00:00Z,3942.57,NPR,DEBIT,COMPLETED,Rice and Oil,Big Mart,Groceries
bb41d9dd-d22c-4415-a644-ce317b196686,ACC-STUDENT-005,2025-06-12T09:14:00Z,349.51,NPR,DEBIT,COMPLETED,Bus Ticket,Local Taxi,Transport
50b1a7da-6dfc-4457-b920-acda3f9edc73,ACC-STUDENT-004,2025-06-30T17:46:00Z,257.11,NPR,DEBIT,COMPLETED,Bus Ticket,Microbus,Transport
16316c5a-c4b0-4917-bb27-a3c299e5022d,ACC-STUDENT-001,2025-06-11T08:30:00Z,348.49,NPR,DEBIT,COMPLETED,Latte,Red Mug Cafe,Coffee
be585fa9-3039-4eb0-bb0c-5fde787fc46e,ACC-STUDENT-004,2025-12-23T20:43:00Z,376.19,NPR,DEBIT,COMPLETED,Coke and Momo,Canteen,Food
7a513fb6-6c65-41ec-8db1-aab03ee13651,ACC-STUDENT-001,2025-02-24T08:30:00Z,162.05,NPR,DEBIT,COMPLETED,Cappuccino,Local Tea Stall,Coffee
94ccc8cd-54a8-42c6-aca0-45b9f1489dd7,ACC-STUDENT-005,2025-10-16T18:22:00Z,51.57,NPR,DEBIT,COMPLETED,Daily Commute,Pathao,Transport
70441764-c5fd-4e78-81fd-39be04e0bd17,ACC-STUDENT-005,2025-10-30T19:36:00Z,288.99,NPR,DEBIT,COMPLETED,Meals,Bakery,Food
e9e45fcc-6542-4677-978c-3c0ab3ad22a5,ACC-STUDENT-003,2025-04-05T17:23:00Z,72.91,NPR,DEBIT,COMPLETED,Bus Ticket,InDrive,Transport
2c9a757c-20c4-4c4d-a736-af8521d84581,ACC-STUDENT-003,2025-04-29T19:15:00Z,352.84,NPR,DEBIT,COMPLETED,Breakfast,Bakery,Food
b130ae86-a993-4cf8-8080-32570ceb830b,ACC-STUDENT-001,2025-05-28T08:30:00Z,335.74,NPR,DEBIT,COMPLETED,Iced Coffee,Beans Cafe,Coffee
b9f42191-b62f-47a6-8c84-d4e5f3b54761,ACC-STUDENT-004,2025-01-20T08:30:00Z,167.67,NPR,DEBIT,COMPLETED,Cappuccino,Red Mug Cafe,Coffee
34ea3be2-63e3-4236-9032-2a822e3bfdd6,ACC-STUDENT-003,2025-11-11T09:57:00Z,250.12,NPR,DEBIT,COMPLETED,Micro Fare,Pathao,Transport
61ca8bec-94e6-4e18-8f4c-b9d303b5e83b,ACC-STUDENT-001,2025-07-02T09:02:00Z,474.03,NPR,DEBIT,COMPLETED,Daily Commute,Pathao,Transport
36087580-5aee-4536-8e8b-69e3b2dd38dc,ACC-STUDENT-001,2025-05-24T14:30:00Z,7886.65,NPR,CREDIT,COMPLETED,Part-time Payment,Tutoring,Income
e7efdd1f-ac65-4e8f-ab5e-31256eebc9e4,ACC-STUDENT-003,2025-07-03T09:44:00Z,344.67,NPR,DEBIT,COMPLETED,Daily Commute,,Transport
05b4e756-2578-4eb7-8a09-4cbdcee83ad9,ACC-STUDENT-004,2025-07-02T12:36:00Z,270.65,NPR,DEBIT,COMPLETED,Meals,Local Eatery,Food
da3b6329-0473-43ce-993f-67cc54a6ef3c,ACC-STUDENT-001,2025-04-12 20:05:00,429.89,NPR,DEBIT,COMPLETED,,Cafe,Food
37734598-849f-4b3f-bef2-a904c5922f34,ACC-STUDENT-005,2025-04-11T17:55:00Z,350.25,NPR,DEBIT,COMPLETED,,Bus,Transport
529b4a87-2896-41d3-bb34-e0cec0a1474c,ACC-STUDENT-004,2025-09-18T08:30:00Z,173.64,NPR,DEBIT,COMPLETED,Iced Coffee,Red Mug Cafe,Coffee
dbae7767-c3cb-4603-8beb-9243230f58b9,ACC-STUDENT-001,2025-05-25T12:00:00Z,2313.29,NPR,DEBIT,COMPLETED,Weekly Groceries,Saleways,Groceries
05e728da-b936-4aa1-9e90-6a9154e2dc8c,ACC-STUDENT-005,2025-02-13T16:20:00Z,2681.05,NPR,DEBIT,COMPLETED,Gift for Mom,Mall,Shopping
54b4a6d0-f797-44f6-9ccb-399e5a88bcac,ACC-STUDENT-001,2025-09-22T19:35:00Z,708.03,NPR,DEBIT,COMPLETED,Meals,Bakery,Food
08beaa97-fa63-4e46-8442-52738ce9c852,ACC-STUDENT-003,2025-08-25T08:30:00Z,252.95,NPR,DEBIT,COMPLETED,Americano,Beans Cafe,Coffee
abd095f1-4e3c-4eeb-89aa-ee671ba54b68,ACC-STUDENT-004,2025-05-08T19:49:00Z,498.44,NPR,DEBIT,COMPLETED,Coke and Momo,Cafe,Food
9e746452-33b0-42d8-849d-3435f855f781,ACC-STUDENT-003,2025-01-28T08:30:00Z,336.35,NPR,DEBIT,COMPLETED,Iced Coffee,Himalayan Java,Coffee
d1a43f63-c1af-480c-9892-f3a924d9b403,ACC-STUDENT-005,2025-10-02T19:35:00Z,326.81,NPR,DEBIT,COMPLETED,Breakfast,Burger House,Food
6806e358-72e1-4995-8275-42e1e40f64c3,ACC-STUDENT-001,2025-10-22T08:30:00Z,271.08,NPR,DEBIT,COMPLETED,Chiya,Beans Cafe,Coffee
f893b46d-0173-4be9-a8a6-7aa374625537,ACC-STUDENT-001,2025-05-05T19:50:00Z,341.77,NPR,DEBIT,COMPLETED,Coke and Momo,Boba Shop,Food
645f6a44-ada5-4a2c-80a2-a0258a4957e0,ACC-STUDENT-002,2025-10-30T17:27:00Z,201.86,NPR,DEBIT,COMPLETED,Taxi Ride,Bus,Transport
9ff1ab93-ef3a-4c4c-8cbd-83ac1d40ea6d,ACC-STUDENT-002,2025-03-02T12:00:00Z,3087.42,NPR,DEBIT,COMPLETED,Vegetables & Fruits,Local Grocery,Groceries
c45523d0-f239-4b2d-bf16-14d748daef3b,ACC-STUDENT-002,2025-10-06T20:29:00Z,286.9,NPR,DEBIT,COMPLETED,Dinner,Burger House,Food
3564d082-fa2a-4ea0-b668-412dc2a1969a,ACC-STUDENT-005,2025-07-27T18:30:00Z,940.73,NPR,DEBIT,COMPLETED,Popcorn & Soda,Gaming Zone,Entertainment
ecf8c0b9-025b-4c8f-a226-c836b0ddc444,ACC-STUDENT-005,2025-07-29T17:56:00Z,468.11,NPR,DEBIT,COMPLETED,Daily Commute,Pathao,Transport
9d66968b-40cd-4fdb-8aa5-ade38bb869db,ACC-STUDENT-005,2025-04-03T20:06:00Z,781.36,NPR,DEBIT,COMPLETED,Lunch,Boba Shop,Food
b04900fe-f92a-4439-94c4-bedf2557180d,ACC-STUDENT-005,2025-12-08T20:00:00Z,338.39,NPR,DEBIT,COMPLETED,Lunch,,Food
caeddcb4-1c9c-4b5c-9de0-c839cf7c0ace,ACC-STUDENT-004,2025-03-05T18:53:00Z,159.94,NPR,DEBIT,COMPLETED,Micro Fare,Bus,Transport
b4cf2f19-8af1-4825-b228-3db7802b1a90,ACC-STUDENT-001,2025-08-17T12:00:00Z,1819.41,NPR,DEBIT,COMPLETED,Monthly Supplies,Big Mart,Groceries
31ab0866-25bf-4085-8a61-efe9c0477529,ACC-STUDENT-003,2025-08-09T16:20:00Z,5026.2,NPR,DEBIT,COMPLETED,Gift for Mom,Mall,Shopping
b224e543-d01c-4b81-8ffa-b0797c07951e,ACC-STUDENT-005,2025-06-13T12:52:00Z,287.23,NPR,DEBIT,COMPLETED,Lunch,Restaurant,Food
924fede4-42e7-4b39-92dd-7c7e7f947418,ACC-STUDENT-001,2026-01-10T12:00:00Z,2701.87,NPR,DEBIT,COMPLETED,Dairy Products,Bhatbhateni,Groceries
f3252e54-9cc4-4659-a2dd-8e6e832d6715,ACC-STUDENT-005,2025-06-26T19:16:00Z,345.84,NPR,DEBIT,COMPLETED,Burger & Fries,Restaurant,Food
e562d62b-ba84-4963-bb2e-0ce32efac3d7,ACC-STUDENT-005,2025-04-07T08:30:00Z,134.64,NPR,DEBIT,COMPLETED,Chiya,Red Mug Cafe,Coffee
3d9f08c1-f1e8-459b-9049-d45fb5bcb1fb,ACC-STUDENT-002,2025-07-03T09:25:00Z,197.92,NPR,DEBIT,COMPLETED,Taxi Ride,Local Taxi,Transport
7e9d7026-0be6-4c87-b203-c4924a7731f5,ACC-STUDENT-004,2025-06-28T12:00:00Z,4264.52,NPR,DEBIT,COMPLETED,Weekly Groceries,Big Mart,Groceries
78385b78-237b-4dde-9921-41e91e0ae56a,ACC-STUDENT-004,2025-07-08T17:00:00Z,143.3,NPR,DEBIT,COMPLETED,Taxi Ride,Bus,Transport
c73adae4-08ad-4a34-95b7-e87beec98cec,ACC-STUDENT-001,2025-04-29T18:24:00Z,191.19,NPR,DEBIT,COMPLETED,Ride Sharing,Sajha Yatayat,Transport
053741c6-8e56-446d-9323-182b5606c31b,ACC-STUDENT-002,2025-07-11T17:50:00Z,150.77,NPR,DEBIT,COMPLETED,Taxi Ride,Local Taxi,Transport
4a5d15a4-f5a1-4ff5-96a6-40784d1a6226,ACC-STUDENT-001,2025-12-02T10:00:00Z,8112.59,NPR,DEBIT,COMPLETED,House Rent,Rent House Ltd,Utilities
d7c5cebd-792b-48cd-b42a-b7f06ceca590,ACC-STUDENT-004,2025-03-18T12:02:00Z,268.13,NPR,DEBIT,COMPLETED,Lunch,Boba Shop,Food
4c5d406f-df04-4bc7-b1d4-69d5039fd09e,ACC-STUDENT-003,2025-08-01T20:29:00Z,639.23,NPR,DEBIT,COMPLETED,Lunch,Canteen,Food
02a8683e-56b9-403d-8924-988c913147c4,ACC-STUDENT-005,2026-01-01T08:30:00Z,247.51,NPR,DEBIT,COMPLETED,Chiya,Himalayan Java,Coffee
a3612b30-7ad7-497f-98b0-2be26fda0cb1,ACC-STUDENT-001,2025-03-09T18:22:00Z,308.67,NPR,DEBIT,COMPLETED,Taxi Ride,Bus,Transport
4211f1ea-656c-4170-8c5a-64456bbf0540,ACC-STUDENT-004,2025-03-21T18:32:00Z,166.27,NPR,DEBIT,COMPLETED,Bus Ticket,Microbus,Transport
75fac2b8-2e48-4875-b1da-b7a3572c932c,ACC-STUDENT-004,2025-07-15T08:00:00Z,482.29,NPR,DEBIT,COMPLETED,Spotify Premium,Spotify,Entertainment
6bba90a5-95f8-4c9f-a465-3efcc05e7319,ACC-STUDENT-001,2025-03-05T20:45:00Z,743.73,NPR,DEBIT,COMPLETED,Snacks,Bakery,Food
00e079e3-5737-4292-9ef5-d43c2f4abd00,ACC-STUDENT-004,2025-03-12T09:21:00Z,156.47,NPR,DEBIT,COMPLETED,Taxi Ride,Sajha Yatayat,Transport
645c0c28-1893-412d-8c1f-f47f37af4991,ACC-STUDENT-004,2025-02-02T12:00:00Z,0.0,NPR,DEBIT,COMPLETED,Rice and Oil,Big Mart,Groceries
5f27a891-9dac-4c93-9eb8-aad07d01cbb1,ACC-STUDENT-004,2025-05-09T09:53:00Z,409.14,NPR,DEBIT,COMPLETED,Bus Ticket,Pathao,Transport
9b616330-a58b-49de-a051-7a5f2771489b,ACC-STUDENT-005,2025-01-25T17:21:00Z,70.16,NPR,DEBIT,COMPLETED,Micro Fare,,Transport
7d03139e-a4a9-4325-a398-ae7fffe8862c,ACC-STUDENT-002,2025-10-19T18:30:00Z,1173.22,NPR,DEBIT,COMPLETED,Bowling Session,Gaming Zone,Entertainment
6498d72b-06bd-431c-b3c2-1b50a3935ae7,ACC-STUDENT-005,2025-06-05T11:15:00Z,1785.57,NPR,DEBIT,COMPLETED,WiFi Internet,Worldlink,Utilities
27d938bd-ab43-4fda-9ceb-fa48b6f9f3f3,ACC-STUDENT-005,2026-01-02T18:06:00Z,364.95,NPR,DEBIT,COMPLETED,Ride Sharing,Pathao,Transport
f3d798c1-32cb-47dc-9a34-7eb9d48a0d99,ACC-STUDENT-003,2025-08-15T08:00:00Z,259.34,NPR,DEBIT,COMPLETED,Spotify Premium,Spotify,Entertainment
1ac1f6a2-6379-445e-8b0a-9d2ee3599673,ACC-STUDENT-004,2025-05-29T09:12:00Z,482.33,NPR,DEBIT,COMPLETED,,Sajha Yatayat,Transport
ebf65d58-4b90-4f8b-882d-7a44b014b032,ACC-STUDENT-001,2025-12-04T18:53:00Z,415.3,NPR,DEBIT,COMPLETED,Daily Commute,Bus,Transport
65437217-35d5-4cf0-b252-5dabedf52b7a,ACC-STUDENT-003,2025-07-03T12:18:00Z,375.41,NPR,DEBIT,COMPLETED,Coke and Momo,Local Eatery,Food
1a5490b7-3875-454f-9a9c-044cc78e80cd,ACC-STUDENT-002,2025-12-20T17:02:00Z,221.68,NPR,DEBIT,COMPLETED,Taxi Ride,Bus,Transport
cd27acba-0d28-4757-848d-cf9422ba7b08,ACC-STUDENT-004,2025-10-15T08:00:00Z,384.79,NPR,DEBIT,COMPLETED,Spotify Premium,Spotify,Entertainment
9324a58c-e99c-45bb-8645-e3a67bf0c269,ACC-STUDENT-004,2025-08-03T19:47:00Z,207.34,NPR,DEBIT,COMPLETED,Breakfast,Local Eatery,Food
ce887b6e-6157-4043-b5a2-4fcff183cc00,ACC-STUDENT-002,2025-04-24T12:58:00Z,230.91,NPR,DEBIT,COMPLETED,Burger & Fries,Cafe,Food
b54fd7ee-d199-4dca-be37-682560130e4b,ACC-STUDENT-001,2025-06-09T13:52:00Z,399.56,NPR,DEBIT,COMPLETED,Burger & Fries,Local Eatery,Food
86955d48-91d1-4093-a597-7e1fc9c957d4,ACC-STUDENT-001,2025-03-03T17:15:00Z,255.55,NPR,DEBIT,COMPLETED,Ride Sharing,Sajha Yatayat,Transport
91192910-447e-44a4-af56-e9f6f898fe26,ACC-STUDENT-003,2025-05-06T17:41:00Z,322.37,NPR,DEBIT,COMPLETED,Daily Commute,Bus,Transport
604cd8b6-7778-45e3-bc64-1d45fbb2d542,ACC-STUDENT-003,2025-10-15T18:54:00Z,Rs. 180.04,NPR,DEBIT,COMPLETED,Bus Ticket,Microbus,Transport
d46eddf0-49f4-42c7-8be4-670cb53aa45e,ACC-STUDENT-003,2025-02-11T12:38:00Z,234.13,NPR,DEBIT,COMPLETED,Dinner,Restaurant,Food
cd666e66-56df-4a5c-9a47-dbb2e00bda6f,ACC-STUDENT-004,2025-05-30T08:30:00Z,246.33,NPR,DEBIT,COMPLETED,Latte,Beans Cafe,Coffee
6a024d2b-a40c-442f-8ac0-08efc10d3a29,ACC-STUDENT-001,2025-02-12T08:30:00Z,197.5,NPR,DEBIT,COMPLETED,Iced Coffee,Coffee Point,Coffee
893e3b68-853c-43ce-8b6c-32416943ea6b,ACC-STUDENT-003,2025-04-02T17:19:00Z,218.13,NPR,DEBIT,COMPLETED,Taxi Ride,Sajha Yatayat,Transport
0c70f29f-1090-4ba6-9713-f0ce7cd182a3,ACC-STUDENT-005,2025-10-29T17:47:00Z,225.73,NPR,DEBIT,COMPLETED,Micro Fare,Pathao,Transport
f68a15c4-1ac0-4af3-b715-52608674656b,ACC-STUDENT-003,2025-07-10T09:00:00Z,137.37,NPR,DEBIT,COMPLETED,Bus Ticket,Bus,Transport
3d2b857a-8896-46b8-b326-2416719ee7b4,ACC-STUDENT-002,2025-05-21 12:24:00,786.67,NPR,DEBIT,COMPLETED,Lunch,Bakery,Food
2741cfdb-b5a3-4499-af7a-0055d42ab1d2,ACC-STUDENT-005,2025-07-16T12:43:00Z,792.45,NPR,DEBIT,COMPLETED,Snacks,Restaurant,Food
0a0a23af-7ffd-4730-9bd9-1100a30018b7,ACC-STUDENT-003,2025/10/28,210.14,NPR,DEBIT,COMPLETED,Bus Ticket,Bus,Transport
a1945a93-d52a-46db-b92e-76b5993720ed,ACC-STUDENT-002,2025-04-23T09:58:00Z,135.33,NPR,DEBIT,COMPLETED,Daily Commute,InDrive,Transport
1b265bbe-17d5-4703-97f2-13436b7c2e7b,ACC-STUDENT-001,2025-02-27T13:43:00Z,693.37,NPR,DEBIT,COMPLETED,Burger & Fries,Local Eatery,Food
7214166c-b364-451d-869c-96502d29180b,ACC-STUDENT-003,2025-06-09T09:11:00Z,395.42,NPR,DEBIT,COMPLETED,Taxi Ride,Local Taxi,Transport
5538e5f5-f83c-4932-a8c1-9aa88ab44231,ACC-STUDENT-002,2025-04-03T08:30:00Z,268.78,NPR,DEBIT,COMPLETED,Chiya,Beans Cafe,Coffee
50b20e05-c45c-435c-b1ce-1ae84aa9f79d,ACC-STUDENT-004,2025-04-06T18:58:00Z,471.26,NPR,DEBIT,COMPLETED,Micro Fare,InDrive,Transport
d2f8e303-c26e-4101-837c-a2395f469c9d,ACC-STUDENT-005,2025-09-02T09:11:00Z,370.25,NPR,DEBIT,COMPLETED,Bus Ticket,Bus,Transport
c2b00197-e8e9-47fe-96b2-b1c7ddd88d4d,ACC-STUDENT-004,2025-09-24T13:35:00Z,246.25,NPR,DEBIT,COMPLETED,Lunch,Local Eatery,Food
c19386bc-615f-45d8-89f6-cd8298362f55,ACC-STUDENT-002,2025-12-21T18:30:00Z,437.59,NPR,DEBIT,COMPLETED,Bowling Session,Spotify,Entertainment
cfdc0b1a-a32a-45e6-b86c-8f2514f1cf48,ACC-STUDENT-002,2025-09-29T08:30:00Z,283.33,NPR,DEBIT,COMPLETED,Americano,Himalayan Java,Coffee
f2df0123-5640-4490-8851-b2de97adbf13,ACC-STUDENT-003,2025-06-18T08:30:00Z,243.23,NPR,DEBIT,COMPLETED,Chiya,Local Tea Stall,Coffee
9171391f-94c6-4b80-a45c-472fcf115457,ACC-STUDENT-005,2025-05-29T12:42:00Z,389.83,NPR,DEBIT,COMPLETED,Burger & Fries,Burger House,Food
fa0e1de3-1a85-4b3e-b319-3f890d6476b5,ACC-STUDENT-002,2025-06-07T18:45:00Z,374.26,NPR,DEBIT,COMPLETED,Taxi Ride,Local Taxi,Transport
4f815beb-dc47-4488-9d29-66f4bb7249e5,ACC-STUDENT-005,2025-03-05 20:34:00,Rs. 622.87,NPR,DEBIT,COMPLETED,Coke and Momo,Boba Shop,Food
96bea138-e3e0-4bab-a0ef-73ec933ef247,ACC-STUDENT-003,2025-11-23T12:00:00Z,3026.15,NPR,DEBIT,COMPLETED,Rice and Oil,Local Grocery,Groceries
e8fd14f0-97c5-42d0-be47-a4935bfe2b1a,ACC-STUDENT-001,2025-04-11T12:55:00Z,576.23,NPR,DEBIT,COMPLETED,Dinner,Canteen,Food
c5d50523-bfeb-4035-8e34-78b0d1e277c1,ACC-STUDENT-001,2025-03-15T12:00:00Z,4044.1,NPR,DEBIT,COMPLETED,Monthly Supplies,Bhatbhateni,Groceries
fdaadc6e-d581-4ef3-8f90-ea531cb0ebc7,ACC-STUDENT-003,2025-04-08T13:59:00Z,587.2,NPR,DEBIT,COMPLETED,Meals,Canteen,Food
a13e97ae-76b7-40a4-b409-0fbec75ac916,ACC-STUDENT-004,2025-08-27T12:09:00Z,711.42,NPR,DEBIT,COMPLETED,Breakfast,Local Eatery,Food
1cd7b388-b9de-4da1-92d9-f817bb05c44f,ACC-STUDENT-001,2025-06-05T13:21:00Z,513.9,NPR,DEBIT,COMPLETED,Snacks,Cafe,Food
82263c59-bc41-434b-93fa-b89511a9c90d,ACC-STUDENT-001,2025/03/13,415.39,NPR,DEBIT,COMPLETED,Lunch,Canteen,Food
691d2633-144a-4544-99ef-03344c08bac2,ACC-STUDENT-002,2025-02-18T17:51:00Z,486.92,NPR,DEBIT,COMPLETED,Ride Sharing,InDrive,Transport
8eb75b80-120f-4eae-a847-c8728831cbbc,ACC-STUDENT-001,2025-11-29T12:00:00Z,3533.15,NPR,DEBIT,COMPLETED,Vegetables & Fruits,Saleways,Groceries
986e8387-d3c4-403a-be82-a559ff49c56a,ACC-STUDENT-001,2025-09-15T09:48:00Z,202.85,NPR,DEBIT,COMPLETED,Micro Fare,Microbus,Transport
a2794182-5fb9-496a-b4ef-e00e1e6e51f9,ACC-STUDENT-001,2025-04-10T18:11:00Z,-415.17,NPR,DEBIT,COMPLETED,Daily Commute,Microbus,Transport
35d2fa4b-67eb-47f8-87ca-e726f08fd27a,ACC-STUDENT-002,2025-06-15T12:31:00Z,260.21,NPR,DEBIT,COMPLETED,Meals,Cafe,Food
31d61c7c-1d47-462d-aa0a-e056524d1749,ACC-STUDENT-003,2025-05-27T12:26:00Z,285.15,NPR,DEBIT,COMPLETED,Snacks,Local Eatery,Food
23234d06-dde8-43be-8acf-e91bc7f07443,ACC-STUDENT-002,2025-07-25T18:46:00Z,246.06,NPR,DEBIT,COMPLETED,Ride Sharing,Bus,Transport
c66e66b8-026d-4646-8952-47ff4bac9570,ACC-STUDENT-003,2025-12-25T08:30:00Z,161.09,NPR,DEBIT,COMPLETED,Latte,Local Tea Stall,Coffee
5de43ff2-680c-4d10-b552-9fa9a645490d,ACC-STUDENT-002,2025-03-19T09:30:00Z,244.38,NPR,DEBIT,COMPLETED,Daily Commute,InDrive,Transport
c5b39395-25db-433b-a8f1-72a5cc47cd40,ACC-STUDENT-001,2025-09-10T14:30:00Z,3945.11,NPR,CREDIT,COMPLETED,Part-time Payment,Tutoring,Income
c09b12d8-32f6-4f9e-be78-8768db3d152d,ACC-STUDENT-002,2025-07-25T13:03:00Z,686.55,NPR,DEBIT,COMPLETED,Lunch,Canteen,Food
59aa2b4b-0447-4cc3-b63c-488c595e406f,ACC-STUDENT-003,2025-10-01T17:56:00Z,413.27,NPR,DEBIT,COMPLETED,Daily Commute,Local Taxi,Transport
c7f62f84-0838-46d9-967a-592d4d07bcb8,ACC-STUDENT-004,2025-05-26T18:41:00Z,132.75,NPR,DEBIT,COMPLETED,Taxi Ride,Local Taxi,Transport
f065e37d-ee53-4e17-95b5-ef5c056d7a04,ACC-STUDENT-003,2025-05-14T09:06:00Z,356.43,NPR,DEBIT,COMPLETED,Bus Ticket,,Transport
28868845-c5a4-4245-b340-9d3cbfc57ee1,ACC-STUDENT-004,2025-02-09T19:43:00Z,325.88,NPR,DEBIT,COMPLETED,Meals,Local Eatery,Food
9dbf3f0d-72b2-4e97-85e2-5e0f6a1897eb,ACC-STUDENT-002,2025-03-21T09:03:00Z,463.6,NPR,DEBIT,COMPLETED,Micro Fare,Bus,Transport
b5bee475-f84d-4cd6-a320-fc33ef228c46,ACC-STUDENT-001,2025-03-14T09:43:00Z,215.3,NPR,DEBIT,COMPLETED,Taxi Ride,Bus,Transport
a4c2b5e5-8093-4221-b99a-dc5a2f82f66e,ACC-STUDENT-002,2025-07-17T08:30:00Z,140.28,NPR,DEBIT,COMPLETED,Chiya,Himalayan Java,Coffee
7583fb82-e75d-4212-b812-b8cff05505da,ACC-STUDENT-004,2025-04-26T12:00:00Z,1780.27,NPR,DEBIT,COMPLETED,Dairy Products,Big Mart,Groceries
e7341a4d-eba2-4e7e-a83c-d1c85123b3cd,ACC-STUDENT-005,2025-09-26T19:16:00Z,0.0,NPR,DEBIT,COMPLETED,Dinner,Bakery,Food
0a7e1f01-d87d-4320-81c9-7a05d42c4b3f,ACC-STUDENT-005,2025-08-01T09:00:00Z,33501.01,NPR,CREDIT,COMPLETED,Monthly Allowance,Family Transfer,Income
20ed58f4-299c-465f-a8cc-0731de2cad85,ACC-STUDENT-004,2025-07-11T20:41:00Z,531.03,NPR,DEBIT,COMPLETED,Meals,Local Eatery,Food
d5a14ca4-74ff-4257-bb00-1a80d2bcedb1,ACC-STUDENT-002,2025-01-26T12:00:00Z,3158.18,NPR,DEBIT,COMPLETED,Rice and Oil,Saleways,Groceries
6302f9e2-746f-43f3-a9e1-9f085cef7c3d,ACC-STUDENT-002,2025-12-31T09:44:00Z,110.52,NPR,DEBIT,COMPLETED,Ride Sharing,InDrive,Transport
718b65d0-9eea-4d03-b645-a0273c121eca,ACC-STUDENT-004,2025-11-26T17:47:00Z,289.49,NPR,DEBIT,COMPLETED,Taxi Ride,Bus,Transport
19f2be20-5434-4871-ba7f-3b0b089cdcd8,ACC-STUDENT-001,2025-07-28T19:32:00Z,345.13,NPR,DEBIT,COMPLETED,Lunch,Boba Shop,Food
079fddd0-fb95-45bb-bcde-25eb5284b3b5,ACC-STUDENT-001,2025-03-06T18:45:00Z,449.35,NPR,DEBIT,COMPLETED,Micro Fare,InDrive,Transport
9cd409bd-d4dc-4082-b328-0c539a437fad,ACC-STUDENT-005,2025-11-02T18:30:00Z,769.69,NPR,DEBIT,COMPLETED,Popcorn & Soda,Gaming Zone,Entertainment
69d40ab3-37d5-4cf5-a5c0-2f1144229b4b,ACC-STUDENT-003,2025-02-15T08:00:00Z,406.47,NPR,DEBIT,COMPLETED,Spotify Premium,Spotify,Entertainment
32e0a63b-6413-42b3-b2ae-676bea3c60a2,ACC-STUDENT-004,2025-10-23T19:58:00Z,374.18,NPR,DEBIT,COMPLETED,Snacks,Burger House,Food
4891b393-9003-406f-9da3-101984364ac6,ACC-STUDENT-001,2025-04-02T09:21:00Z,476.45,NPR,DEBIT,COMPLETED,Micro Fare,Pathao,Transport
0b2fc96f-9310-4537-a2b7-05743dc99950,ACC-STUDENT-005,2025-08-23T12:00:00Z,1590.77,NPR,DEBIT,COMPLETED,Rice and Oil,Big Mart,Groceries
a1eac101-b522-4039-a283-47c8ac954180,ACC-STUDENT-002,2025-12-10T18:06:00Z,265.01,NPR,DEBIT,COMPLETED,Bus Ticket,Pathao,Transport
2e362650-390e-4dcc-947e-4d1db989dfca,ACC-STUDENT-001,2025-04-05T19:05:00Z,646.03,NPR,DEBIT,COMPLETED,Dinner,Bakery,Food
f250ffe2-c44d-45e6-b7a5-2b8c71dc6375,ACC-STUDENT-004,2025-10-29T09:57:00Z,199.31,NPR,DEBIT,COMPLETED,Micro Fare,Bus,Transport
5bce1ea9-42b3-447a-af5b-a08cd8b73c00,ACC-STUDENT-001,2025-10-20T19:03:00Z,452.22,NPR,DEBIT,COMPLETED,Meals,Canteen,Food
a9aaea6c-e7ef-4260-b9bd-9862588bb969,ACC-STUDENT-002,2025-10-05T18:30:00Z,986.64,NPR,DEBIT,COMPLETED,Bowling Session,Netflix,Entertainment
0b1034a9-d847-440f-a5e0-010c750eae1c,ACC-STUDENT-003,2025-05-30T09:11:00Z,231.48,NPR,DEBIT,COMPLETED,Ride Sharing,Microbus,Transport
73dd58be-646a-4f5e-b006-00d2e58f58b2,ACC-STUDENT-003,2025-11-07T20:38:00Z,242.69,NPR,DEBIT,COMPLETED,Breakfast,Restaurant,Food
980951da-7baa-4520-85ed-41853ba67e12,ACC-STUDENT-004,2025-07-31T12:42:00Z,727.57,NPR,DEBIT,COMPLETED,Dinner,Boba Shop,food
c1160670-2b86-484c-932d-fb85444ea123,ACC-STUDENT-005,2025-02-02T10:00:00Z,10489.72,NPR,DEBIT,COMPLETED,House Rent,Rent House Ltd,Utilities
4bc31f10-140f-46a9-b9b5-6e3f0ccd84b0,ACC-STUDENT-003,2025-12-01T09:03:00Z,362.62,NPR,DEBIT,COMPLETED,Bus Ticket,Sajha Yatayat,Transport
525d9cb4-ddff-44e5-ac11-e313ccd74234,ACC-STUDENT-001,2025-03-31T18:38:00Z,73.56,NPR,DEBIT,COMPLETED,Taxi Ride,Bus,Transport
c1d9b26b-0e92-4d0e-b9d3-b5fbf5a73c2d,ACC-STUDENT-003,2025-05-25T17:30:00Z,68.17,NPR,DEBIT,COMPLETED,Micro Fare,Sajha Yatayat,Transport
d822fca8-a519-44ee-92c2-8bc59bd0a3eb,ACC-STUDENT-005,2025-03-03T18:14:00Z,106.74,NPR,DEBIT,COMPLETED,Micro Fare,Sajha Yatayat,Transport
76427ba6-f97e-49b7-b881-f4566b799afa,ACC-STUDENT-005,2025-03-21T19:40:00Z,566.18,NPR,DEBIT,COMPLETED,Breakfast,Cafe,Food
d6affe70-94c4-4825-bb25-d0a5405568a1,ACC-STUDENT-004,2025-12-17T08:30:00Z,287.12,NPR,DEBIT,COMPLETED,Chiya,Red Mug Cafe,Coffee
ea369fbe-4f10-40ec-8c54-e20b8ceb8e3e,ACC-STUDENT-001,2025-02-14T19:14:00Z,572.59,NPR,DEBIT,COMPLETED,Breakfast,Burger House,Food
c558df39-597f-4363-b564-c46f14a9da8c,ACC-STUDENT-002,2025-02-06T09:49:00Z,274.15,NPR,DEBIT,COMPLETED,Daily Commute,Local Taxi,Transport
dfe14d7d-bb26-4f2f-aed2-592b8eae1f07,ACC-STUDENT-001,2025-03-17T20:33:00Z,223.87,NPR,DEBIT,COMPLETED,Meals,Bakery,Food
fddd2aae-7a84-4de1-a535-f549dc7da83c,ACC-STUDENT-004,2025-07-11T18:44:00Z,396.53,NPR,DEBIT,COMPLETED,Micro Fare,Microbus,Transport
386098ce-3726-4a83-b5d2-d4da92eab223,ACC-STUDENT-001,2025-02-06T20:35:00Z,691.92,NPR,DEBIT,COMPLETED,Dinner,Restaurant,Food
edf48092-ef91-4feb-9959-dcaab4aac668,ACC-STUDENT-005,2025-09-10T17:00:00Z,381.55,NPR,DEBIT,COMPLETED,Ride Sharing,InDrive,Transport
bd7fb90f-f40d-497b-adae-f63562ef8216,ACC-STUDENT-004,2025-02-18T17:57:00Z,411.16,NPR,DEBIT,COMPLETED,Ride Sharing,Bus,Transport
c688e5b3-7c01-47b5-90c5-8f9e26a82fbe,ACC-STUDENT-001,2025-05-27T09:45:00Z,83.08,NPR,DEBIT,COMPLETED,Taxi Ride,Pathao,Transport
48f8fe26-0784-489d-b257-1ed52f868584,ACC-STUDENT-001,2025-05-31T17:23:00Z,101.25,NPR,DEBIT,COMPLETED,Bus Ticket,Pathao,transport
7cfd9bfe-f179-47a8-a6b9-6a5bf2698273,ACC-STUDENT-001,2025-06-20T20:23:00Z,505.13,NPR,DEBIT,COMPLETED,Lunch,Boba Shop,Food
8e7fe013-5ff6-4f98-a265-86e606effdae,ACC-STUDENT-005,2025-04-10T13:02:00Z,374.51,NPR,DEBIT,COMPLETED,Burger & Fries,Bakery,Food
636c46dd-363d-4b87-ac76-9deed326db22,ACC-STUDENT-005,2025-06-17T19:23:00Z,513.49,NPR,DEBIT,COMPLETED,Meals,Bakery,Food
ef037b23-2762-4b93-b3d4-2855bc3b2d4c,ACC-STUDENT-005,2025-09-17T09:17:00Z,478.71,NPR,DEBIT,COMPLETED,,InDrive,Transport
c84426ff-bca8-4421-ac8b-9f41a83065e0,ACC-STUDENT-003,2025-12-24T08:30:00Z,204.59,NPR,DEBIT,COMPLETED,Iced Coffee,Beans Cafe,Coffee
e707db44-cfb7-49e4-adb0-2e0bea81bf34,ACC-STUDENT-005,2025-10-13T18:40:00Z,280.45,NPR,DEBIT,COMPLETED,,Microbus,Transport
31805987-00c0-47a7-8e79-6f08582d39cc,ACC-STUDENT-003,2025-07-28T19:25:00Z,623.98,NPR,DEBIT,COMPLETED,Coke and Momo,Boba Shop,Food
07dc6ec4-6564-40ce-9151-0705d4a9b5ac,ACC-STUDENT-002,2025-12-02T10:00:00Z,11506.26,NPR,DEBIT,COMPLETED,House Rent,Rent House Ltd,Utilities
21cc4736-ca19-4a1e-84d1-0d08a6e7d0c8,ACC-STUDENT-002,2025-10-30T20:29:00Z,Rs. 388.62,NPR,DEBIT,COMPLETED,Burger & Fries,Burger House,Food
37f672e3-5129-4c9c-8e23-91dd84d451e8,ACC-STUDENT-002,2025-09-08T12:20:00Z,544.53,NPR,DEBIT,COMPLETED,Dinner,Restaurant,Food
b8f53b72-00fc-484b-a040-4a102b821080,ACC-STUDENT-005,2025-04-30T09:04:00Z,243.21,NPR,DEBIT,COMPLETED,Ride Sharing,InDrive,Transport
04d6ebd4-33c5-4690-84f3-084447e871f5,ACC-STUDENT-003,2025-06-04T20:32:00Z,707.95,NPR,DEBIT,COMPLETED,Breakfast,Local Eatery,Food
344494e5-6c8b-498c-a6f0-892da1f27cb0,ACC-STUDENT-001,2025-07-18T19:33:00Z,447.8,NPR,DEBIT,COMPLETED,,Canteen,Food
08e21e9a-9471-4680-83c7-a0a231d90243,ACC-STUDENT-001,2025-08-04T18:38:00Z,365.33,NPR,DEBIT,COMPLETED,Micro Fare,Bus,Transport
42122db7-83a5-492c-8395-e13ca3aa321f,ACC-STUDENT-005,2025-12-04T09:39:00Z,244.46,NPR,DEBIT,COMPLETED,Bus Ticket,Sajha Yatayat,Transport
448530e4-e20f-43d2-b279-55067a4e99ba,ACC-STUDENT-003,2025-05-08T12:21:00Z,284.12,NPR,DEBIT,COMPLETED,Lunch,Cafe,Food
21319aad-b584-46ac-9ba9-f48f07318793,ACC-STUDENT-005,2025-02-10T18:37:00Z,235.22,NPR,DEBIT,COMPLETED,Micro Fare,InDrive,Transport
4dd5f234-62f1-4961-88e1-662ddb776936,ACC-STUDENT-005,2025-09-20T12:00:00Z,3281.42,NPR,DEBIT,COMPLETED,Rice and Oil,Local Grocery,Groceries
ed85d640-06af-4d42-a021-c47ee02bd799,ACC-STUDENT-002,2025-02-16T12:06:00Z,559.77,NPR,DEBIT,COMPLETED,Coke and Momo,Bakery,Food
801b5b66-98f3-47d5-8881-0357a29e42d0,ACC-STUDENT-001,2025-12-19T09:20:00Z,208.72,NPR,DEBIT,COMPLETED,Taxi Ride,InDrive,Transport
0394e00c-b2fb-486c-8e29-2bf0126722a4,ACC-STUDENT-004,2025-11-23 12:32:00,471.91,NPR,DEBIT,COMPLETED,Snacks,Boba Shop,Food
b0e3c956-ef91-4289-b2fa-ad3791c438ab,ACC-STUDENT-002,2025-07-07T16:20:00Z,3390.79,NPR,DEBIT,COMPLETED,New Shoes,Daraz,Shopping
bbd50cf6-3dd5-4c0c-935c-67ae40790aca,ACC-STUDENT-005,2025-09-25T17:14:00Z,97.54,NPR,DEBIT,COMPLETED,Taxi Ride,Local Taxi,Transport
5a13b2df-85f5-4714-9b48-ba1da45f15dc,ACC-STUDENT-003,2025-07-01T08:30:00Z,166.23,NPR,DEBIT,COMPLETED,Cappuccino,Red Mug Cafe,coffee
87ae67de-4099-417c-82a4-c9bc9eb886c6,ACC-STUDENT-001,2025-04-12T17:28:00Z,321.18,NPR,DEBIT,COMPLETED,Micro Fare,Pathao,Transport
c29940ac-616e-49c6-9201-e2cec37895a7,ACC-STUDENT-005,2025-11-23T12:00:00Z,4323.69,NPR,DEBIT,COMPLETED,Dairy Products,Fresh Vegetable Vendor,Groceries
fd514196-1dc7-4a5b-a7bb-0b7ef20962e4,ACC-STUDENT-002,2025-02-17T13:45:00Z,189.46,NPR,DEBIT,COMPLETED,Meals,Bakery,food
a0bdbca9-c4ac-428d-ae3f-94e2955ea042,ACC-STUDENT-003,2025-06-19T18:17:00Z,331.72,NPR,DEBIT,COMPLETED,Daily Commute,Bus,Transport
85dfdde7-34a6-4f0b-b91a-43ec680d7300,ACC-STUDENT-003,2025-09-19T08:30:00Z,120.9,NPR,DEBIT,COMPLETED,Chiya,Red Mug Cafe,Coffee
8de3091b-1463-47d8-8835-532adc8bb611,ACC-STUDENT-005,2025-03-11T17:17:00Z,237.57,NPR,DEBIT,COMPLETED,Daily Commute,Local Taxi,Transport
ecf1484c-a4d6-4afd-aac0-3e2ec03ef65a,ACC-STUDENT-005,2025-02-16T19:21:00Z,719.94,NPR,DEBIT,COMPLETED,Breakfast,Local Eatery,Food
c6960b31-31d9-4432-900f-6646d4fd971a,ACC-STUDENT-005,2025-03-23T12:00:00Z,2458.03,NPR,DEBIT,COMPLETED,Rice and Oil,Bhatbhateni,Groceries
b20af660-d706-4ea5-863b-9ef91dbf249b,ACC-STUDENT-004,2025-12-10T20:57:00Z,269.07,NPR,DEBIT,COMPLETED,Coke and Momo,Restaurant,Food
2472170e-bb3f-4f19-8000-ef818892f1ee,ACC-STUDENT-005,2025-01-15T08:00:00Z,483.58,NPR,DEBIT,COMPLETED,Spotify Premium,Spotify,Entertainment
58219013-b613-4c31-98ba-8556bb6fdb90,ACC-STUDENT-004,2025-09-27T12:54:00Z,197.31,NPR,DEBIT,COMPLETED,Dinner,Canteen,Food
f6050637-5ecd-49b0-81eb-3324a7896e75,ACC-STUDENT-005,2025-05-18T12:00:00Z,2836.18,NPR,DEBIT,COMPLETED,Weekly Groceries,Saleways,Groceries
f942caa1-20e1-42ee-a4c4-eb745c49bffd,ACC-STUDENT-004,2025-11-10T17:02:00Z,323.27,NPR,DEBIT,COMPLETED,Micro Fare,InDrive,Transport
f2d89237-e88f-4552-8a0c-592eb73b4661,ACC-STUDENT-001,2025-07-29T19:16:00Z,530.62,NPR,DEBIT,COMPLETED,Snacks,Boba Shop,Food
8491d534-1609-44c6-82cb-b07b900ceafe,ACC-STUDENT-004,2025-09-21 19:49:00,478.16,NPR,DEBIT,COMPLETED,Lunch,Boba Shop,Food
8e163f35-729d-4ac2-9ed4-4f47c595f4d0,ACC-STUDENT-003,2025-01-19T12:00:00Z,2175.71,NPR,DEBIT,COMPLETED,Vegetables & Fruits,Saleways,Groceries
d30cfb36-5aa3-4a96-93ec-c05ea881b56f,ACC-STUDENT-003,2025-07-12T12:00:00Z,4037.63,NPR,DEBIT,COMPLETED,Dairy Products,Bhatbhateni,Groceries
b8813938-8755-4ec8-9bb8-46b56ec5ee9c,ACC-STUDENT-002,2025-12-02T13:49:00Z,683.99,NPR,DEBIT,COMPLETED,Dinner,Burger House,Food
b74e64fa-2690-45a2-aa4b-0eb0ffaa0f46,ACC-STUDENT-003,2025-02-15T12:00:00Z,2894.82,NPR,DEBIT,COMPLETED,Vegetables & Fruits,Local Grocery,Groceries
11d05ed7-4da5-4c51-ae60-acaca499f0fb,ACC-STUDENT-001,2025-04-16T12:35:00Z,502.41,NPR,DEBIT,COMPLETED,Dinner,Boba Shop,Food
370d2b3f-8449-4cf0-aa7c-19589ca14a8f,ACC-STUDENT-005,2025-04-06T19:35:00Z,523.01,NPR,DEBIT,COMPLETED,Lunch,Bakery,Food
9850b9fa-42e0-4b64-be21-4c7c207997d2,ACC-STUDENT-004,2025-03-06T09:17:00Z,235.79,NPR,DEBIT,COMPLETED,Daily Commute,Sajha Yatayat,Transport
ef8dff5a-5384-4dda-9f4c-b035f68c505a,ACC-STUDENT-003,2025/05/31,417.27,NPR,DEBIT,COMPLETED,Dinner,Boba Shop,Food
69e9a91a-3cf7-47cd-a640-02713319d198,ACC-STUDENT-005,2025-08-11T18:14:00Z,440.67,NPR,DEBIT,COMPLETED,Micro Fare,Local Taxi,Transport
87cd1db5-dfff-4c5e-a8c0-8647830583b4,ACC-STUDENT-003,2025-03-08T12:59:00Z,479.09,NPR,DEBIT,COMPLETED,Meals,Local Eatery,Food
c9163234-e489-48ba-bb41-b3dbecc06791,ACC-STUDENT-005,2025-12-01T09:00:00Z,34849.05,NPR,CREDIT,COMPLETED,Monthly Allowance,Family Transfer,Income
b1d72786-cd8e-4f52-a1fe-8d7b640f256b,ACC-STUDENT-003,2025-03-11T09:01:00Z,122.9,NPR,DEBIT,COMPLETED,Bus Ticket,Pathao,Transport
375026e9-83f3-45c5-9297-8ccfb11d7e17,ACC-STUDENT-002,2025-04-29T19:57:00Z,716.55,NPR,DEBIT,COMPLETED,Snacks,Burger House,Food
6de794d9-73ad-44e0-83a9-206e05c9b70a,ACC-STUDENT-001,2025-04-23T08:30:00Z,224.69,NPR,DEBIT,COMPLETED,Chiya,Local Tea Stall,Coffee
fc427ce7-4ddc-4b43-9a67-942d6d12a752,ACC-STUDENT-002,2025-04-14T20:49:00Z,281.13,NPR,DEBIT,COMPLETED,Lunch,Restaurant,food
adec705f-11ff-45a8-a059-ae8a361d557f,ACC-STUDENT-003,2025-12-24T13:51:00Z,542.98,NPR,DEBIT,COMPLETED,Meals,Burger House,food
339eee3b-6a69-4725-b609-cb6835f270a6,ACC-STUDENT-005,2025-09-30T20:51:00Z,531.58,NPR,DEBIT,COMPLETED,Dinner,Burger House,Food
0d233d7f-1a35-4e94-9018-0799c0ebd0ae,ACC-STUDENT-003,2025-04-18T09:31:00Z,443.98,NPR,DEBIT,COMPLETED,Taxi Ride,Pathao,Transport
2c3b394a-63ce-4d47-97be-67d19ef02d46,ACC-STUDENT-001,2025-09-16T18:53:00Z,168.51,NPR,DEBIT,COMPLETED,Taxi Ride,Bus,Transport
33f4ed29-09e5-4962-a28e-57325454040b,ACC-STUDENT-003,2025-09-28T12:00:00Z,1723.34,NPR,DEBIT,COMPLETED,Weekly Groceries,Saleways,Groceries
26b93084-cbd2-49b2-a232-a73dd5ce1fb9,ACC-STUDENT-005,2025-08-05T20:58:00Z,249.55,NPR,DEBIT,COMPLETED,Dinner,Cafe,Food
1982f7aa-87f1-49bf-897a-dd181f1b8de1,ACC-STUDENT-004,2025-01-15T12:14:00Z,326.4,NPR,DEBIT,COMPLETED,Dinner,Restaurant,Food
94b0000b-313b-4408-8417-c20eacf9fb52,ACC-STUDENT-002,2025-10-01T13:06:00Z,-321.78,NPR,DEBIT,COMPLETED,Coke and Momo,Local Eatery,Food
4e8668e6-c91c-4264-9e91-cf3385a89b17,ACC-STUDENT-004,2025-12-31T08:30:00Z,267.74,NPR,DEBIT,COMPLETED,Chiya,Red Mug Cafe,Coffee
6f50a44c-1025-46a0-adb3-057285aeeba5,ACC-STUDENT-002,2025-09-02T10:00:00Z,13790.58,NPR,DEBIT,COMPLETED,House Rent,Rent House Ltd,Utilities
fd1c3c0a-eb52-4484-b698-fc5eeeadf0fe,ACC-STUDENT-004,2025-07-20T18:30:00Z,1070.83,NPR,DEBIT,COMPLETED,Popcorn & Soda,One Cinemas,Entertainment
c8d9f085-7cd8-496e-b7b6-7b9582484051,ACC-STUDENT-003,2025-03-31T13:09:00Z,496.88,NPR,DEBIT,COMPLETED,Lunch,Cafe,Food
e24d7c83-3a45-4b5b-a06c-b98ab3bd1550,ACC-STUDENT-001,2025-02-06T17:28:00Z,248.97,NPR,DEBIT,COMPLETED,Ride Sharing,InDrive,Transport
2b2f90fd-cba4-4afb-be6b-c408a3395e6f,ACC-STUDENT-005,2025-10-24T14:30:00Z,6639.53,NPR,CREDIT,COMPLETED,Monthly Allowance,Freelance Work,Income
871b0636-fee6-48b0-aa19-a80f5421ebc2,ACC-STUDENT-002,2025-06-23T09:25:00Z,132.66,NPR,DEBIT,COMPLETED,Bus Ticket,InDrive,Transport
4e785e44-4d20-4f3b-92d1-bef7fcb9633b,ACC-STUDENT-005,2025-12-11T09:16:00Z,344.04,NPR,DEBIT,COMPLETED,Taxi Ride,Pathao,Transport
86ef9ae3-4f48-46ea-a345-d2b9b2ce4665,ACC-STUDENT-005,2025-05-10T12:00:00Z,2245.75,NPR,DEBIT,COMPLETED,Monthly Supplies,Fresh Vegetable Vendor,Groceries
24507433-a5d6-480e-8e91-67a7a27bf8c4,ACC-STUDENT-003,2025-03-21T09:08:00Z,131.5,NPR,DEBIT,COMPLETED,Taxi Ride,Bus,Transport
1ba98700-b26f-4d40-8217-22153fb01482,ACC-STUDENT-001,2025-06-05T08:30:00Z,345.98,NPR,DEBIT,COMPLETED,Latte,Coffee Point,Coffee
749b38bf-81d6-4577-afca-da205fb0303b,ACC-STUDENT-003,2025-12-21T12:00:00Z,2976.69,NPR,DEBIT,COMPLETED,Monthly Supplies,Saleways,Groceries
141907c8-f3f8-4a77-bb6c-dfc355f7eacf,ACC-STUDENT-002,2025-12-24T17:52:00Z,412.35,NPR,DEBIT,COMPLETED,Micro Fare,Microbus,Transport
323de9bd-f109-4007-9c6c-118b1d1004ac,ACC-STUDENT-003,2025-11-15T18:43:00Z,145.94,NPR,DEBIT,COMPLETED,Ride Sharing,Pathao,Transport
89f010e6-81c6-4d9a-ae7e-25fe025f32a1,ACC-STUDENT-003,2025-02-13T19:04:00Z,442.17,NPR,DEBIT,COMPLETED,Breakfast,Cafe,Food
1dca5a72-97bf-4eb7-bc4e-a52ad136d2ac,ACC-STUDENT-003,2025-07-25T17:55:00Z,164.25,NPR,DEBIT,COMPLETED,Micro Fare,InDrive,Transport
7f758c84-3b72-4ddc-b212-4a4a05a3c81d,ACC-STUDENT-001,2026-01-04T09:52:00Z,248.87,NPR,DEBIT,COMPLETED,Bus Ticket,InDrive,Transport
451ff809-eda7-42fa-a67b-6d80980c3eab,ACC-STUDENT-003,2025-06-20T09:39:00Z,341.73,NPR,DEBIT,COMPLETED,Daily Commute,Local Taxi,Transport
78749141-51f6-4661-9d37-b21252286f31,ACC-STUDENT-005,2025-09-22T19:38:00Z,625.94,NPR,DEBIT,COMPLETED,Breakfast,Local Eatery,Food
fd79656d-ab5a-4a71-966f-acf19a5af2f5,ACC-STUDENT-004,2025-03-07T19:37:00Z,728.87,NPR,DEBIT,COMPLETED,Dinner,Boba Shop,Food
6e67615a-998f-4e7b-91a4-c4d7138b171e,ACC-STUDENT-005,2025-03-20T18:47:00Z,311.93,NPR,DEBIT,COMPLETED,Taxi Ride,Sajha Yatayat,Transport
f5a43db7-4e02-480c-886a-5d235de92a2e,ACC-STUDENT-001,2025-07-09T09:42:00Z,315.03,NPR,DEBIT,COMPLETED,Ride Sharing,Sajha Yatayat,Transport
bd0f397d-7f97-4ad3-bd70-6c8a83c56830,ACC-STUDENT-005,2025-12-23T12:59:00Z,641.52,NPR,DEBIT,COMPLETED,Dinner,Burger House,Food
be9c6629-6069-428e-a0b6-d28ee3b8830b,ACC-STUDENT-003,2025-06-12T19:18:00Z,523.16,NPR,DEBIT,COMPLETED,Meals,Burger House,Food
caab84fb-c495-457d-a2f0-9f4e7e8ba7a9,ACC-STUDENT-003,2025-06-08T12:02:00Z,763.5,NPR,DEBIT,COMPLETED,Breakfast,Canteen,Food
b54f2c0e-da3c-40a1-816c-312a7de8ed6d,ACC-STUDENT-003,2025-05-19T18:45:00Z,299.75,NPR,DEBIT,COMPLETED,Bus Ticket,InDrive,Transport
a3102280-f743-46a1-b156-24cef1cc5cf4,ACC-STUDENT-003,2025-05-25T12:00:00Z,2973.42,NPR,DEBIT,COMPLETED,Weekly Groceries,Big Mart,Groceries
0e3133f1-b16d-4d16-9857-8e56f2ce4d17,ACC-STUDENT-003,2025-10-28T19:45:00Z,665.48,NPR,DEBIT,COMPLETED,Lunch,Boba Shop,Food
8c28179b-136e-4907-99dd-605f60b6f4c4,ACC-STUDENT-002,2025-02-13T13:05:00Z,635.57,NPR,DEBIT,COMPLETED,Burger & Fries,Restaurant,Food
40afd5d8-6ef3-41cb-8636-ceff7cfe2c0e,ACC-STUDENT-002,2025-09-26T19:26:00Z,404.4,NPR,DEBIT,COMPLETED,Snacks,Bakery,Food
ac44dc89-1875-418f-a2db-3e55eee3de2a,ACC-STUDENT-003,2025-12-25T17:04:00Z,200.85,NPR,DEBIT,COMPLETED,Taxi Ride,InDrive,Transport
13f8ac48-989a-41e8-8335-d59c80ee9248,ACC-STUDENT-004,2025-11-28T12:00:00Z,616.96,NPR,DEBIT,COMPLETED,Lunch,Restaurant,Food
383507b4-a115-4af9-85ab-8dd027385584,ACC-STUDENT-001,2025-09-15T17:57:00Z,314.07,NPR,DEBIT,COMPLETED,Daily Commute,Sajha Yatayat,Transport
84d73dcf-16d2-429a-854d-5a2285e4f2f0,ACC-STUDENT-002,2025-11-06T13:24:00Z,748.76,NPR,DEBIT,COMPLETED,Lunch,Bakery,food
63501734-68dc-4acd-b16d-dcde3bf78087,ACC-STUDENT-002,2025-07-31T18:21:00Z,73.92,NPR,DEBIT,COMPLETED,Taxi Ride,Local Taxi,Transport
b4dd4cc6-8cd4-4062-8180-576725dc8a95,ACC-STUDENT-003,2025-03-10T09:45:00Z,250.1,NPR,DEBIT,COMPLETED,Daily Commute,Bus,transport
5fe286ec-16ed-4a23-9265-fcfd00006883,ACC-STUDENT-004,2025-07-06T17:27:00Z,305.78,NPR,DEBIT,COMPLETED,Bus Ticket,InDrive,Transport
3ffa0ca4-807b-45a9-8c35-4c03a6d7f609,ACC-STUDENT-001,2025-04-25 08:30:00,191.4,NPR,DEBIT,COMPLETED,Latte,Red Mug Cafe,Coffee
3d9a5317-b8fe-4451-a545-f5f11d835d42,ACC-STUDENT-001,2025-12-04T13:01:00Z,617.83,NPR,DEBIT,COMPLETED,Burger & Fries,Cafe,FOOD
3e167d76-419f-4023-8c37-628899aeb3c1,ACC-STUDENT-004,2025-11-15T16:20:00Z,5740.85,NPR,DEBIT,COMPLETED,Gift for Mom,Miniso,Shopping
8db7f877-022d-4cc0-bb91-d8e2a0f03d08,ACC-STUDENT-005,2025-01-31T12:42:00Z,400.49,NPR,DEBIT,COMPLETED,Dinner,Local Eatery,Food
fe93a84b-cf18-49d5-9ab9-bee2b67a6174,ACC-STUDENT-003,2025-04-01T13:10:00Z,566.09,NPR,DEBIT,COMPLETED,Breakfast,Canteen,Food
5ca41fe1-29f9-412b-a1b5-c2b6ee4aafaf,ACC-STUDENT-004,2025-03-09T12:00:00Z,4238.23,NPR,DEBIT,COMPLETED,Vegetables & Fruits,Local Grocery,Groceries
1ef27fb8-e94c-4fe3-b2c3-9f64fd99824b,ACC-STUDENT-005,2026-01-05T20:11:00Z,484.15,NPR,DEBIT,COMPLETED,Burger & Fries,Canteen,Food
54166025-9b2a-47cc-acb0-1fc22a985c24,ACC-STUDENT-002,2025-06-28T12:00:00Z,"Rs. 3,686.16",NPR,DEBIT,COMPLETED,Dairy Products,Saleways,Groceries
9fbef8ec-20d3-4428-bcf0-e6a8c36ccff2,ACC-STUDENT-001,2025-06-28T12:37:00Z,212.13,NPR,DEBIT,COMPLETED,Lunch,Burger House,Food
c0eee868-f6c0-451b-8d9a-c06dc1a2ddf5,ACC-STUDENT-005,2025-05-10T13:46:00Z,608.46,NPR,DEBIT,COMPLETED,Meals,Burger House,Food
c78b5770-deed-4035-bf47-730c00ee7036,ACC-STUDENT-004,2025-06-07 13:50:00,760.59,NPR,DEBIT,COMPLETED,Snacks,Restaurant,Food
92c4cb38-f13e-4210-b48a-c6844cc4a3f9,ACC-STUDENT-002,2025-05-02T18:39:00Z,407.28,NPR,DEBIT,COMPLETED,Taxi Ride,Sajha Yatayat,Transport
4a53b10b-778b-46ba-bd48-abfd4d09f9d3,ACC-STUDENT-001,2025-09-14T12:58:00Z,208.61,NPR,DEBIT,COMPLETED,Dinner,Burger House,Food
4369b6c0-75e1-4485-8361-e0dd3e279dee,ACC-STUDENT-004,2025-06-05T11:15:00Z,2460.51,NPR,DEBIT,COMPLETED,WiFi Internet,Worldlink,Utilities
bbc7098d-3cd7-409a-8bdb-88534cd343e3,ACC-STUDENT-004,2025-05-07T17:04:00Z,395.86,NPR,DEBIT,COMPLETED,Ride Sharing,Pathao,Transport
13ec8cbb-8cdf-4391-ad7d-3ab091eb7562,ACC-STUDENT-002,2025-11-12T13:23:00Z,418.38,NPR,DEBIT,COMPLETED,Dinner,Cafe,Food
818e7d7b-115e-4b8c-b378-d3ff8b48d058,ACC-STUDENT-002,2025-11-11T17:53:00Z,420.04,NPR,DEBIT,COMPLETED,Daily Commute,Local Taxi,Transport
48f3a2ac-001d-448e-98c1-588d641cb695,ACC-STUDENT-004,2025-07-29T09:41:00Z,263.19,NPR,DEBIT,COMPLETED,Micro Fare,InDrive,Transport
30cf61e7-8656-4500-8a44-5caacf206951,ACC-STUDENT-005,2025-12-17T12:14:00Z,546.36,NPR,DEBIT,COMPLETED,Dinner,Restaurant,Food
ad9f344c-c8de-48b3-a040-9492c8a65cbf,ACC-STUDENT-003,2025-05-26T19:46:00Z,485.33,NPR,DEBIT,COMPLETED,Burger & Fries,Cafe,Food
19d70714-8a6b-4ca8-8400-d79603f045c2,ACC-STUDENT-001,2025-11-24T19:26:00Z,379.39,NPR,DEBIT,COMPLETED,Breakfast,Restaurant,Food
c3532ea2-3ed5-4ffd-a689-495e467a90d0,ACC-STUDENT-002,2025-03-23T12:00:00Z,2860.23,NPR,DEBIT,COMPLETED,Monthly Supplies,Local Grocery,Groceries
814d4f23-962a-4c06-8ef2-514be08cef35,ACC-STUDENT-003,2025-07-22T20:08:00Z,396.29,NPR,DEBIT,COMPLETED,Breakfast,Local Eatery,Food
f8731bc7-55e9-4210-ab86-d8fe226f1096,ACC-STUDENT-004,2025-12-05T13:09:00Z,169.04,NPR,DEBIT,COMPLETED,Coke and Momo,Boba Shop,Food
e8c6241f-82b7-47a7-8af8-dbf8708916c8,ACC-STUDENT-005,2025-09-03T08:30:00Z,182.57,NPR,DEBIT,COMPLETED,Cappuccino,Local Tea Stall,Coffee
b8ff5f30-f80d-4216-95c7-1313e4762402,ACC-STUDENT-003,2025-06-05T18:58:00Z,236.98,NPR,DEBIT,COMPLETED,Daily Commute,InDrive,Transport
2d236317-ae67-4a5a-ba3f-0b182ff8d2db,ACC-STUDENT-004,2025-03-02T07:00:00Z,3144.35,NPR,DEBIT,COMPLETED,Hotel Stay,Sajha Yatayat Deluxe,Travel
7326d3b1-765b-438d-a2bc-b2eac4599f8a,ACC-STUDENT-003,2025-03-15T19:25:00Z,442.39,NPR,DEBIT,COMPLETED,Breakfast,Boba Shop,Food
cd389f1c-1c08-4da8-943f-d4a3ce963277,ACC-STUDENT-004,2025-05-21T12:29:00Z,621.04,NPR,DEBIT,COMPLETED,Meals,Bakery,Food
535fc130-4939-4ac7-bdd1-c20dac23e87a,ACC-STUDENT-005,2025-05-19T17:15:00Z,299.69,NPR,DEBIT,COMPLETED,Daily Commute,Sajha Yatayat,Transport
b7e894cf-76f5-43e2-8bca-fce823bcb7b2,ACC-STUDENT-002,2025-12-16T09:06:00Z,356.18,NPR,DEBIT,COMPLETED,Bus Ticket,Pathao,Transport
061a7d71-86b7-4222-a754-531fa51a3a02,ACC-STUDENT-005,2025-06-30T18:28:00Z,171.24,NPR,DEBIT,COMPLETED,Daily Commute,,Transport
5e295d75-f702-44e9-af0f-64ba198613e4,ACC-STUDENT-003,2025-07-05T13:20:00Z,485.48,NPR,DEBIT,COMPLETED,Lunch,Bakery,Food
d385b7e4-f0d1-40e3-923c-b7b0ea8a5d42,ACC-STUDENT-005,2025-07-04T12:10:00Z,556.06,NPR,DEBIT,COMPLETED,Coke and Momo,Restaurant,Food
20045b54-e94a-4584-9211-9a7b773c256a,ACC-STUDENT-005,2026-01-01T12:46:00Z,412.27,NPR,DEBIT,COMPLETED,Burger & Fries,Bakery,Food
41b50f31-a9ff-480e-a83b-8447702a94d0,ACC-STUDENT-003,2025-03-30T16:20:00Z,5177.8,NPR,DEBIT,COMPLETED,Gift for Mom,Local Store,Shopping
24794f69-1144-4d25-81bc-520bdf3f711c,ACC-STUDENT-004,2025-11-02T09:05:00Z,305.94,NPR,DEBIT,COMPLETED,Micro Fare,Sajha Yatayat,Transport
4197d732-396d-454b-a03d-a8e839d5db55,ACC-STUDENT-005,2025-11-04T17:25:00Z,411.0,NPR,DEBIT,COMPLETED,Ride Sharing,Local Taxi,Transport
96322fc0-2b7b-4894-9dc3-653560590d42,ACC-STUDENT-003,2025-04-10T20:47:00Z,409.9,NPR,DEBIT,COMPLETED,Burger & Fries,Restaurant,Food
af624a77-4022-462a-a063-f45170837a16,ACC-STUDENT-003,2025-10-06T13:45:00Z,797.7,NPR,DEBIT,COMPLETED,Dinner,Local Eatery,Food
036c3887-d9f5-47eb-abec-dfe78718aee8,ACC-STUDENT-004,2025-10-13T20:27:00Z,779.98,NPR,DEBIT,COMPLETED,Coke and Momo,Bakery,Food
d6fa8604-55ca-4463-99ac-defe06a226b9,ACC-STUDENT-004,2025-05-14 08:30:00,210.01,NPR,DEBIT,COMPLETED,Latte,Himalayan Java,Coffee
d52c83f4-d10f-4ad2-b8af-fff8c7de5f06,ACC-STUDENT-005,2025-11-14T08:30:00Z,179.5,NPR,DEBIT,COMPLETED,Americano,Red Mug Cafe,Coffee
fcb75478-15d8-4bfa-84ab-9e74ee348b37,ACC-STUDENT-002,2025-08-11T18:32:00Z,217.9,NPR,DEBIT,COMPLETED,Bus Ticket,InDrive,Transport
9c94b2a0-d1f6-4aa1-8a5a-57d74eb81285,ACC-STUDENT-002,2025-05-27T09:39:00Z,257.16,NPR,DEBIT,COMPLETED,Taxi Ride,Local Taxi,Transport
9c37702e-6f67-4112-a1bf-d3d0073c35bb,ACC-STUDENT-003,2026-01-08T19:20:00Z,295.29,NPR,DEBIT,COMPLETED,,Burger House,Food
273856eb-7de7-45fd-a671-5a0764a2a3f8,ACC-STUDENT-002,2025-12-28T12:00:00Z,1834.44,NPR,DEBIT,COMPLETED,Dairy Products,Saleways,Groceries
e462d56a-1b5d-4f81-a139-f00535f6b8a5,ACC-STUDENT-004,2025-08-26T13:27:00Z,462.9,NPR,DEBIT,COMPLETED,Snacks,Cafe,Food
e2c01cfe-abbe-4a8f-9b6d-06edd2c9c898,ACC-STUDENT-003,2025-06-25T13:28:00Z,198.32,NPR,DEBIT,COMPLETED,Coke and Momo,Local Eatery,Food
4d11687c-1597-40fd-89c5-edfbb8a02069,ACC-STUDENT-002,2025-04-05T11:15:00Z,1597.24,NPR,DEBIT,COMPLETED,WiFi Internet,Worldlink,Utilities
6ee5bf1e-8204-4880-a92a-8b02773c5bf7,ACC-STUDENT-002,2025-05-12T12:22:00Z,783.2,NPR,DEBIT,COMPLETED,Lunch,Canteen,Food
9e2911a1-9841-47ac-b59d-578a10842792,ACC-STUDENT-005,2025-08-13T17:34:00Z,101.85,NPR,DEBIT,COMPLETED,Micro Fare,Bus,Transport
38337c41-ff8d-45f9-9157-ed1fabc35e0d,ACC-STUDENT-003,2025/01/17,391.09,NPR,DEBIT,COMPLETED,Coke and Momo,Cafe,Food
7633f3da-9e9d-4c44-997b-6681496039cf,ACC-STUDENT-004,2025-06-11T19:05:00Z,464.16,NPR,DEBIT,COMPLETED,Lunch,Burger House,Food
b1a2bdfe-6685-402e-8ace-c8e2ca11444c,ACC-STUDENT-001,2025-06-04T19:19:00Z,372.99,NPR,DEBIT,COMPLETED,Breakfast,Cafe,Food
6e07b60c-487a-4842-b3ce-151d807bc217,ACC-STUDENT-005,2025-04-14T19:52:00Z,526.82,NPR,DEBIT,COMPLETED,Dinner,Boba Shop,Food
f1d4e8d4-ae44-4a5a-8a58-7880eaf52616,ACC-STUDENT-001,2025-10-24T14:30:00Z,3676.26,NPR,CREDIT,COMPLETED,Monthly Allowance,Tutoring,Income
f4df67fa-9a0f-4f6f-ba0d-7ce819066eeb,ACC-STUDENT-003,2025-11-29T17:19:00Z,295.14,NPR,DEBIT,COMPLETED,Micro Fare,Sajha Yatayat,transport
2fdaced4-7ca5-49d2-802d-5907610faa2a,ACC-STUDENT-002,2025-12-17T20:20:00Z,238.48,NPR,DEBIT,COMPLETED,,Canteen,Food
081b9147-16e7-46d9-85a8-cb6be7f8e6fe,ACC-STUDENT-005,2025-08-10T12:09:00Z,376.21,NPR,DEBIT,COMPLETED,Dinner,Local Eatery,Food
fb5625f2-a618-4965-90fe-e468554fd449,ACC-STUDENT-002,2025-10-25T20:42:00Z,631.28,NPR,DEBIT,COMPLETED,Burger & Fries,Canteen,Food
bf5689c1-99c9-4513-a9f4-51fba5df8a04,ACC-STUDENT-002,2026-01-01T09:01:00Z,301.98,NPR,DEBIT,COMPLETED,Bus Ticket,Microbus,Transport
e3a5ac6b-aa75-4954-8f6b-6c6830519d30,ACC-STUDENT-002,2025-02-14T20:51:00Z,346.73,NPR,DEBIT,COMPLETED,Lunch,Cafe,Food
bd71cfee-2361-4fc2-a033-b8fd623aab37,ACC-STUDENT-001,2025-01-21T08:30:00Z,190.75,NPR,DEBIT,COMPLETED,Chiya,Red Mug Cafe,Coffee
04e1a16b-8085-4936-a5d7-c500e9138d7a,ACC-STUDENT-002,2025-11-20T17:40:00Z,129.44,NPR,DEBIT,COMPLETED,Bus Ticket,Sajha Yatayat,Transport
d86ea813-909f-49f0-9c28-f7f29a60e2a2,ACC-STUDENT-001,2025-11-23T12:15:00Z,457.09,NPR,DEBIT,COMPLETED,Coke and Momo,Burger House,Food
c434be28-ad21-499d-8a4e-0eca625a51b4,ACC-STUDENT-003,2025-10-24T09:46:00Z,109.26,NPR,DEBIT,COMPLETED,Bus Ticket,Microbus,Transport
c1ca6ffa-fe76-4225-85b3-33410191dcf1,ACC-STUDENT-002,2025-03-26T08:30:00Z,266.97,NPR,DEBIT,COMPLETED,Iced Coffee,Coffee Point,Coffee
60a714db-7e07-4b42-a002-c3a323a6d0c4,ACC-STUDENT-005,2025-05-07T09:21:00Z,324.87,NPR,DEBIT,COMPLETED,Taxi Ride,Sajha Yatayat,Transport
a616368a-99ef-4053-9a89-c95ea8a4c160,ACC-STUDENT-004,2025-10-21T08:30:00Z,127.46,NPR,DEBIT,COMPLETED,Americano,Local Tea Stall,coffee
7b44c7a8-4f97-4017-9864-9ef77591371d,ACC-STUDENT-003,2025-03-19T08:30:00Z,271.49,NPR,DEBIT,COMPLETED,Cappuccino,Coffee Point,Coffee
f0726349-3889-4ee7-99e9-c24e529e53d6,ACC-STUDENT-001,2025-05-19T20:02:00Z,515.64,NPR,DEBIT,COMPLETED,Lunch,Burger House,Food
42d16b69-d354-416a-a3e0-cc3293aa5b03,ACC-STUDENT-003,2025-09-16T20:43:00Z,239.39,NPR,DEBIT,COMPLETED,Snacks,Cafe,Food
8afee7e7-cc8f-4e4e-8acd-9e789a07f7c0,ACC-STUDENT-003,2025-01-30T19:12:00Z,483.72,NPR,DEBIT,COMPLETED,Burger & Fries,Canteen,Food
5a477d8c-f4d6-4a3a-b557-c18cecbe346e,ACC-STUDENT-004,2025-09-25T17:38:00Z,411.14,NPR,DEBIT,COMPLETED,Ride Sharing,Local Taxi,Transport
d4d32d2c-8854-4afe-9bb0-e754fd54128d,ACC-STUDENT-005,2025-04-23T18:04:00Z,163.22,NPR,DEBIT,COMPLETED,Ride Sharing,Local Taxi,Transport
d30cfb36-5aa3-4a96-93ec-c05ea881b56f,ACC-STUDENT-003,2025-07-12T12:00:00Z,4037.63,NPR,DEBIT,COMPLETED,Dairy Products,Bhatbhateni,Groceries
3cb19a51-8905-4cdf-a35d-3b923f16e99a,ACC-STUDENT-005,2025-02-08T09:05:00Z,320.0,NPR,DEBIT,COMPLETED,Bus Ticket,InDrive,Transport
58b2454c-4628-4e48-a16b-4a6f1b85b590,ACC-STUDENT-003,2026-01-11T09:29:00Z,67.59,NPR,DEBIT,COMPLETED,Micro Fare,Local Taxi,Transport
5f3a4d85-9833-4387-922e-249988dc3712,ACC-STUDENT-005,2025-09-19T12:20:00Z,650.85,NPR,DEBIT,COMPLETED,Coke and Momo,Boba Shop,Food
60f14132-d32e-4bae-a779-0487c38896f8,ACC-STUDENT-005,2025-11-19T18:17:00Z,85.18,NPR,DEBIT,COMPLETED,Ride Sharing,Microbus,Transport
179570dc-6ffa-470e-9023-a666ecd04595,ACC-STUDENT-002,2025-12-22T20:42:00Z,693.59,NPR,DEBIT,COMPLETED,Dinner,Canteen,Food
bed5c2d0-5aa3-4d37-a587-f481e7016490,ACC-STUDENT-005,2025-11-18T09:52:00Z,231.77,NPR,DEBIT,COMPLETED,Bus Ticket,Microbus,Transport
78c9cd64-f7ee-451d-95df-51db304e3dc9,ACC-STUDENT-001,2025-11-20T20:24:00Z,432.87,NPR,DEBIT,COMPLETED,Lunch,Burger House,Food
41cc1cc9-e5d9-485c-aad0-0aa339c73c05,ACC-STUDENT-004,2025-02-11T09:48:00Z,222.69,NPR,DEBIT,COMPLETED,Taxi Ride,Microbus,Transport
ea272053-4c29-43ef-9837-366ddd292143,ACC-STUDENT-003,2025-12-21T17:09:00Z,114.95,NPR,DEBIT,COMPLETED,Micro Fare,Pathao,Transport
18fdf041-d73c-4c9f-b75e-026d26946006,ACC-STUDENT-003,2025-12-09T08:30:00Z,192.75,NPR,DEBIT,COMPLETED,Latte,Beans Cafe,Coffee
445627b4-ac3a-4ec9-b380-867a0d1020c6,ACC-STUDENT-004,2025-10-09T13:09:00Z,179.3,NPR,DEBIT,COMPLETED,Meals,Burger House,Food
c913fb7c-7559-4361-ad10-212d3db15511,ACC-STUDENT-004,2025-07-11T12:18:00Z,522.89,NPR,DEBIT,COMPLETED,Dinner,Restaurant,Food
591d1ad7-3c20-4d26-9b1c-0c77b63a987a,ACC-STUDENT-001,2025-03-10T13:39:00Z,312.91,NPR,DEBIT,COMPLETED,Breakfast,Burger House,Food
87f5bb23-35e2-4dde-ba72-b5761a47ae8e,ACC-STUDENT-001,2025-07-09T08:30:00Z,184.14,NPR,DEBIT,COMPLETED,Chiya,Red Mug Cafe,Coffee
2fab43ca-2b0c-446d-8963-9d11bbe33fe3,ACC-STUDENT-001,2025-07-16T18:56:00Z,156.04,NPR,DEBIT,COMPLETED,Taxi Ride,Bus,Transport
2e128c55-99bd-4375-9eb8-6bc93aaefe53,ACC-STUDENT-004,2025-11-09T18:42:00Z,251.17,NPR,DEBIT,COMPLETED,Micro Fare,Bus,Transport
43335414-3127-448f-9e5f-63430153a3af,ACC-STUDENT-003,2025-04-10T19:05:00Z,307.62,NPR,DEBIT,COMPLETED,Burger & Fries,Bakery,FOOD
d697a56d-34fd-431f-b44b-d2d56f252138,ACC-STUDENT-005,2025-04-22T09:07:00Z,162.1,NPR,DEBIT,COMPLETED,Daily Commute,Sajha Yatayat,Transport
a8ab6644-cb4b-4d41-b11e-84b14d06a4f9,ACC-STUDENT-001,2025-04-17T12:04:00Z,351.04,NPR,DEBIT,COMPLETED,Coke and Momo,Burger House,Food
a05c10f8-68f8-4160-8019-2d452e11f352,ACC-STUDENT-002,2025-09-28T13:23:00Z,498.06,NPR,DEBIT,COMPLETED,Lunch,Boba Shop,Food
cdc41277-8508-48cc-9dfd-4073edca293e,ACC-STUDENT-004,2025-04-28T09:25:00Z,404.84,NPR,DEBIT,COMPLETED,Daily Commute,Microbus,Transport
c1ccc74a-a9d8-43ba-9356-ec06304d1223,ACC-STUDENT-003,2025-11-17T08:30:00Z,214.78,NPR,DEBIT,COMPLETED,Cappuccino,,Coffee
9a000ac9-0ac0-4362-adfa-8683e3e48d40,ACC-STUDENT-003,2025-02-03T19:50:00Z,582.21,NPR,DEBIT,COMPLETED,Burger & Fries,Canteen,Food
137edc9e-2adf-4ae6-990f-5a2a846ae7c9,ACC-STUDENT-004,2025-01-19T12:00:00Z,1745.51,NPR,DEBIT,COMPLETED,Vegetables & Fruits,Saleways,Groceries
9c009a58-3f27-408e-8094-fe37b370a8ad,ACC-STUDENT-001,2025-06-02T10:00:00Z,10509.8,NPR,DEBIT,COMPLETED,House Rent,Rent House Ltd,Utilities
889f87f6-3819-4d25-98ab-0b6929fb615c,ACC-STUDENT-002,2025-11-23T20:49:00Z,622.2,NPR,DEBIT,COMPLETED,Lunch,,Food
46b97dcc-c18d-4eeb-827d-c8fb15266d4e,ACC-STUDENT-003,2025-01-14T17:53:00Z,455.48,NPR,DEBIT,COMPLETED,Micro Fare,Local Taxi,Transport
088af8cd-694c-4759-8766-464547c8a22d,ACC-STUDENT-001,2025-08-07T17:22:00Z,452.54,NPR,DEBIT,COMPLETED,Bus Ticket,Local Taxi,Transport
07a71667-a356-4c3f-bcaf-d86b12c8c5e2,ACC-STUDENT-005,2025-05-13T16:20:00Z,2094.31,NPR,DEBIT,COMPLETED,Gift for Mom,Mall,Shopping
f9334e7a-bbba-4c5c-b7b1-4895224b31b0,ACC-STUDENT-002,2025-08-14T13:07:00Z,193.64,NPR,DEBIT,COMPLETED,Lunch,Local Eatery,Food
1b95886a-974b-4082-9984-f1b9ee38dea9,ACC-STUDENT-002,2026-01-05T08:30:00Z,274.1,NPR,DEBIT,COMPLETED,,Beans Cafe,Coffee
05d72bce-e9d7-4631-b635-d491f70e12b1,ACC-STUDENT-004,2025-05-21T08:30:00Z,339.65,NPR,DEBIT,COMPLETED,Chiya,Red Mug Cafe,Coffee
1c79a6d1-8cbe-494c-8890-27cdffa5f883,ACC-STUDENT-001,2025-01-23T12:57:00Z,170.42,NPR,DEBIT,COMPLETED,Dinner,Canteen,Food
929dfe7a-e206-4686-b48f-f5520b52bf4e,ACC-STUDENT-001,2025-07-22T20:32:00Z,408.01,NPR,DEBIT,COMPLETED,,Burger House,Food
5cb7bb2e-8a0b-44f1-b6cc-72b80b1b56e2,ACC-STUDENT-005,2025-07-06T12:55:00Z,543.99,NPR,DEBIT,COMPLETED,,Bakery,Food
9c591a03-221a-4204-b6fc-ca496768015b,ACC-STUDENT-004,2025-03-17T13:29:00Z,311.9,NPR,DEBIT,COMPLETED,Breakfast,Burger House,Food
4ef34b0d-beb9-4ca9-b807-df11d3d6f0eb,ACC-STUDENT-002,2025-02-20T18:02:00Z,278.29,NPR,DEBIT,COMPLETED,Ride Sharing,Microbus,Transport
c8c2c489-be8d-46c7-969d-7b0d4fbb0be5,ACC-STUDENT-005,2025-03-08T12:39:00Z,412.15,NPR,DEBIT,COMPLETED,Burger & Fries,Local Eatery,Food
9de18499-c23e-44da-bf52-8195fa6522a4,ACC-STUDENT-004,2025-06-05T17:35:00Z,457.58,NPR,DEBIT,COMPLETED,Micro Fare,Pathao,Transport
c4f367a7-1855-45af-b97d-c4e917df120e,ACC-STUDENT-005,2025-12-15T08:30:00Z,244.05,NPR,DEBIT,COMPLETED,Latte,Local Tea Stall,Coffee
ac2f297e-9546-4e45-a57a-312d93fc4251,ACC-STUDENT-002,2025-05-07T08:30:00Z,115.47,NPR,DEBIT,COMPLETED,Cappuccino,Red Mug Cafe,Coffee
fdcbcc25-7d14-43ed-978e-b9e256863d34,ACC-STUDENT-003,2025-03-27T12:24:00Z,521.58,NPR,DEBIT,COMPLETED,Dinner,Bakery,Food
a22d2b6c-607c-4bae-8f25-f3d4c4fc5bd8,ACC-STUDENT-004,2025-12-25T20:15:00Z,629.88,NPR,DEBIT,COMPLETED,Burger & Fries,Canteen,Food
883a3079-ef63-4d5c-9335-66855de7e4a2,ACC-STUDENT-003,2025-05-27T16:20:00Z,1711.44,NPR,DEBIT,COMPLETED,Gift for Mom,Mall,Shopping
26ea76fb-e902-4b81-9804-9d649d51d4c2,ACC-STUDENT-003,2025-09-10T18:46:00Z,417.02,NPR,DEBIT,COMPLETED,Daily Commute,Sajha Yatayat,Transport
6996e04f-0fdb-42c6-b124-2b5f035b2122,ACC-STUDENT-001,2025-02-17T12:22:00Z,496.28,NPR,DEBIT,COMPLETED,Coke and Momo,Restaurant,Food
0234954d-b446-41c0-a36a-f89546b97e0e,ACC-STUDENT-002,2025-10-14T09:12:00Z,421.27,NPR,DEBIT,COMPLETED,Bus Ticket,Pathao,Transport
127483f4-6a88-41e6-8235-6f7ff172ae35,ACC-STUDENT-002,2025-02-09T13:22:00Z,582.59,NPR,DEBIT,COMPLETED,Breakfast,Restaurant,Food
c0ca79dd-17a7-48b4-ab41-635737d9f061,ACC-STUDENT-004,2025-01-30T20:31:00Z,644.36,NPR,DEBIT,COMPLETED,Lunch,Local Eatery,Food
a5d04a80-a67c-451a-9ab1-73cd7084ceaf,ACC-STUDENT-002,2025-12-03T17:01:00Z,0.0,NPR,DEBIT,COMPLETED,Micro Fare,Bus,Transport
8952c9d9-12c2-43e9-92e7-cc865275a444,ACC-STUDENT-001,2025-03-04T09:28:00Z,292.36,NPR,DEBIT,COMPLETED,Taxi Ride,Local Taxi,Transport
80b995bc-dcaa-4987-90d5-682af5d0c65b,ACC-STUDENT-001,2025-06-17T12:06:00Z,353.68,NPR,DEBIT,COMPLETED,Dinner,Cafe,Food
0e3a4076-2ade-427b-91c8-51c24de8f769,ACC-STUDENT-004,2025-07-03T13:55:00Z,514.44,NPR,DEBIT,COMPLETED,Lunch,Restaurant,Food
25bc69f6-5bce-4c99-94c8-e735113a7682,ACC-STUDENT-004,2025-10-27T18:36:00Z,221.46,NPR,DEBIT,COMPLETED,Bus Ticket,Pathao,Transport
a1feecf8-b63f-4298-b753-940bff834224,ACC-STUDENT-005,2025-04-13T18:55:00Z,492.45,NPR,DEBIT,COMPLETED,Ride Sharing,Bus,Transport
107109bc-1503-4040-b3bc-be67c97ecfb3,ACC-STUDENT-003,2025-04-17T20:12:00Z,374.31,NPR,DEBIT,COMPLETED,Meals,Canteen,Food
3e3a9cbb-8d0e-4928-9297-6a99c030ec31,ACC-STUDENT-004,2025-12-12T08:30:00Z,213.91,NPR,DEBIT,COMPLETED,Latte,Local Tea Stall,Coffee
fd6a7713-40d4-4e8a-9914-958d1c22ddd8,ACC-STUDENT-001,2025-07-25T18:41:00Z,317.2,NPR,DEBIT,COMPLETED,Taxi Ride,Local Taxi,Transport
b30f8ebb-7071-4f36-b66b-f95a64fddfed,ACC-STUDENT-003,2025-09-13T12:00:00Z,3372.39,NPR,DEBIT,COMPLETED,Vegetables & Fruits,,Groceries
8d17a3d3-e9b4-4876-acfa-de1aae31b879,ACC-STUDENT-005,2025-07-11T20:53:00Z,268.03,NPR,DEBIT,COMPLETED,Snacks,Burger House,Food
94ce9f1a-9343-4e18-8aa4-d93f51ece98c,ACC-STUDENT-002,2025-06-05T18:07:00Z,459.88,NPR,DEBIT,COMPLETED,Daily Commute,Sajha Yatayat,Transport
97a82f7f-484b-428c-aecc-9f7fbd44972a,ACC-STUDENT-004,2025-10-02T08:30:00Z,179.59,NPR,DEBIT,COMPLETED,Iced Coffee,Local Tea Stall,Coffee
4bfa39c8-7c1e-4cb4-9b1f-01f807925af2,ACC-STUDENT-002,2025-08-26T08:30:00Z,345.26,NPR,DEBIT,COMPLETED,Iced Coffee,Coffee Point,Coffee
62728565-aa0a-4ba6-8090-7d91ce9af750,ACC-STUDENT-003,2025-11-22T09:00:00Z,449.82,NPR,DEBIT,COMPLETED,Daily Commute,Pathao,Transport
e6e3af34-e288-4bf3-b27f-e68c3e5ba245,ACC-STUDENT-001,2025-04-23T18:30:00Z,178.59,NPR,DEBIT,COMPLETED,Daily Commute,Bus,Transport
dc857e97-5b20-4562-a466-d2f63b82c81b,ACC-STUDENT-005,2025-04-16T17:28:00Z,318.26,NPR,DEBIT,COMPLETED,Micro Fare,Bus,Transport
0d165e8b-22bc-4ca9-8513-b644ab94a2d0,ACC-STUDENT-002,2025-08-26T20:08:00Z,325.83,NPR,DEBIT,COMPLETED,Meals,Canteen,Food
1d3ac82d-f12d-437c-8ece-68ca3bbd1dc1,ACC-STUDENT-005,2025-04-25T19:19:00Z,-388.27,NPR,DEBIT,COMPLETED,Dinner,Canteen,Food
20706cd5-ed45-4fb4-b393-b14647788f32,ACC-STUDENT-003,2025-12-11T08:30:00Z,265.67,NPR,DEBIT,COMPLETED,Iced Coffee,Local Tea Stall,Coffee
ec5e5365-f544-4bf4-bd63-40e7440e1cb0,ACC-STUDENT-002,2025-03-24T17:37:00Z,448.35,NPR,DEBIT,COMPLETED,Ride Sharing,Pathao,Transport
34b1a327-3ef4-47d8-80ef-ca6041f245ab,ACC-STUDENT-003,2025-09-30T12:31:00Z,488.11,NPR,DEBIT,COMPLETED,Breakfast,Local Eatery,food
e79d738e-c293-4f20-bc6f-c426c763b55f,ACC-STUDENT-003,2025-03-23T09:34:00Z,327.33,NPR,DEBIT,COMPLETED,Ride Sharing,Bus,Transport
f37f534b-d65b-4890-9bdd-cc3a636c69bf,ACC-STUDENT-001,2025-04-24T18:07:00Z,107.9,NPR,DEBIT,COMPLETED,Daily Commute,Sajha Yatayat,Transport
6ab05e55-00b2-4c3b-8151-f4e0267c29e9,ACC-STUDENT-005,2025-08-02T10:00:00Z,13343.98,NPR,DEBIT,COMPLETED,House Rent,Rent House Ltd,Utilities
ff4b2322-00db-4776-8c39-7e3d0c06346a,ACC-STUDENT-005,2025-11-15T08:00:00Z,403.65,NPR,DEBIT,COMPLETED,Spotify Premium,Spotify,Entertainment
dbac501d-decd-4da0-8921-4da268a71665,ACC-STUDENT-004,2025-02-14T18:37:00Z,427.49,NPR,DEBIT,COMPLETED,Taxi Ride,Bus,Transport
4a33ed29-668a-47e5-8860-be3340ba276e,ACC-STUDENT-002,2025-12-27T18:31:00Z,207.77,NPR,DEBIT,COMPLETED,Micro Fare,Local Taxi,Transport
733468d3-6bfc-4a1f-beee-2567ba0084fb,ACC-STUDENT-005,2025-07-02T09:10:00Z,336.5,NPR,DEBIT,COMPLETED,Ride Sharing,Microbus,Transport
609e57bd-3529-4846-b428-24733edd41df,ACC-STUDENT-004,2025-08-15T16:20:00Z,5146.64,NPR,DEBIT,COMPLETED,Birthday Gift,Local Store,Shopping
7b1383af-8d21-4efa-916a-5f6805b02bec,ACC-STUDENT-002,2025-11-10T13:29:00Z,475.14,NPR,DEBIT,COMPLETED,Meals,Boba Shop,Food
4adb43f0-c378-47eb-95ba-94413c10e957,ACC-STUDENT-001,2025-11-05T09:00:00Z,103.19,NPR,DEBIT,COMPLETED,Micro Fare,Microbus,Transport
95d2077b-63f2-4c39-9935-b22493fb863b,ACC-STUDENT-002,2025-10-28T08:30:00Z,179.76,NPR,DEBIT,COMPLETED,Cappuccino,Coffee Point,Coffee
b136a705-f603-4540-80b9-5f225a032191,ACC-STUDENT-004,2025-03-28T12:52:00Z,571.71,NPR,DEBIT,COMPLETED,Breakfast,Restaurant,Food
7927bdf4-a131-44bd-8ab4-d81b04328e85,ACC-STUDENT-004,2025-04-09T09:41:00Z,116.25,NPR,DEBIT,COMPLETED,Daily Commute,Bus,Transport
2e8bb174-4f3c-42fb-b5dc-d798e36627a8,ACC-STUDENT-002,2025-05-21T13:55:00Z,668.76,NPR,DEBIT,COMPLETED,Dinner,Canteen,Food
7a326ef3-abdf-4e0c-beeb-b3871d3d189f,ACC-STUDENT-003,2025-04-18T09:56:00Z,113.15,NPR,DEBIT,COMPLETED,Bus Ticket,InDrive,Transport
25ef771b-a732-4e72-976a-66b7db8f8088,ACC-STUDENT-002,2025-05-26T13:53:00Z,500.43,NPR,DEBIT,COMPLETED,Breakfast,Boba Shop,Food
7cbafe1a-52b5-439d-b1b9-ee5125cd6592,ACC-STUDENT-001,2025-12-13T17:12:00Z,201.15,NPR,DEBIT,COMPLETED,Daily Commute,Microbus,Transport
c034077d-e8fc-4751-8081-eb9a42431de2,ACC-STUDENT-002,2025-06-24T14:30:00Z,4565.95,NPR,CREDIT,COMPLETED,Scholarship payout,Scholarship,Income
d0f8ce2c-e90a-46c7-b5de-ad493863d38c,ACC-STUDENT-003,2025-02-02T18:30:00Z,836.12,NPR,DEBIT,COMPLETED,Popcorn & Soda,QFX Cinemas,Entertainment
7fad8223-960d-476d-bb26-1b1308e47623,ACC-STUDENT-002,2025-08-02T12:11:00Z,477.11,NPR,DEBIT,COMPLETED,Coke and Momo,Local Eatery,Food
ed9a0b93-6e9c-4284-b3ae-124c008d4d27,ACC-STUDENT-002,2025-07-31T19:27:00Z,287.84,NPR,DEBIT,COMPLETED,Snacks,Local Eatery,Food
f3aaa589-e983-46cd-bec0-40f4c6ae31af,ACC-STUDENT-005,2025/02/21,301.26,NPR,DEBIT,COMPLETED,Ride Sharing,InDrive,transport
297adc92-76c3-44fc-8988-44fe291cf231,ACC-STUDENT-002,2025-03-03T09:35:00Z,206.89,NPR,DEBIT,COMPLETED,Daily Commute,,transport
a3db93dc-432a-4377-8fd9-a9d9139e5cf2,ACC-STUDENT-001,2025-04-16T17:32:00Z,-150.91,NPR,DEBIT,COMPLETED,Ride Sharing,Pathao,Transport
c56ba264-655a-4036-9419-9213e45b99c6,ACC-STUDENT-001,2025-07-17T18:09:00Z,425.35,NPR,DEBIT,COMPLETED,Taxi Ride,Local Taxi,Transport
07648711-ccb1-47b7-aa1c-84ede400ae71,ACC-STUDENT-005,2025-07-23T19:00:00Z,303.59,NPR,DEBIT,COMPLETED,Lunch,Bakery,Food
ab8599cd-d15d-4dad-8423-2acf16503ecf,ACC-STUDENT-001,2025-11-26T08:30:00Z,143.85,NPR,DEBIT,COMPLETED,Latte,Local Tea Stall,Coffee
aacdc4d7-7cfe-497e-bea0-de20ebe33d46,ACC-STUDENT-003,2025-07-31T16:20:00Z,2183.04,NPR,DEBIT,COMPLETED,Gift for Mom,Local Store,Shopping
a0dd5f45-90b0-4ee6-83b2-5191953b5174,ACC-STUDENT-003,2025-03-07T08:30:00Z,320.16,NPR,DEBIT,COMPLETED,Iced Coffee,Himalayan Java,COFFEE
69a1c733-1848-41d9-aefd-d8bf24871828,ACC-STUDENT-005,2025-04-30T19:34:00Z,777.03,NPR,DEBIT,COMPLETED,Coke and Momo,Restaurant,Food
76bfae10-a05f-4bf1-a8bf-d9117899e90d,ACC-STUDENT-003,2025-04-17T17:50:00Z,369.11,NPR,DEBIT,COMPLETED,Taxi Ride,Sajha Yatayat,Transport
4d54a274-46cd-4857-9bf1-ee14d22454c3,ACC-STUDENT-003,2025/08/21,61.56,NPR,DEBIT,COMPLETED,Bus Ticket,Bus,Transport
40937b54-e5c9-4238-b353-63376c8afd08,ACC-STUDENT-003,2025-08-07T18:01:00Z,235.55,NPR,DEBIT,COMPLETED,Ride Sharing,Pathao,Transport
40ca4fa5-569b-47bb-ab44-e081f74f01e4,ACC-STUDENT-005,2025-04-08T08:30:00Z,309.8,NPR,DEBIT,COMPLETED,Americano,Himalayan Java,Coffee
2d4e543d-abfb-4606-a542-335aae8ba96a,ACC-STUDENT-001,2026-01-01T18:08:00Z,210.82,NPR,DEBIT,COMPLETED,Daily Commute,Local Taxi,Transport
f049d7fa-2127-4e7a-8e66-05c0ee1c9e02,ACC-STUDENT-005,2025-07-31T18:38:00Z,120.9,NPR,DEBIT,COMPLETED,Micro Fare,Microbus,Transport
821044fd-3af5-4dc6-b715-f202dfc48ec6,ACC-STUDENT-005,2025-09-06T17:57:00Z,Rs. 341.84,NPR,DEBIT,COMPLETED,Micro Fare,Pathao,Transport
6c51a683-9406-4caf-a4c6-6e2a7e5e9bce,ACC-STUDENT-003,2025-07-04 18:04:00,373.73,NPR,DEBIT,COMPLETED,Micro Fare,Sajha Yatayat,Transport
65e0a321-77a8-4d21-8e8a-dd77f182c435,ACC-STUDENT-002,2025-03-14T12:29:00Z,390.81,NPR,DEBIT,COMPLETED,Lunch,Bakery,Food
f726360d-641c-404c-91c0-ff1ecb27792d,ACC-STUDENT-002,2025-02-03T13:57:00Z,513.71,NPR,DEBIT,COMPLETED,Burger & Fries,Cafe,Food
a1bfd3d3-edf0-411b-8415-090d7626011b,ACC-STUDENT-004,2025-09-17T09:49:00Z,468.25,NPR,DEBIT,COMPLETED,Ride Sharing,Sajha Yatayat,Transport
e62a209b-283f-40b1-9cf0-93e7c95a7cce,ACC-STUDENT-001,2025-10-29T20:53:00Z,569.97,NPR,DEBIT,COMPLETED,Meals,Burger House,Food
fa7e3d8d-c279-45bd-bc7e-a0d170570c40,ACC-STUDENT-005,2025-06-29T12:00:00Z,3674.54,NPR,DEBIT,COMPLETED,Vegetables & Fruits,Big Mart,Groceries
94cf5fdf-f578-4dc0-b9e8-c771ec5dc26c,ACC-STUDENT-005,2025-06-14T18:07:00Z,480.76,NPR,DEBIT,COMPLETED,Bus Ticket,Sajha Yatayat,Transport
f7afb41d-f126-4f0e-8d77-26b164ae8534,ACC-STUDENT-004,2025-08-14T19:34:00Z,334.23,NPR,DEBIT,COMPLETED,Meals,Burger House,Food
c11241a0-3a6d-470d-939f-f3c5d5b20e5a,ACC-STUDENT-005,2025-05-19T12:17:00Z,669.51,NPR,DEBIT,COMPLETED,Snacks,Burger House,Food
46bb16f1-a8aa-4157-aa3f-e4bd9cbcebea,ACC-STUDENT-001,2025-09-27T17:23:00Z,235.49,NPR,DEBIT,COMPLETED,Ride Sharing,Local Taxi,Transport
d327fdec-b048-4d87-87fd-ee7d78124ad3,ACC-STUDENT-005,2025-04-28T20:04:00Z,324.13,NPR,DEBIT,COMPLETED,Coke and Momo,Local Eatery,Food
3cab413f-9d48-4872-93db-fb1f463ed3fe,ACC-STUDENT-002,2025-04-28T18:07:00Z,252.8,NPR,DEBIT,COMPLETED,Ride Sharing,Pathao,Transport
9a45838a-3264-4584-ade6-d7c5ef3cc81b,ACC-STUDENT-002,2025-05-19 18:09:00,291.16,NPR,DEBIT,COMPLETED,Daily Commute,Microbus,Transport
7616227c-0798-47b1-a000-b96b3233bbc3,ACC-STUDENT-004,2025-06-18T18:21:00Z,302.39,NPR,DEBIT,COMPLETED,Taxi Ride,Pathao,Transport
affdf83a-9a3f-4da1-a26e-305183d0e070,ACC-STUDENT-002,2025-05-16T08:30:00Z,144.98,NPR,DEBIT,COMPLETED,Cappuccino,Local Tea Stall,Coffee
62a3d62b-a477-4415-afbe-d53aaceff9fd,ACC-STUDENT-002,2025-04-15T08:30:00Z,320.57,NPR,DEBIT,COMPLETED,Latte,Red Mug Cafe,Coffee
28e5e557-9036-4b42-887d-a90a8f034d60,ACC-STUDENT-005,2025-07-11T13:25:00Z,176.24,NPR,DEBIT,COMPLETED,Meals,Bakery,Food
27d2360d-b29b-4184-9867-a33f55b32bb3,ACC-STUDENT-001,2025-05-18T19:24:00Z,453.06,NPR,DEBIT,COMPLETED,Coke and Momo,Restaurant,Food
90f8d404-5d16-4684-b309-9bd8b6091263,ACC-STUDENT-002,2025-06-04T13:41:00Z,329.37,NPR,DEBIT,COMPLETED,,Bakery,Food
54947621-d97e-498b-b2bb-dfd54dd406d3,ACC-STUDENT-005,2025-12-30T08:30:00Z,295.64,NPR,DEBIT,COMPLETED,Cappuccino,Beans Cafe,Coffee
171ba53a-d009-4243-aefa-a212d6222ed2,ACC-STUDENT-003,2026-01-08T17:56:00Z,111.43,NPR,DEBIT,COMPLETED,Bus Ticket,Bus,Transport
3e057851-1323-4256-bfe3-ec4a62658437,ACC-STUDENT-004,2025-02-19T09:06:00Z,272.72,NPR,DEBIT,COMPLETED,Ride Sharing,Local Taxi,Transport
4cead57d-b6c1-47b6-82ea-159d71ca3e03,ACC-STUDENT-001,2025-03-21T19:22:00Z,217.34,NPR,DEBIT,COMPLETED,Burger & Fries,Cafe,Food
ef14f031-c455-4bfb-b306-eea1207f8d20,ACC-STUDENT-005,2025-11-04T08:30:00Z,286.73,NPR,DEBIT,COMPLETED,Americano,Red Mug Cafe,Coffee
fd4a3611-4889-44f2-9025-b2e7842a4ee4,ACC-STUDENT-002,2025-10-02T10:00:00Z,11279.49,NPR,DEBIT,COMPLETED,House Rent,Rent House Ltd,Utilities
c1651bff-f17d-4d73-a0d5-b7a587c96b4c,ACC-STUDENT-005,2025-02-17T17:29:00Z,205.32,NPR,DEBIT,COMPLETED,Bus Ticket,Pathao,Transport
287e855d-1384-41c3-a03a-971135c05b28,ACC-STUDENT-005,2025-01-27T07:00:00Z,5370.95,NPR,DEBIT,COMPLETED,Hotel Stay,Yeti Airlines,Travel
7672698a-0d17-46be-834d-f34e8a454157,ACC-STUDENT-003,2025-12-26T09:23:00Z,387.13,NPR,DEBIT,COMPLETED,Bus Ticket,Microbus,Transport
17a34663-1bbb-4595-bf66-040e99f6f5b5,ACC-STUDENT-005,2025-07-15T13:11:00Z,225.59,NPR,DEBIT,COMPLETED,Lunch,Cafe,Food
06995456-6aa1-4437-a0a7-92485c50752b,ACC-STUDENT-002,2025-07-15T08:30:00Z,106.32,NPR,DEBIT,COMPLETED,Latte,Local Tea Stall,Coffee
4b72d227-ab4e-47e4-b57c-f0b1d78d07e9,ACC-STUDENT-004,2025-11-26T17:01:00Z,297.07,NPR,DEBIT,COMPLETED,Ride Sharing,InDrive,Transport
8d13f872-6adc-4a93-b8f1-08b71424e90c,ACC-STUDENT-005,2025-07-06T09:07:00Z,239.91,NPR,DEBIT,COMPLETED,Micro Fare,InDrive,Transport
d303b5db-a2b1-4fcb-83c8-e28bb80e51bd,ACC-STUDENT-004,2025-01-24T17:51:00Z,412.6,NPR,DEBIT,COMPLETED,Bus Ticket,Bus,Transport
2c29355f-05be-4b95-827c-86cd85a871ea,ACC-STUDENT-005,2025-10-31T18:17:00Z,91.11,NPR,DEBIT,COMPLETED,Micro Fare,Bus,Transport
0483df84-3215-4fa1-978d-777c5b100637,ACC-STUDENT-002,2025-07-28T19:35:00Z,693.1,NPR,DEBIT,COMPLETED,Lunch,Burger House,Food
29970049-ad43-4c1e-b0df-f031dc98cfe4,ACC-STUDENT-003,2025-02-03T12:45:00Z,240.16,NPR,DEBIT,COMPLETED,Coke and Momo,Canteen,Food
a474f89e-0005-4efe-aeac-bef108a8fc82,ACC-STUDENT-003,2025-12-09T13:53:00Z,414.81,NPR,DEBIT,COMPLETED,Coke and Momo,Burger House,Food
9616cb21-a9cf-4542-8793-5282eea54582,ACC-STUDENT-002,2025-10-02 20:23:00,459.92,NPR,DEBIT,COMPLETED,Meals,Burger House,Food
763e1c8d-2b69-4323-9ff8-587f121f71cc,ACC-STUDENT-001,2025-11-21T12:08:00Z,567.46,NPR,DEBIT,COMPLETED,Snacks,Boba Shop,Food
c9c75ffe-b378-4466-aa2f-1e624db089ce,ACC-STUDENT-005,2025-03-16T19:37:00Z,733.63,NPR,DEBIT,COMPLETED,Snacks,Canteen,Food
c37afa04-82cf-44ff-a3d3-fa3441d52e33,ACC-STUDENT-001,2025-09-03T19:06:00Z,607.43,NPR,DEBIT,COMPLETED,Burger & Fries,Burger House,Food
04da66f6-bdcc-473a-9d9d-8f044596ae34,ACC-STUDENT-003,2025-09-23T13:27:00Z,422.8,NPR,DEBIT,COMPLETED,Lunch,Restaurant,Food
c9134c39-cbaa-4e36-bae1-8782a9dab5d8,ACC-STUDENT-004,2025-06-16T09:12:00Z,74.97,NPR,DEBIT,COMPLETED,Ride Sharing,InDrive,Transport
ed207e31-ac8e-49d0-8a9d-fcd9a5bb4e9d,ACC-STUDENT-004,2025-09-12T08:30:00Z,126.22,NPR,DEBIT,COMPLETED,Iced Coffee,Himalayan Java,Coffee
7a767d09-bd1a-42d8-a4a7-a8a13288c69b,ACC-STUDENT-002,2025-05-04T12:06:00Z,432.68,NPR,DEBIT,COMPLETED,Coke and Momo,Canteen,Food
2c19c504-7933-43cc-9470-7135f73991bf,ACC-STUDENT-003,2025-05-15T17:50:00Z,319.25,NPR,DEBIT,COMPLETED,Ride Sharing,Bus,Transport
ceaa846d-abd4-4f32-ac8f-8750638042d3,ACC-STUDENT-001,2025-02-22T12:00:00Z,3592.25,NPR,DEBIT,COMPLETED,Vegetables & Fruits,Local Grocery,GROCERIES
b0245f93-7904-4c8b-b293-5acc81b5245f,ACC-STUDENT-002,2025-04-10T13:44:00Z,519.6,NPR,DEBIT,COMPLETED,Snacks,Burger House,Food
eac25038-2be6-4ee9-8e7f-f65ce0da31e1,ACC-STUDENT-004,2025-12-05T09:10:00Z,397.91,NPR,DEBIT,COMPLETED,Micro Fare,InDrive,Transport
97e9c861-34e6-4bea-b14e-17d7a4255538,ACC-STUDENT-003,2025-09-29T08:30:00Z,244.49,NPR,DEBIT,COMPLETED,Latte,Beans Cafe,Coffee
7d000e2a-b89a-4782-bb2c-74055f7266b6,ACC-STUDENT-005,2025-07-05T11:15:00Z,2199.16,NPR,DEBIT,COMPLETED,WiFi Internet,Worldlink,Utilities
639b50cb-3149-41b5-84ca-9e7cbca5530e,ACC-STUDENT-001,2025-12-09T17:15:00Z,472.14,NPR,DEBIT,COMPLETED,Bus Ticket,Microbus,Transport
ece190f6-356f-4028-9246-217207726a13,ACC-STUDENT-004,2025-03-05T11:15:00Z,2425.64,NPR,DEBIT,COMPLETED,WiFi Internet,Worldlink,Utilities
84399174-3b99-43ea-b9ba-d4d4e0c2a23d,ACC-STUDENT-001,2025-09-21T13:09:00Z,670.02,NPR,DEBIT,COMPLETED,Coke and Momo,Cafe,Food
e2907d2b-7ce3-4db3-845d-db3bfb4d2211,ACC-STUDENT-002,2025-04-09T17:29:00Z,309.26,NPR,DEBIT,COMPLETED,Daily Commute,Local Taxi,Transport
420494c5-2dbe-46a8-9603-ee2d706b28fe,ACC-STUDENT-002,2025-11-27T19:54:00Z,384.8,NPR,DEBIT,COMPLETED,Breakfast,Bakery,Food
6f841ad0-d0bd-48ab-bb37-185f2cad7769,ACC-STUDENT-005,2025-11-07T08:30:00Z,270.14,NPR,DEBIT,COMPLETED,Chiya,Beans Cafe,Coffee
abfa8335-9c2c-4821-aae0-83ec0dfae3ad,ACC-STUDENT-003,2025-09-05T13:07:00Z,263.69,NPR,DEBIT,COMPLETED,Dinner,Cafe,food
bda418e4-fee5-4574-bc43-f4c8da98f375,ACC-STUDENT-001,2025-09-03T20:30:00Z,746.64,NPR,DEBIT,COMPLETED,Meals,Canteen,Food
be418536-c3f0-4d7d-a204-17860f859119,ACC-STUDENT-001,2025-11-23T12:00:00Z,2944.6,NPR,DEBIT,COMPLETED,Weekly Groceries,Big Mart,Groceries
6f47ab4f-b619-4b17-8fa1-8d28056f2c29,ACC-STUDENT-004,2025-02-25T19:37:00Z,501.03,NPR,DEBIT,COMPLETED,Meals,Bakery,Food
f5f26f21-823a-419b-9032-12d3c49ac832,ACC-STUDENT-002,2025-11-02T12:00:00Z,1849.28,NPR,DEBIT,COMPLETED,Vegetables & Fruits,Fresh Vegetable Vendor,Groceries
cd15448b-6a05-4962-801e-f78b3599b499,ACC-STUDENT-004,2025-10-01T09:24:00Z,80.0,NPR,DEBIT,COMPLETED,Daily Commute,Sajha Yatayat,Transport
677a277d-96a3-4a2a-b4b0-98c2a4f83007,ACC-STUDENT-004,2025-04-30T13:15:00Z,749.34,NPR,DEBIT,COMPLETED,Meals,Restaurant,Food
79628a1f-c1b0-4b0c-b34d-acc2abef0e24,ACC-STUDENT-001,2026-01-02 17:43:00,364.09,NPR,DEBIT,COMPLETED,Taxi Ride,Bus,Transport
4f9c0075-1bcd-42cf-a85a-0042f70f8ed8,ACC-STUDENT-001,2025-10-19T17:01:00Z,199.34,NPR,DEBIT,COMPLETED,Bus Ticket,Pathao,Transport
718ab8b8-3fdc-4f42-80aa-9659d479d3ca,ACC-STUDENT-003,2025-12-28T12:02:00Z,666.5,NPR,DEBIT,COMPLETED,Lunch,Local Eatery,Food
4465defa-d553-4eca-b755-cc0395f68d40,ACC-STUDENT-002,2025-05-16T09:07:00Z,277.77,NPR,DEBIT,COMPLETED,Taxi Ride,InDrive,Transport
d3bcb3b6-2309-480d-a55f-c60a972cb67b,ACC-STUDENT-004,2025-02-04T20:48:00Z,411.34,NPR,DEBIT,COMPLETED,Snacks,Canteen,Food
a2ae7a36-cf8a-46ea-8496-719272d114ed,ACC-STUDENT-001,2025-04-24T19:35:00Z,337.59,NPR,DEBIT,COMPLETED,Snacks,Local Eatery,Food
627ccf89-c805-406b-9062-98241791cce9,ACC-STUDENT-004,2025-11-21T09:02:00Z,490.77,NPR,DEBIT,COMPLETED,Bus Ticket,Pathao,Transport
3a9690dd-f09b-412f-9249-16845eccb502,ACC-STUDENT-003,2025-04-17T08:30:00Z,218.31,NPR,DEBIT,COMPLETED,Americano,Beans Cafe,Coffee
c2231ff9-c120-4543-9747-8d1bacb71325,ACC-STUDENT-004,2025-07-24T19:09:00Z,572.94,NPR,DEBIT,COMPLETED,Breakfast,Boba Shop,Food
837a37ca-1176-43df-a115-921258b211b6,ACC-STUDENT-002,2025-03-05T19:35:00Z,569.35,NPR,DEBIT,COMPLETED,Coke and Momo,Local Eatery,Food
03c867cc-5fec-41e9-9df0-badff277a9a8,ACC-STUDENT-004,2025-05-28T08:30:00Z,132.96,NPR,DEBIT,COMPLETED,Chiya,Red Mug Cafe,Coffee
0dbe2115-f653-4ed9-a77c-1bdfb6869fa3,ACC-STUDENT-005,2025-06-11T18:45:00Z,391.5,NPR,DEBIT,COMPLETED,Daily Commute,Bus,Transport
714f1629-85ef-401a-80b2-49c64db64ba9,ACC-STUDENT-001,2025-12-23T09:09:00Z,208.9,NPR,DEBIT,COMPLETED,Micro Fare,Pathao,transport
f7fb0bb3-960c-4b41-85bc-e0489a36ff3f,ACC-STUDENT-003,2025-11-03T18:38:00Z,306.9,NPR,DEBIT,COMPLETED,Micro Fare,Local Taxi,Transport
ddacfeb3-75c6-4191-a74a-a043c61e428a,ACC-STUDENT-003,2025-07-25T13:51:00Z,405.5,NPR,DEBIT,COMPLETED,Lunch,Canteen,Food
e8c568ba-ee44-43bb-8abc-7166a1569837,ACC-STUDENT-003,2025-07-02T18:53:00Z,294.03,NPR,DEBIT,COMPLETED,Bus Ticket,Microbus,Transport
a492edac-a67e-4933-9431-d9e287f3e874,ACC-STUDENT-005,2025-10-24T13:27:00Z,338.09,NPR,DEBIT,COMPLETED,Dinner,Cafe,Food
d9e377c2-7348-4af5-9591-9a4fb95f6357,ACC-STUDENT-005,2025-03-19T13:42:00Z,196.64,NPR,DEBIT,COMPLETED,Coke and Momo,Restaurant,Food
3233d3bb-997e-42bd-b649-eec22b65e079,ACC-STUDENT-005,2025-10-02T17:02:00Z,57.02,NPR,DEBIT,COMPLETED,Micro Fare,Pathao,Transport
25a531ca-8aaf-40ae-9bef-c59dbd8549cb,ACC-STUDENT-001,2025-01-28T17:39:00Z,499.3,NPR,DEBIT,COMPLETED,Daily Commute,Bus,Transport
6c653cc9-d07d-4829-9c9f-ac59fe908026,ACC-STUDENT-003,2025-11-21T20:55:00Z,669.18,NPR,DEBIT,COMPLETED,Meals,Boba Shop,Food
2be8ba0c-7fe1-40c0-b70f-cb4f00fb92d5,ACC-STUDENT-003,2025-07-20T18:30:00Z,403.48,NPR,DEBIT,COMPLETED,Popcorn & Soda,Spotify,Entertainment
e39632b2-051a-4a10-883e-5aeab69131c3,ACC-STUDENT-001,2025-03-01T12:42:00Z,715.09,NPR,DEBIT,COMPLETED,Snacks,Bakery,Food
256c9cdd-41cc-4b11-9983-676b10361d41,ACC-STUDENT-004,2025-11-20T09:34:00Z,462.29,NPR,DEBIT,COMPLETED,Daily Commute,InDrive,Transport
edd8af87-ff98-418f-a56b-9c2d70dc34ac,ACC-STUDENT-002,2025-04-03T18:32:00Z,495.17,NPR,DEBIT,COMPLETED,Ride Sharing,Sajha Yatayat,Transport
8942ab51-fa66-4362-b4b2-ccbbe453cccb,ACC-STUDENT-002,2025-04-04T20:21:00Z,664.74,NPR,DEBIT,COMPLETED,Dinner,Boba Shop,Food
0c1db21a-ae35-4061-9dc7-ada701609215,ACC-STUDENT-002,2025-03-03T08:30:00Z,193.61,NPR,DEBIT,COMPLETED,Chiya,Local Tea Stall,Coffee
36e95f7d-2651-494e-9418-33852eef0858,ACC-STUDENT-002,2025-02-28T20:06:00Z,245.26,NPR,DEBIT,COMPLETED,Snacks,Boba Shop,Food
932e50e1-491a-44c9-853f-6b03f20272f5,ACC-STUDENT-004,2025-07-17T13:26:00Z,204.39,NPR,DEBIT,COMPLETED,Snacks,Cafe,Food
df0ea14b-9671-45b5-9d52-5cbe80af04dc,ACC-STUDENT-003,2025-08-01T12:38:00Z,651.39,NPR,DEBIT,COMPLETED,Coke and Momo,Canteen,food
1ebec045-2e98-4766-8e03-83dc20c26eab,ACC-STUDENT-003,2025-05-09T09:27:00Z,396.07,NPR,DEBIT,COMPLETED,Micro Fare,InDrive,Transport
e82d8197-bc6f-42e8-b29c-7f04cb1926a1,ACC-STUDENT-002,2025-08-19T12:01:00Z,703.82,NPR,DEBIT,COMPLETED,Lunch,Cafe,Food
b106608b-1eaf-4b5b-a534-0c8c09d8ec35,ACC-STUDENT-005,2025-12-24T14:30:00Z,4913.39,NPR,CREDIT,COMPLETED,Monthly Allowance,Scholarship,Income
a6ee579b-8a40-4d64-ab98-974693f4f9d5,ACC-STUDENT-004,2025-07-05T12:00:00Z,3350.54,NPR,DEBIT,COMPLETED,Vegetables & Fruits,Big Mart,Groceries
a4e2274b-1831-483b-9f9e-45ca1d50cda5,ACC-STUDENT-005,2026/01/03,103.6,NPR,DEBIT,COMPLETED,Daily Commute,Sajha Yatayat,Transport
5fc8e62c-86f5-41d0-a497-1e2b935e063d,ACC-STUDENT-003,2025-06-01T18:53:00Z,363.74,NPR,DEBIT,COMPLETED,Taxi Ride,Bus,Transport
d0704579-451b-408b-8d7a-50c63f6dc0e3,ACC-STUDENT-003,2025-03-17T18:33:00Z,327.36,NPR,DEBIT,COMPLETED,Daily Commute,Local Taxi,Transport
547f7ce8-8ca9-45c3-8a8f-f07e29fc57cd,ACC-STUDENT-001,2025-05-19T18:53:00Z,160.58,NPR,DEBIT,COMPLETED,Bus Ticket,Microbus,Transport
0ea8c4aa-78c3-4f42-98ce-3cf842730734,ACC-STUDENT-003,2025-09-02T19:33:00Z,781.33,NPR,DEBIT,COMPLETED,Dinner,Cafe,Food
1181cbbb-ffd7-4f41-a6c3-99ca57004f82,ACC-STUDENT-004,2025-05-17T09:36:00Z,468.92,NPR,DEBIT,COMPLETED,Daily Commute,Sajha Yatayat,Transport
2c81b54e-bb67-4f30-886a-d8f577359343,ACC-STUDENT-002,2025-04-04T08:30:00Z,158.43,NPR,DEBIT,COMPLETED,Cappuccino,Coffee Point,coffee
3029f83e-d973-4cce-952e-9f8f50f5471b,ACC-STUDENT-003,2025-03-05T11:15:00Z,1472.02,NPR,DEBIT,COMPLETED,WiFi Internet,Worldlink,Utilities
778a1061-ae0f-47d1-8839-a29ef4663f00,ACC-STUDENT-004,2025-09-28T16:20:00Z,3049.59,NPR,DEBIT,COMPLETED,Gift for Mom,Daraz,Shopping
755e6221-184d-411f-9ee8-154370429322,ACC-STUDENT-002,2025-04-04T13:27:00Z,650.59,NPR,DEBIT,COMPLETED,Coke and Momo,Bakery,Food
f494a6d4-06ae-417f-883f-031ee3326588,ACC-STUDENT-004,2025-06-25T08:30:00Z,335.69,NPR,DEBIT,COMPLETED,Chiya,Coffee Point,Coffee
527e0978-1ea7-4535-b1f6-348076cc943f,ACC-STUDENT-001,2025-10-14T16:20:00Z,4969.06,NPR,DEBIT,COMPLETED,Gift for Mom,Clothing Shop,Shopping
37842371-8aed-4d6a-b75f-ba8c8d116d85,ACC-STUDENT-001,2025-12-27T12:00:00Z,4022.63,NPR,DEBIT,COMPLETED,Monthly Supplies,Saleways,Groceries
234fcc8a-0fcc-4fe0-87ce-a9271fce208b,ACC-STUDENT-002,2025-11-02T18:30:00Z,607.72,NPR,DEBIT,COMPLETED,Bowling Session,Spotify,Entertainment
7a5fd649-2a9e-4058-b35f-8a3ce9689e8a,ACC-STUDENT-003,2026-01-10T14:30:00Z,7013.64,NPR,CREDIT,COMPLETED,Tutoring fee,Part-time Gig,Income
bb55bffe-af15-47b9-8107-20d7bb0f88ca,ACC-STUDENT-005,2025-04-01T08:30:00Z,Rs. 151.52,NPR,DEBIT,COMPLETED,Cappuccino,Himalayan Java,Coffee
9d060c89-1d47-46eb-820e-4cb01ee21244,ACC-STUDENT-005,2025-12-17 17:18:00,132.54,NPR,DEBIT,COMPLETED,Ride Sharing,Sajha Yatayat,Transport
c86b3469-b4dc-41e4-87a2-e7c4987e98e0,ACC-STUDENT-005,2025-05-06T18:07:00Z,388.46,NPR,DEBIT,COMPLETED,Ride Sharing,Pathao,Transport
8d0b9b8f-facf-438e-b93e-ce828f08c201,ACC-STUDENT-002,2025-10-04T12:00:00Z,2884.12,NPR,DEBIT,COMPLETED,Monthly Supplies,Fresh Vegetable Vendor,Groceries
a530ef83-fdd9-43c6-8f18-464d5feb37a6,ACC-STUDENT-003,2025-05-08T08:30:00Z,152.55,NPR,DEBIT,COMPLETED,Americano,Himalayan Java,Coffee
096e3583-5285-4a71-8de5-25bef78c8bd1,ACC-STUDENT-002,2025-03-07T09:19:00Z,478.47,NPR,DEBIT,COMPLETED,Ride Sharing,Bus,Transport
e32d3c9f-fbbf-40e8-a9db-0552577c3a6b,ACC-STUDENT-001,2025-05-23T18:00:00Z,366.28,NPR,DEBIT,COMPLETED,Daily Commute,Sajha Yatayat,Transport
25d83859-6c92-40a7-b8eb-5ed55546e2c9,ACC-STUDENT-002,2025-11-09T18:32:00Z,438.55,NPR,DEBIT,COMPLETED,Ride Sharing,Sajha Yatayat,Transport
2a9e68d3-9af6-4f0f-b4cd-a5e08dfe8a22,ACC-STUDENT-004,2025-07-04T13:46:00Z,497.7,NPR,DEBIT,COMPLETED,Dinner,Burger House,Food
fca4da76-fbc9-4d3c-ae6a-1347db8383dc,ACC-STUDENT-002,2025-11-24T08:30:00Z,177.0,NPR,DEBIT,COMPLETED,Cappuccino,Local Tea Stall,Coffee
1da38c95-aa06-4e39-9ec0-051e5d2f478c,ACC-STUDENT-005,2025-07-25T09:12:00Z,238.14,NPR,DEBIT,COMPLETED,Taxi Ride,Local Taxi,Transport
eb5e10b9-b3a8-4c45-bf25-30421c9317b3,ACC-STUDENT-003,2025-10-07T19:03:00Z,439.59,NPR,DEBIT,COMPLETED,Snacks,Restaurant,Food
8c39f6ba-9683-4ea5-b0ca-2cc321d06a54,ACC-STUDENT-002,2025-03-25T17:22:00Z,137.93,NPR,DEBIT,COMPLETED,Ride Sharing,Microbus,Transport
6f047f03-a60d-4aee-b2af-40a584826527,ACC-STUDENT-005,2025-07-05T12:00:00Z,286.37,NPR,DEBIT,COMPLETED,Meals,Bakery,Food
e37f710d-a7b2-445c-8d5c-3121bf2dae5b,ACC-STUDENT-001,2025-12-01T08:30:00Z,183.16,NPR,DEBIT,COMPLETED,Americano,Beans Cafe,Coffee
50bdcdb5-cced-4aa0-8679-5fc4013a0244,ACC-STUDENT-004,2025-04-28T13:49:00Z,358.42,NPR,DEBIT,COMPLETED,Snacks,Burger House,Food
06c10e46-a5fa-446f-8f49-de6fe7e930d3,ACC-STUDENT-002,2025-08-23T12:00:00Z,1802.74,NPR,DEBIT,COMPLETED,Monthly Supplies,Big Mart,Groceries
e9d6b7c2-185d-4d8c-8139-1081a3fc88ac,ACC-STUDENT-002,2025-01-15T08:00:00Z,345.14,NPR,DEBIT,COMPLETED,Spotify Premium,Spotify,Entertainment
3a6476e4-3f6f-4bbb-b86b-7993b92009d1,ACC-STUDENT-002,2025-08-02T19:45:00Z,537.6,NPR,DEBIT,COMPLETED,Coke and Momo,Canteen,Food
e24fdeba-88b5-4088-beaa-d86c97368d23,ACC-STUDENT-004,2025-05-25T12:00:00Z,2768.95,NPR,DEBIT,COMPLETED,Dairy Products,Bhatbhateni,Groceries
5c5c943c-b1f3-4b04-8383-b14e5a4f07c8,ACC-STUDENT-003,2025-07-15T19:32:00Z,369.24,NPR,DEBIT,COMPLETED,Coke and Momo,Burger House,Food
5193f1e4-1966-4edb-8470-3581db3820a8,ACC-STUDENT-003,2025-10-12T12:59:00Z,380.01,NPR,DEBIT,COMPLETED,Coke and Momo,Local Eatery,food
44dcdf8d-11e9-4d37-9380-5b81887ca801,ACC-STUDENT-002,2025-02-04T19:47:00Z,384.38,NPR,DEBIT,COMPLETED,Snacks,,Food
4df540af-907e-4027-a53f-f5523468a338,ACC-STUDENT-004,2025-04-29T20:10:00Z,511.04,NPR,DEBIT,COMPLETED,Lunch,Cafe,Food
24c2d270-8955-4f8a-985e-fbb25a56fd58,ACC-STUDENT-001,2025-05-12T18:26:00Z,326.72,NPR,DEBIT,COMPLETED,Daily Commute,Pathao,Transport
419718ae-cfe0-4ef7-baa3-0f9767d01393,ACC-STUDENT-001,2025-10-05T12:00:00Z,3770.09,NPR,DEBIT,COMPLETED,Monthly Supplies,Big Mart,Groceries
1cf84a2a-cd15-4f22-8aa7-32074ac007cb,ACC-STUDENT-001,2025-08-29T12:57:00Z,275.77,NPR,DEBIT,COMPLETED,Snacks,Bakery,Food
7b4843d0-2971-4881-9ecf-eb236ad89ffd,ACC-STUDENT-003,2025-02-24T12:23:00Z,289.95,NPR,DEBIT,COMPLETED,Lunch,Bakery,Food
1d3c3c12-7a54-4b2d-97ce-fe026d43f98f,ACC-STUDENT-004,2025-03-29T12:00:00Z,2161.17,NPR,DEBIT,COMPLETED,Weekly Groceries,Saleways,Groceries
48bd33ad-06f4-414b-95b5-ce85543d70d4,ACC-STUDENT-004,2025-01-15T08:00:00Z,258.73,NPR,DEBIT,COMPLETED,Spotify Premium,Spotify,Entertainment
0b05b58e-dc45-4ded-9606-49261fe0ede2,ACC-STUDENT-001,2025-03-26T09:25:00Z,441.74,NPR,DEBIT,COMPLETED,Taxi Ride,Pathao,Transport
4198407b-6e7c-4d8c-9a60-9af484a21639,ACC-STUDENT-005,2026-01-06T18:57:00Z,191.95,NPR,DEBIT,COMPLETED,Bus Ticket,Pathao,Transport
85670482-4382-415e-870f-75e6d1568d0a,ACC-STUDENT-002,2025-10-05T12:00:00Z,2772.55,NPR,DEBIT,COMPLETED,Vegetables & Fruits,Fresh Vegetable Vendor,Groceries
ea1de653-d892-402e-8a9e-bab528c89eeb,ACC-STUDENT-001,2025-07-17T13:02:00Z,425.19,NPR,DEBIT,COMPLETED,Coke and Momo,Bakery,Food
93a0399b-93fe-45f1-8b32-9dea75e5ad12,ACC-STUDENT-002,2025-05-24T07:00:00Z,4331.29,NPR,DEBIT,COMPLETED,Pokhara Trip,Resort Pokhara,Travel
f87c9549-ae01-4a52-aa4b-d880d7fa4d79,ACC-STUDENT-005,2025-09-19T17:55:00Z,397.17,NPR,DEBIT,COMPLETED,Daily Commute,Sajha Yatayat,Transport
a5821a0c-17de-450d-8f25-ec762ae58acb,ACC-STUDENT-004,2025-02-11T08:30:00Z,222.74,NPR,DEBIT,COMPLETED,Iced Coffee,Beans Cafe,Coffee
6a01abd5-ce56-4287-a276-7590213a13dd,ACC-STUDENT-005,2025-04-21T17:15:00Z,488.49,NPR,DEBIT,COMPLETED,Micro Fare,Local Taxi,Transport
02541ea1-b7fe-497a-ad46-e5747017a053,ACC-STUDENT-003,2025-10-04T09:51:00Z,189.88,NPR,DEBIT,COMPLETED,Bus Ticket,Bus,Transport
c3cdc252-81b8-4d2a-80a9-4095e31c825d,ACC-STUDENT-003,2025-12-26T13:45:00Z,706.1,NPR,DEBIT,COMPLETED,Meals,Boba Shop,Food
9cfe6123-e1ea-4cb3-ae5f-a205129f9b79,ACC-STUDENT-001,2025-01-20T09:34:00Z,479.07,NPR,DEBIT,COMPLETED,Bus Ticket,Bus,Transport
53d44a71-7db4-47c4-a296-ca49561b15ac,ACC-STUDENT-001,2025-11-15T18:29:00Z,230.37,NPR,DEBIT,COMPLETED,Micro Fare,Pathao,Transport
e6aed0c2-3f1c-4326-8676-15048c45a9bf,ACC-STUDENT-005,2025-02-20T09:54:00Z,74.29,NPR,DEBIT,COMPLETED,Daily Commute,Local Taxi,Transport
f9d4a627-3ae4-4fed-802b-c9983da93ed0,ACC-STUDENT-003,2025-02-09T09:19:00Z,423.4,NPR,DEBIT,COMPLETED,Bus Ticket,Local Taxi,Transport
98735fd5-b1c0-4304-afc3-e88a76350bdf,ACC-STUDENT-004,2025-01-26 18:30:00,863.91,NPR,DEBIT,COMPLETED,Netflix Subscription,Netflix,Entertainment
5f6088ba-0306-4952-847b-2aaf39213a0b,ACC-STUDENT-001,2025-02-14T09:15:00Z,139.71,NPR,DEBIT,COMPLETED,Daily Commute,InDrive,Transport
b7860910-8a47-4c07-97a5-ada7cb3ce957,ACC-STUDENT-003,2025-03-21T13:17:00Z,183.15,NPR,DEBIT,COMPLETED,Snacks,Burger House,Food
ff9b0c06-bf3d-4239-ad1a-69934870fca6,ACC-STUDENT-002,2025-10-24T17:45:00Z,159.23,NPR,DEBIT,COMPLETED,Daily Commute,Sajha Yatayat,Transport
baf71d06-058f-43ba-b221-2a375f22a8ff,ACC-STUDENT-004,2025-03-08T18:56:00Z,81.51,NPR,DEBIT,COMPLETED,Taxi Ride,Microbus,transport
315ae2d1-6ddb-439f-b4f4-3842c109f7e2,ACC-STUDENT-001,2025-01-29T18:52:00Z,299.57,NPR,DEBIT,COMPLETED,Daily Commute,Pathao,TRANSPORT
41bbedef-c70d-4881-a54d-8c289c53365f,ACC-STUDENT-002,2025-01-14T20:30:00Z,515.47,NPR,DEBIT,COMPLETED,Lunch,Local Eatery,Food
2c248b0b-ccbe-4c67-9464-8c0f2cafc95b,ACC-STUDENT-001,2025-08-01T09:00:00Z,31266.87,NPR,CREDIT,COMPLETED,Monthly Allowance,Family Transfer,Income
b8a312a5-3fe2-4618-8369-ff557999a06f,ACC-STUDENT-004,2025-09-14T12:00:00Z,2253.14,NPR,DEBIT,COMPLETED,Dairy Products,Bhatbhateni,Groceries
3379a534-a7b4-4186-8ba0-781eacd042d1,ACC-STUDENT-001,2025-12-23T13:50:00Z,319.0,NPR,DEBIT,COMPLETED,Snacks,Restaurant,FOOD
2822def8-90b0-4b02-a4ac-fbe71f83c96b,ACC-STUDENT-002,2025-07-29T19:48:00Z,763.85,NPR,DEBIT,COMPLETED,Coke and Momo,Bakery,Food
d03128e3-5fba-48a9-977d-feca2ec01667,ACC-STUDENT-001,2025-04-02T10:00:00Z,12020.7,NPR,DEBIT,COMPLETED,House Rent,Rent House Ltd,Utilities
bd7e9960-32a2-45d5-b33f-ccb5ae759a28,ACC-STUDENT-005,2025-03-13T13:35:00Z,309.84,NPR,DEBIT,COMPLETED,Meals,Burger House,Food
da969279-320d-4739-9351-a6b767869193,ACC-STUDENT-005,2025-11-29T13:49:00Z,606.48,NPR,DEBIT,COMPLETED,Burger & Fries,Local Eatery,Food
c71b5c5f-c169-4746-a9ae-c74e4a84cc80,ACC-STUDENT-002,2025-06-11T08:30:00Z,137.08,NPR,DEBIT,COMPLETED,Iced Coffee,Himalayan Java,Coffee
438d3b45-4e7d-4fd9-ac94-d5acb0fbd12e,ACC-STUDENT-005,2025-01-16T12:26:00Z,587.91,NPR,DEBIT,COMPLETED,Lunch,Cafe,Food
45b64439-7ca3-4bfb-9bc2-5205e9889e10,ACC-STUDENT-001,2025-07-28T18:51:00Z,301.56,NPR,DEBIT,COMPLETED,Ride Sharing,Microbus,Transport
8781c10c-48c1-4782-8188-a5442177fc00,ACC-STUDENT-003,2025-11-27T13:28:00Z,573.82,NPR,DEBIT,COMPLETED,Coke and Momo,Boba Shop,Food
61f9f16b-18c5-4e90-95f1-96a7a6bb000e,ACC-STUDENT-004,2025-09-05T13:35:00Z,527.36,NPR,DEBIT,COMPLETED,Coke and Momo,Burger House,Food
52849846-b218-4912-8bb2-beaf163c09c3,ACC-STUDENT-003,2025-08-27T17:20:00Z,300.33,NPR,DEBIT,COMPLETED,Daily Commute,Sajha Yatayat,Transport
49f4d515-5b89-48fc-8e39-e3c1f632fbe6,ACC-STUDENT-001,2025-11-29T20:06:00Z,491.42,NPR,DEBIT,COMPLETED,Coke and Momo,Bakery,Food
638c5333-9a7b-4671-b5f2-b5a5dbbccf62,ACC-STUDENT-003,2025-03-01T12:00:00Z,1942.9,NPR,DEBIT,COMPLETED,Monthly Supplies,Fresh Vegetable Vendor,Groceries
40a60ca5-f369-463d-af3e-a66e76b6067a,ACC-STUDENT-004,2025-05-22T13:57:00Z,702.45,NPR,DEBIT,COMPLETED,Burger & Fries,Canteen,Food
abda2c7f-2bba-45af-bb17-7da5afffb715,ACC-STUDENT-004,2025-03-12T20:26:00Z,791.92,NPR,DEBIT,COMPLETED,Breakfast,Burger House,Food
ebd704c0-b910-4a34-a001-c33787783171,ACC-STUDENT-003,2025-10-13T08:30:00Z,272.51,NPR,DEBIT,COMPLETED,Cappuccino,Himalayan Java,Coffee
9aacbfb0-926b-40fd-a654-3a57e5fbdd68,ACC-STUDENT-004,2025-02-28T08:30:00Z,305.97,NPR,DEBIT,COMPLETED,Latte,Local Tea Stall,Coffee
4e264f9b-2e80-4c10-8319-899a84bd2acc,ACC-STUDENT-003,2025-06-19T08:30:00Z,330.96,NPR,DEBIT,COMPLETED,Americano,Beans Cafe,COFFEE
81b5245c-e96e-4d4c-9814-bab98582fff7,ACC-STUDENT-005,2025/04/10,83.17,NPR,DEBIT,COMPLETED,Taxi Ride,Microbus,Transport
630e9672-17ec-4d53-aa79-56beaf95f822,ACC-STUDENT-002,2025-01-24T09:20:00Z,295.59,NPR,DEBIT,COMPLETED,Micro Fare,Microbus,Transport
cbc794cc-f75a-4f81-b5fa-35159fc9f97e,ACC-STUDENT-005,2025-07-11T18:37:00Z,58.41,NPR,DEBIT,COMPLETED,Ride Sharing,Bus,TRANSPORT
a31ccd6b-59d0-4f69-8f45-0fcd60b2993f,ACC-STUDENT-004,2025-12-09T19:49:00Z,594.46,NPR,DEBIT,COMPLETED,Coke and Momo,Burger House,Food
4b2d1b11-39c0-4d19-b6b6-e2368c40115e,ACC-STUDENT-003,2025-03-06T19:13:00Z,347.46,NPR,DEBIT,COMPLETED,Burger & Fries,Local Eatery,Food
c7b70d85-d5c3-4550-897e-90a66ac77f79,ACC-STUDENT-003,2025-08-08T17:27:00Z,451.87,NPR,DEBIT,COMPLETED,Taxi Ride,InDrive,Transport
9946ea8d-0484-4ad0-ad3e-6a99b801f021,ACC-STUDENT-002,2025-11-13T09:09:00Z,284.8,NPR,DEBIT,COMPLETED,Daily Commute,Pathao,Transport
c25cc9ec-5deb-423e-8fae-3ee451290099,ACC-STUDENT-003,2025-04-29T09:44:00Z,166.23,NPR,DEBIT,COMPLETED,Micro Fare,Pathao,Transport
0328457b-85f7-4552-929c-f902e746f59f,ACC-STUDENT-001,2025-02-15T13:38:00Z,544.71,NPR,DEBIT,COMPLETED,Coke and Momo,Burger House,Food
41685c66-7fa6-4bb7-99ab-e549829fa525,ACC-STUDENT-005,2025-06-05T20:29:00Z,215.06,NPR,DEBIT,COMPLETED,Coke and Momo,Boba Shop,Food
b6516302-b550-42dc-9316-184bbafb9fc0,ACC-STUDENT-005,2025-11-17T18:44:00Z,83.92,NPR,DEBIT,COMPLETED,Bus Ticket,Sajha Yatayat,Transport
7e469ef9-d9f3-4246-91a0-d92117a7c7d8,ACC-STUDENT-003,2026-01-02T18:50:00Z,447.24,NPR,DEBIT,COMPLETED,Ride Sharing,Pathao,Transport
534ab7c1-3d06-4a87-81f2-72a7060ed9fd,ACC-STUDENT-004,2025-09-16T18:43:00Z,189.25,NPR,DEBIT,COMPLETED,Daily Commute,Pathao,Transport
d2fe4301-5882-465a-bb62-9f80b7cc752d,ACC-STUDENT-003,2026-01-02T17:26:00Z,455.06,NPR,DEBIT,COMPLETED,Daily Commute,InDrive,Transport
f23e1d79-8acb-44c2-9a48-122521b9985b,ACC-STUDENT-003,2025-03-15T08:00:00Z,256.92,NPR,DEBIT,COMPLETED,Spotify Premium,Spotify,Entertainment
31f04b26-37f3-4def-bacd-bba2061f6995,ACC-STUDENT-003,2026-01-12T08:30:00Z,236.09,NPR,DEBIT,COMPLETED,Chiya,Coffee Point,Coffee
f8d48976-2129-4920-8c80-9d1aaf0fae60,ACC-STUDENT-005,2025-03-03T09:51:00Z,300.47,NPR,DEBIT,COMPLETED,Bus Ticket,InDrive,Transport
190d0055-a2d9-4c85-9b86-65ca6c212ee0,ACC-STUDENT-005,2025-05-14T12:17:00Z,248.73,NPR,DEBIT,COMPLETED,Coke and Momo,Boba Shop,Food
ea24275a-3e32-49f7-a70f-7d37c0d1a34e,ACC-STUDENT-005,2025-03-12T09:45:00Z,288.82,NPR,DEBIT,COMPLETED,Taxi Ride,Sajha Yatayat,Transport
e3e135f5-d8c3-442e-bd23-6603cebc3677,ACC-STUDENT-001,2025-02-05T17:42:00Z,233.78,NPR,DEBIT,COMPLETED,Micro Fare,Microbus,Transport
8f38fdae-dab8-4f52-b824-c5d365afd14e,ACC-STUDENT-003,2025-05-11T12:00:00Z,4459.48,NPR,DEBIT,COMPLETED,Dairy Products,Fresh Vegetable Vendor,Groceries
08126d28-334b-4c4a-b0d8-16cbed0c5220,ACC-STUDENT-002,2025-07-22T12:00:00Z,357.08,NPR,DEBIT,COMPLETED,Meals,Burger House,Food
7244f913-7aae-4cbf-97d4-109ea550ee53,ACC-STUDENT-002,2025-05-09T09:54:00Z,269.38,NPR,DEBIT,COMPLETED,Micro Fare,Local Taxi,Transport
e3d6ddb4-8f7a-4165-906d-2b0c8865f9b2,ACC-STUDENT-004,2025-12-20T12:00:00Z,2805.45,NPR,DEBIT,COMPLETED,Monthly Supplies,Bhatbhateni,Groceries
f3df92eb-dbbe-4bf4-bdbb-4fbcb25b23c4,ACC-STUDENT-004,2025-11-02T10:00:00Z,8928.61,NPR,DEBIT,COMPLETED,House Rent,Rent House Ltd,Utilities
2b24ca15-c7e4-40dd-b6ac-58549e0de216,ACC-STUDENT-003,2025-08-06T08:30:00Z,147.69,NPR,DEBIT,COMPLETED,Chiya,Coffee Point,Coffee
f357acda-9a93-430f-893b-17863df51e76,ACC-STUDENT-004,2026-01-01T12:01:00Z,330.9,NPR,DEBIT,COMPLETED,Lunch,Bakery,Food
b000b1ec-e621-4262-ae42-9b1819fbca99,ACC-STUDENT-002,2025-07-14T16:20:00Z,1625.18,NPR,DEBIT,COMPLETED,New Shoes,Bhatbhateni Fashion,shopping
da4cedc6-77e5-44c4-9faa-5f6a76776589,ACC-STUDENT-004,2025-01-22T12:21:00Z,300.39,NPR,DEBIT,COMPLETED,Burger & Fries,Local Eatery,Food
358b76f5-d1a7-4b45-a427-d5e5c6039687,ACC-STUDENT-005,2025-07-09T18:15:00Z,363.34,NPR,DEBIT,COMPLETED,Ride Sharing,Microbus,Transport
0fe38412-5eea-43a0-bdb5-b049e6d774b4,ACC-STUDENT-004,2025-12-09T09:48:00Z,271.16,NPR,DEBIT,COMPLETED,Taxi Ride,Pathao,Transport
adeaf98a-1ced-43f3-a9ed-99cbb7de61da,ACC-STUDENT-002,2025-04-10T14:30:00Z,7117.15,NPR,CREDIT,COMPLETED,Monthly Allowance,Scholarship,Income
76b2b4ee-ef6f-4e74-8581-329519783944,ACC-STUDENT-003,2025-12-29T09:12:00Z,132.36,NPR,DEBIT,COMPLETED,Taxi Ride,Microbus,Transport
9ca33c12-0655-4867-a3cf-f2937f840ba4,ACC-STUDENT-003,2026-01-07T17:48:00Z,126.87,NPR,DEBIT,COMPLETED,Taxi Ride,InDrive,Transport
c828fd50-bcbf-4a6c-a79d-b57dbe35d0c9,ACC-STUDENT-003,2025-12-30T17:37:00Z,324.23,NPR,DEBIT,COMPLETED,Bus Ticket,Local Taxi,TRANSPORT
b77fccd0-15f4-4763-905f-77343cab1566,ACC-STUDENT-005,2025-12-19T19:57:00Z,462.78,NPR,DEBIT,COMPLETED,Burger & Fries,Burger House,Food
1f17e341-2a51-49d8-9aab-99ab971db711,ACC-STUDENT-003,2025-09-09T13:19:00Z,233.15,NPR,DEBIT,COMPLETED,Coke and Momo,Local Eatery,Food
0d6f7d4c-073a-4abc-9254-84e68299873b,ACC-STUDENT-004,2025-12-08T19:40:00Z,662.5,NPR,DEBIT,COMPLETED,Dinner,Burger House,Food
f3302439-4395-4f53-becd-c7531f77d1fa,ACC-STUDENT-003,2025-10-09T09:25:00Z,372.69,NPR,DEBIT,COMPLETED,Taxi Ride,Pathao,Transport
08214122-a9bb-459c-ac71-8035902c035c,ACC-STUDENT-001,2025-07-22T12:15:00Z,392.1,NPR,DEBIT,COMPLETED,Burger & Fries,Bakery,Food
700a5499-9a97-43a9-8d8c-e08284663908,ACC-STUDENT-002,2025-09-24T19:42:00Z,465.29,NPR,DEBIT,COMPLETED,Breakfast,Burger House,Food
813a51c7-4dc6-422b-805c-07c873966ccf,ACC-STUDENT-005,2025-06-04T19:00:00Z,766.71,NPR,DEBIT,COMPLETED,Dinner,,Food
ded3eff7-4fd3-4d22-bea0-85825c22a59d,ACC-STUDENT-005,2025-05-01T09:00:00Z,29666.46,NPR,CREDIT,COMPLETED,Monthly Allowance,Family Transfer,Income
cf2ba2d1-99ca-45e3-99a3-521e1320e10d,ACC-STUDENT-001,2025-10-27T18:20:00Z,440.05,NPR,DEBIT,COMPLETED,Ride Sharing,Sajha Yatayat,Transport
7f3f6f5b-d01f-4ad2-9885-70993fcf367e,ACC-STUDENT-001,2025/06/22,557.81,NPR,DEBIT,COMPLETED,Spotify Premium,QFX Cinemas,Entertainment
a1ab0ac6-f30e-4b44-bb83-62c2dd2d5aba,ACC-STUDENT-004,2025-05-04T12:28:00Z,Rs. 687.01,NPR,DEBIT,COMPLETED,Coke and Momo,Cafe,Food
33acf364-ee8a-44f8-a819-62bb5724e3eb,ACC-STUDENT-004,2025-02-17T09:12:00Z,187.47,NPR,DEBIT,COMPLETED,Bus Ticket,Sajha Yatayat,transport
9eaed640-53cd-4fdc-815c-6a20fec765a1,ACC-STUDENT-001,2025-12-17T20:42:00Z,348.14,NPR,DEBIT,COMPLETED,Coke and Momo,Bakery,Food
8f609c29-0868-4106-9067-b01e243c4a8d,ACC-STUDENT-003,2025-08-28T19:41:00Z,170.52,NPR,DEBIT,COMPLETED,,Burger House,Food
e8f46113-b964-4a74-8d71-c4a3a99f0c28,ACC-STUDENT-004,2025-12-14T19:21:00Z,171.12,NPR,DEBIT,COMPLETED,Dinner,Burger House,Food
7f0d0c3e-7ebc-46d7-9a95-bc4a9ef5e933,ACC-STUDENT-002,2025-03-11T19:02:00Z,254.92,NPR,DEBIT,COMPLETED,Burger & Fries,Local Eatery,Food
5967cbd4-5b66-4eda-b1ac-2ba080c31cd8,ACC-STUDENT-003,2025-06-23T12:10:00Z,517.52,NPR,DEBIT,COMPLETED,Burger & Fries,Canteen,Food
d51f1f44-8b21-4e87-9c7c-15e167c326cb,ACC-STUDENT-004,2025-04-21T09:08:00Z,424.24,NPR,DEBIT,COMPLETED,Taxi Ride,Local Taxi,Transport
e3687b8c-2366-4c67-a3da-1d2ad2311868,ACC-STUDENT-004,2025-06-15T12:15:00Z,483.93,NPR,DEBIT,COMPLETED,Breakfast,Local Eatery,Food
67bdb56d-d2c9-48aa-ba47-08eb0749ddaa,ACC-STUDENT-004,2025-07-15T12:54:00Z,483.7,NPR,DEBIT,COMPLETED,Burger & Fries,Local Eatery,Food
0640eca0-5c19-474d-8c9b-aacc921e32ee,ACC-STUDENT-001,2025-03-30T12:00:00Z,3315.02,NPR,DEBIT,COMPLETED,Dairy Products,Big Mart,Groceries
1608a6d8-0949-4799-9813-bd444b9eedc2,ACC-STUDENT-003,2025-07-02T19:51:00Z,172.04,NPR,DEBIT,COMPLETED,Burger & Fries,Burger House,Food
eebe7e14-d8b6-4da3-b1d1-2c441dffe611,ACC-STUDENT-005,2025-06-18T19:48:00Z,320.93,NPR,DEBIT,COMPLETED,Dinner,Bakery,Food
bcd78c57-572a-4a2d-b922-b54dd6c32033,ACC-STUDENT-002,2025-08-30T13:38:00Z,408.58,NPR,DEBIT,COMPLETED,Coke and Momo,Canteen,Food
2eb4e7f5-94b5-4ba4-b593-1d2a0571c900,ACC-STUDENT-003,2025-09-21T19:47:00Z,532.41,NPR,DEBIT,COMPLETED,Snacks,Boba Shop,Food
2368413a-9f44-4578-9731-3f466ebe3096,ACC-STUDENT-002,2025-07-04T08:30:00Z,217.49,NPR,DEBIT,COMPLETED,Latte,Beans Cafe,Coffee
adac5017-60f1-4d4e-bddf-acfdca870aeb,ACC-STUDENT-003,2025-11-14T17:39:00Z,205.64,NPR,DEBIT,COMPLETED,Ride Sharing,InDrive,Transport
929d9e6b-320c-40b4-b783-da9b43c37060,ACC-STUDENT-005,2025-05-05T11:15:00Z,1744.64,NPR,DEBIT,COMPLETED,WiFi Internet,Worldlink,Utilities
cfda5606-a560-4f4f-be0c-a445a4129d31,ACC-STUDENT-001,2025-07-20T17:19:00Z,176.16,NPR,DEBIT,COMPLETED,Micro Fare,Microbus,Transport
25969d64-91ab-4efc-9fd2-9e04d86e8637,ACC-STUDENT-004,2025-05-28T17:49:00Z,473.73,NPR,DEBIT,COMPLETED,Daily Commute,Pathao,Transport
c474b85e-6a2e-4ab8-9c5c-de5279c3aa9f,ACC-STUDENT-004,2025-08-03T12:00:00Z,3281.03,NPR,DEBIT,COMPLETED,Weekly Groceries,Big Mart,Groceries
fb6319c5-4534-4ee6-b526-94f718d91788,ACC-STUDENT-004,2025-04-01T08:30:00Z,301.8,NPR,DEBIT,COMPLETED,Latte,Red Mug Cafe,Coffee
84da3236-3ed6-4e33-9147-8098d0d8ac9b,ACC-STUDENT-001,2025-10-21T09:15:00Z,465.02,NPR,DEBIT,COMPLETED,Taxi Ride,,Transport
8a46867f-3281-44aa-9e8e-f2751f4b3fb6,ACC-STUDENT-004,2025-02-15T12:00:00Z,"Rs. 2,948.16",NPR,DEBIT,COMPLETED,Dairy Products,Saleways,Groceries
4fc74a44-708e-4daf-b45f-48663b6155e8,ACC-STUDENT-003,2025-03-19T13:51:00Z,450.75,NPR,DEBIT,COMPLETED,Burger & Fries,Cafe,Food
d761a69d-0ec6-4d1a-b10a-43c725f0e8bc,ACC-STUDENT-003,2025-03-12T13:37:00Z,418.62,NPR,DEBIT,COMPLETED,Burger & Fries,Canteen,Food
2bd04874-f3cd-4965-8ed1-bb45449a94e1,ACC-STUDENT-002,2025-05-29T19:02:00Z,236.89,NPR,DEBIT,COMPLETED,Snacks,Burger House,Food
6541f079-fc17-4a1e-b9bd-a0bb718f09a1,ACC-STUDENT-001,2025-12-26T18:30:00Z,455.08,NPR,DEBIT,COMPLETED,Ride Sharing,Microbus,Transport
1cdd2257-c268-4453-a652-a4fdd219271a,ACC-STUDENT-005,2025-04-01T09:00:00Z,31871.49,NPR,CREDIT,COMPLETED,Monthly Allowance,Family Transfer,Income
03389881-1a78-49fb-9a54-ddc6b9d8f2c5,ACC-STUDENT-004,2025-04-27T12:00:00Z,2010.47,NPR,DEBIT,COMPLETED,Dairy Products,Fresh Vegetable Vendor,Groceries
fdd30f17-4248-48d4-98ad-be502162f91a,ACC-STUDENT-004,2025-05-14T18:41:00Z,176.54,NPR,DEBIT,COMPLETED,Daily Commute,InDrive,Transport
7aa02e8a-4993-4c61-b8e4-606460c99977,ACC-STUDENT-005,2025-08-29T09:42:00Z,291.62,NPR,DEBIT,COMPLETED,Ride Sharing,,Transport
aa7d0f57-a700-428c-b44f-edd63491dc5e,ACC-STUDENT-005,2026-01-06T16:20:00Z,1651.53,NPR,DEBIT,COMPLETED,Saree for Mother,Bhatbhateni Fashion,Shopping
f82b51fc-a9e4-4889-ab35-e7ce9b7c73a6,ACC-STUDENT-002,2025-09-21T12:45:00Z,Rs. 597.16,NPR,DEBIT,COMPLETED,Meals,Bakery,Food
3f5d8ff7-b870-4d7e-9e45-146407a2f5ff,ACC-STUDENT-003,2025-04-09T12:27:00Z,464.21,NPR,DEBIT,COMPLETED,Dinner,Local Eatery,Food
00bb13e0-e5ac-429f-8bad-04b7b7547e9a,ACC-STUDENT-004,2025-03-08T13:57:00Z,404.2,NPR,DEBIT,COMPLETED,Meals,Local Eatery,Food
114a6771-1ab1-4a6d-b43d-0bc70fbbf179,ACC-STUDENT-001,2025-09-26T20:55:00Z,501.38,NPR,DEBIT,COMPLETED,Dinner,Local Eatery,Food
d83fc976-b368-41ea-94f0-b0d33e7c2e8d,ACC-STUDENT-004,2025-05-05T11:15:00Z,2327.55,NPR,DEBIT,COMPLETED,,Worldlink,Utilities
05f90c01-dd71-4557-8e1b-6c19e91f1a5b,ACC-STUDENT-001,2026-01-12T18:49:00Z,271.48,NPR,DEBIT,COMPLETED,Micro Fare,Pathao,Transport
4f307495-d636-4a3a-bc17-43550929f134,ACC-STUDENT-005,2025-09-27T12:55:00Z,278.86,NPR,DEBIT,COMPLETED,Snacks,Canteen,Food
480e8bda-5c9a-4e35-82b8-dfbc64e4e73b,ACC-STUDENT-002,2025-04-14T09:05:00Z,57.22,NPR,DEBIT,COMPLETED,Daily Commute,Bus,Transport
fc54c96f-5737-42f2-91cc-678ae6639cf4,ACC-STUDENT-002,2025-03-15T08:00:00Z,308.56,NPR,DEBIT,COMPLETED,Spotify Premium,Spotify,Entertainment
ae0c4d29-b13c-4770-bc41-11ff221404b5,ACC-STUDENT-001,2025-09-08T08:30:00Z,150.59,NPR,DEBIT,COMPLETED,Cappuccino,Local Tea Stall,Coffee
898c121b-c6a5-4c33-8b20-b1686dec125a,ACC-STUDENT-001,2025-04-25T20:33:00Z,447.04,NPR,DEBIT,COMPLETED,Burger & Fries,Local Eatery,Food
dca77b0a-78d5-450a-a59f-ceb8d7938071,ACC-STUDENT-001,2025-02-23T12:52:00Z,192.47,NPR,DEBIT,COMPLETED,Snacks,Canteen,Food
af193d2c-4b1e-40c3-b972-a5253b3e5176,ACC-STUDENT-001,2025-04-09T08:30:00Z,188.2,NPR,DEBIT,COMPLETED,Cappuccino,Local Tea Stall,Coffee
fbedb21e-0d82-4450-9160-2affe836ab5a,ACC-STUDENT-002,2025-03-27T20:13:00Z,410.2,NPR,DEBIT,COMPLETED,Breakfast,Canteen,Food
ba786288-d319-463a-a27c-a59e7296348e,ACC-STUDENT-001,2025-10-23T13:36:00Z,249.29,NPR,DEBIT,COMPLETED,Dinner,Local Eatery,Food
eff18485-9187-4dcb-9f8c-b57b7e140b2f,ACC-STUDENT-001,2025-05-02T17:20:00Z,178.44,NPR,DEBIT,COMPLETED,Daily Commute,Bus,Transport
99217acc-cf68-4190-90e5-375a8d62ae1e,ACC-STUDENT-004,2025-08-19T09:29:00Z,186.82,NPR,DEBIT,COMPLETED,Micro Fare,Local Taxi,Transport
f824f17a-2b16-465a-9712-584078309e69,ACC-STUDENT-003,2025-08-06T12:16:00Z,761.98,NPR,DEBIT,COMPLETED,Coke and Momo,Boba Shop,Food
3deadbab-b469-40c5-b019-269d98e63ee9,ACC-STUDENT-001,2025-08-17T09:48:00Z,293.53,NPR,DEBIT,COMPLETED,Taxi Ride,Sajha Yatayat,Transport
854d6313-451b-4113-8cb6-2531f5d3ad25,ACC-STUDENT-004,2025-09-09T18:49:00Z,184.03,NPR,DEBIT,COMPLETED,Micro Fare,Sajha Yatayat,Transport
92cf61ff-05ff-43ca-bf15-85153f520667,ACC-STUDENT-005,2025-11-23T19:24:00Z,252.31,NPR,DEBIT,COMPLETED,Snacks,Burger House,Food
a28a6b02-2fae-4892-af94-7ef6ec795ea6,ACC-STUDENT-003,2025-11-21T18:03:00Z,172.2,NPR,DEBIT,COMPLETED,,Local Taxi,Transport
58b297c0-f9ae-41f6-980e-4881263420b0,ACC-STUDENT-003,2025-09-17T12:41:00Z,578.7,NPR,DEBIT,COMPLETED,Snacks,Canteen,Food
f9baeeab-0591-4b27-b410-d220bf9fe7be,ACC-STUDENT-005,2025-02-16T12:00:00Z,1735.6,NPR,DEBIT,COMPLETED,Vegetables & Fruits,Fresh Vegetable Vendor,Groceries
9f42e976-e9fc-4df9-b3b3-e07d6d4f0725,ACC-STUDENT-004,2025-06-27T17:53:00Z,112.79,NPR,DEBIT,COMPLETED,Bus Ticket,Sajha Yatayat,Transport
3ddca22e-2e45-4a57-8a40-d0ca8775c0b9,ACC-STUDENT-002,2025-02-10 14:30:00,5815.29,NPR,CREDIT,COMPLETED,Scholarship payout,Freelance Work,INCOME
d029f1dc-5ab0-44f1-8d37-37dfcb3c8418,ACC-STUDENT-003,2025-09-08T09:09:00Z,378.7,NPR,DEBIT,COMPLETED,Ride Sharing,Bus,Transport
7a4967f9-2cf0-46c6-8062-37472ea4a43f,ACC-STUDENT-005,2025-10-21T17:43:00Z,129.52,NPR,DEBIT,COMPLETED,Taxi Ride,InDrive,Transport
a4955611-85d1-41dd-8a22-00f492270318,ACC-STUDENT-003,2025-02-16T20:41:00Z,360.52,NPR,DEBIT,COMPLETED,Lunch,Restaurant,Food
fc3bfed5-7ad9-4f22-95e3-878d32407a1a,ACC-STUDENT-002,2025-07-10T18:59:00Z,235.08,NPR,DEBIT,COMPLETED,Micro Fare,Microbus,Transport
b37e4929-0afa-4deb-b0a1-6468ccfeff6e,ACC-STUDENT-004,2025-04-15T16:20:00Z,5176.97,NPR,DEBIT,COMPLETED,Birthday Gift,Mall,Shopping
fc749a16-6f03-4079-ae4e-15d9c5da96b3,ACC-STUDENT-003,2025-09-05T17:08:00Z,393.71,NPR,DEBIT,COMPLETED,Bus Ticket,Bus,Transport
2ee9bfed-6041-4217-b7be-21ad55b890c5,ACC-STUDENT-005,2025-01-24T19:52:00Z,691.36,NPR,DEBIT,COMPLETED,Burger & Fries,Boba Shop,Food
51141c88-ca49-446d-9b82-89e90f331930,ACC-STUDENT-003,2025-05-20T13:28:00Z,426.18,NPR,DEBIT,COMPLETED,Burger & Fries,Boba Shop,Food
75f7f98e-8584-4407-a64b-267efd893145,ACC-STUDENT-005,2025-05-07T12:40:00Z,192.75,NPR,DEBIT,COMPLETED,Dinner,Cafe,Food
66c84ac9-4e93-4a25-af8f-cf09475bb154,ACC-STUDENT-004,2026-01-12T18:34:00Z,227.82,NPR,DEBIT,COMPLETED,Bus Ticket,InDrive,Transport
dcc1ea44-d682-4037-802d-e9b248b7db23,ACC-STUDENT-004,2025-05-15T08:00:00Z,375.6,NPR,DEBIT,COMPLETED,Spotify Premium,Spotify,Entertainment
38e2ee1a-7ec5-4bdf-9e35-ffb41e8df17f,ACC-STUDENT-003,2025/02/07,193.58,NPR,DEBIT,COMPLETED,Taxi Ride,Microbus,Transport
da224087-73b5-44a0-973e-2cc954fa0def,ACC-STUDENT-005,2025-05-08T12:22:00Z,311.98,NPR,DEBIT,COMPLETED,Burger & Fries,Canteen,Food
46e6ac5b-0574-49f3-be74-dae32df8bf78,ACC-STUDENT-001,2025-01-30T18:40:00Z,433.81,NPR,DEBIT,COMPLETED,Bus Ticket,Sajha Yatayat,Transport
fd519a70-4e98-40ef-8a9f-39383d93f058,ACC-STUDENT-001,2025-02-04T17:38:00Z,492.91,NPR,DEBIT,COMPLETED,Daily Commute,Sajha Yatayat,transport
b9cd1286-8917-4adf-93db-598f78785620,ACC-STUDENT-001,2025-08-28T08:30:00Z,140.24,NPR,DEBIT,COMPLETED,Latte,Coffee Point,coffee
0d3ea7ca-bba1-4bee-a8f5-9ee04e3d40ad,ACC-STUDENT-002,2025-11-22T19:20:00Z,648.17,NPR,DEBIT,COMPLETED,Snacks,Canteen,Food
e89df73e-fabe-439d-b823-dff4719e2545,ACC-STUDENT-005,2025-08-28T17:09:00Z,288.13,NPR,DEBIT,COMPLETED,Micro Fare,Bus,Transport
ad5fffdf-e282-44c8-88d0-b9b24d8ffd5a,ACC-STUDENT-004,2025-09-19T12:26:00Z,537.93,NPR,DEBIT,COMPLETED,Snacks,Burger House,Food
9336fef6-fd3d-4c35-a7f0-fa33da9ad00b,ACC-STUDENT-001,2025-08-24T18:30:00Z,959.34,NPR,DEBIT,COMPLETED,Movie Ticket,QFX Cinemas,Entertainment
dc68017c-3bb3-4f7a-aa28-fc8f46188b60,ACC-STUDENT-005,2025-10-16T17:21:00Z,394.12,NPR,DEBIT,COMPLETED,Ride Sharing,Bus,Transport
0d57886a-7fd7-486b-82e0-ff487d50c72c,ACC-STUDENT-005,2025-12-12T17:06:00Z,119.31,NPR,DEBIT,COMPLETED,Taxi Ride,Pathao,Transport
8540e451-8282-4c5e-9ebb-6c2c13cc2802,ACC-STUDENT-003,2025-06-02T13:53:00Z,492.04,NPR,DEBIT,COMPLETED,Burger & Fries,Restaurant,Food
5355967e-f601-4423-888e-051ecde894af,ACC-STUDENT-003,2025-10-05T11:15:00Z,2205.48,NPR,DEBIT,COMPLETED,WiFi Internet,Worldlink,utilities
a051f2f8-f210-431f-bb9b-f4d0d4e142fe,ACC-STUDENT-002,2025-10-01T08:30:00Z,285.87,NPR,DEBIT,COMPLETED,Chiya,Beans Cafe,Coffee
13923d6d-21b6-43e0-b40d-c1b3c2184350,ACC-STUDENT-003,2025-08-02T20:21:00Z,285.46,NPR,DEBIT,COMPLETED,Meals,Burger House,Food
656afa61-f7bf-4a84-9f11-6173ed794c20,ACC-STUDENT-003,2025-06-14T12:00:00Z,4070.5,NPR,DEBIT,COMPLETED,Vegetables & Fruits,Big Mart,Groceries
41cf4c91-3d1a-4b5a-98c0-0f6278eb7293,ACC-STUDENT-004,2025-09-02T19:15:00Z,434.22,NPR,DEBIT,COMPLETED,Snacks,Burger House,Food
3ec40fc7-0bdf-4e2b-b1f1-732ce2734594,ACC-STUDENT-003,2025-08-29T08:30:00Z,110.46,NPR,DEBIT,COMPLETED,Cappuccino,Himalayan Java,Coffee
b4c90607-5487-4f12-a876-059d8e5259ea,ACC-STUDENT-004,2025-02-02T10:00:00Z,12527.26,NPR,DEBIT,COMPLETED,House Rent,Rent House Ltd,Utilities
4944f129-d4e8-4d54-af21-05ca11e1f725,ACC-STUDENT-004,2025-12-09T13:56:00Z,192.07,NPR,DEBIT,COMPLETED,Snacks,Local Eatery,Food
71fde1dc-4c24-453a-b32a-1e292a15f375,ACC-STUDENT-001,2025-09-26T18:38:00Z,255.44,NPR,DEBIT,COMPLETED,Bus Ticket,Sajha Yatayat,Transport
dc7901ee-5a50-4ad3-9f85-79d2413de988,ACC-STUDENT-002,2025-09-17T08:30:00Z,324.33,NPR,DEBIT,COMPLETED,Cappuccino,Coffee Point,Coffee
1fc1b4df-215a-4b55-940d-a36c0cc8cd36,ACC-STUDENT-002,2025-06-15T12:18:00Z,382.25,NPR,DEBIT,COMPLETED,Burger & Fries,Restaurant,Food
9c0162f4-0445-4c78-a011-a4cf98474867,ACC-STUDENT-002,2025-10-24T12:30:00Z,253.56,NPR,DEBIT,COMPLETED,Meals,,Food
a7750ce6-1611-4208-8e65-6c2f7796f6d3,ACC-STUDENT-005,2025-10-03T19:18:00Z,548.49,NPR,DEBIT,COMPLETED,Snacks,Bakery,Food
6bd032b6-05c7-442e-a9f3-8a283f0eabfe,ACC-STUDENT-001,2026-01-01T12:23:00Z,483.14,NPR,DEBIT,COMPLETED,Burger & Fries,Canteen,Food
567981dd-b6eb-4043-9d90-64d53786d628,ACC-STUDENT-002,2025-12-15T08:30:00Z,173.93,NPR,DEBIT,COMPLETED,Chiya,Beans Cafe,Coffee
ba2c0624-9802-4e40-a547-50abc2839e04,ACC-STUDENT-004,2025-11-04T17:10:00Z,224.55,NPR,DEBIT,COMPLETED,Ride Sharing,Bus,Transport
87f6e6ec-6859-4516-9319-17d834d1cf5d,ACC-STUDENT-004,2025-04-01T13:24:00Z,705.15,NPR,DEBIT,COMPLETED,Coke and Momo,Canteen,Food
3f43a9f2-91b9-4112-b3e5-28e625edf9b7,ACC-STUDENT-001,2025-12-09T20:44:00Z,674.82,NPR,DEBIT,COMPLETED,Breakfast,Bakery,Food
307fcda7-05bb-4cad-925a-7a72c28ba2db,ACC-STUDENT-005,2025-03-24T17:36:00Z,405.76,NPR,DEBIT,COMPLETED,,InDrive,transport
b807717a-91d1-431e-a257-f1b2a94a99d1,ACC-STUDENT-005,2025-03-04T13:23:00Z,653.29,NPR,DEBIT,COMPLETED,Coke and Momo,Local Eatery,Food
fb454602-e85e-4e0f-ad42-eac219a587af,ACC-STUDENT-001,2025-05-21T18:31:00Z,57.08,NPR,DEBIT,COMPLETED,Bus Ticket,InDrive,Transport
9145d29a-30cd-4d83-a2f8-c0f56cdb2ce1,ACC-STUDENT-002,2025-02-09T12:00:00Z,3838.48,NPR,DEBIT,COMPLETED,Rice and Oil,Big Mart,Groceries
77a92144-b555-4d66-b81d-3e817b8f392a,ACC-STUDENT-003,2026-01-05T11:15:00Z,2193.53,NPR,DEBIT,COMPLETED,WiFi Internet,,Utilities
82373cbf-3451-45e5-a810-c6f2280a4338,ACC-STUDENT-004,2025-11-28T08:30:00Z,120.07,NPR,DEBIT,COMPLETED,Americano,Beans Cafe,Coffee
f25d85f9-e629-4171-b047-5168c6ed1e01,ACC-STUDENT-004,2025-06-01T09:00:00Z,32348.04,NPR,CREDIT,COMPLETED,Monthly Allowance,Family Transfer,Income
f515b48d-1b5e-41f1-9714-158d52945c99,ACC-STUDENT-004,2025-01-15T17:17:00Z,349.37,NPR,DEBIT,COMPLETED,Micro Fare,InDrive,Transport
73122ec4-132d-4ceb-bed4-e07896f036c8,ACC-STUDENT-005,2025-11-03T09:28:00Z,173.05,NPR,DEBIT,COMPLETED,Taxi Ride,Local Taxi,Transport
60ec9055-2649-4739-a72e-571b5005e698,ACC-STUDENT-001,2025-11-06T19:50:00Z,194.09,NPR,DEBIT,COMPLETED,Dinner,Local Eatery,Food
d00c3bca-2d00-4e3e-b5df-bf7cfa15d3db,ACC-STUDENT-005,2025-01-26T18:27:00Z,243.36,NPR,DEBIT,COMPLETED,Bus Ticket,InDrive,Transport
60fc23fd-f0f9-484e-b01d-dc03be315ac7,ACC-STUDENT-005,2025-09-13T12:00:00Z,2106.39,NPR,DEBIT,COMPLETED,Dairy Products,Fresh Vegetable Vendor,Groceries
835eca4b-6780-4790-bf04-7a03dff884ab,ACC-STUDENT-003,2025-10-23T08:30:00Z,291.4,NPR,DEBIT,COMPLETED,Cappuccino,Red Mug Cafe,Coffee
666bf7e0-c7b0-44dc-a7a2-faad42ce5e1e,ACC-STUDENT-002,2025-02-13T16:20:00Z,4613.13,NPR,DEBIT,COMPLETED,Gift for Mom,Bhatbhateni Fashion,Shopping
34cba6a7-42bb-407c-bfc8-250b3d69e0a9,ACC-STUDENT-002,2025-11-10T20:15:00Z,594.39,NPR,DEBIT,COMPLETED,Snacks,Cafe,FOOD
de5a58be-cd4d-4beb-affb-ccaf386a0391,ACC-STUDENT-004,2025-08-03T18:30:00Z,886.86,NPR,DEBIT,COMPLETED,Bowling Session,QFX Cinemas,Entertainment
8594ab90-7c38-43d0-bd86-32525a6b4bda,ACC-STUDENT-005,2025-03-12T08:30:00Z,253.76,NPR,DEBIT,COMPLETED,Iced Coffee,Local Tea Stall,Coffee
5cf2b56a-afcf-4b76-8e9c-0b007b1a61a4,ACC-STUDENT-003,2025-09-03T20:31:00Z,416.8,NPR,DEBIT,COMPLETED,Dinner,Boba Shop,Food
db201b93-8647-4124-91e5-8d7a82b3dc3c,ACC-STUDENT-003,2025/08/02,340.85,NPR,DEBIT,COMPLETED,Lunch,Bakery,Food
3b8688bc-b544-43d8-91e3-44212fd29d28,ACC-STUDENT-004,2025-04-17T08:30:00Z,190.85,NPR,DEBIT,COMPLETED,Iced Coffee,Himalayan Java,Coffee
1a083e9c-3d95-481b-9468-e388ca91305b,ACC-STUDENT-005,2025-08-26T19:05:00Z,489.88,NPR,DEBIT,COMPLETED,Meals,Cafe,Food
db2e1101-543f-4e15-84c1-503f471141f5,ACC-STUDENT-002,2025-03-09 18:30:00,745.1,NPR,DEBIT,COMPLETED,Spotify Premium,QFX Cinemas,Entertainment
6e12ffa0-6f59-415c-b29a-dd777ec3d139,ACC-STUDENT-005,2025-02-08T19:37:00Z,793.24,NPR,DEBIT,COMPLETED,Coke and Momo,Restaurant,Food
fe0f32c2-03a6-4954-80b4-31953b544a16,ACC-STUDENT-005,2025-02-03T09:56:00Z,250.93,NPR,DEBIT,COMPLETED,Taxi Ride,Local Taxi,Transport
fcc7037b-73f4-470a-bbe9-66f16f636876,ACC-STUDENT-004,2025-05-11T13:43:00Z,719.95,NPR,DEBIT,COMPLETED,Breakfast,Cafe,Food
99e76e65-f6f8-4e8e-983e-ea5c55943d4a,ACC-STUDENT-002,2025-08-01T09:04:00Z,289.46,NPR,DEBIT,COMPLETED,Taxi Ride,Pathao,Transport
b8a0b19a-e00e-4a06-8364-ad2b023689a7,ACC-STUDENT-005,2025-09-10T09:49:00Z,246.43,NPR,DEBIT,COMPLETED,Taxi Ride,Microbus,Transport
2d343ebd-aac3-47ab-9ef8-80c63496c8c7,ACC-STUDENT-003,2025-11-01T09:08:00Z,430.93,NPR,DEBIT,COMPLETED,Micro Fare,Pathao,Transport
0681dfc9-c46e-464f-8781-f03576dd691e,ACC-STUDENT-003,2025-09-15T18:49:00Z,119.75,NPR,DEBIT,COMPLETED,Bus Ticket,Bus,Transport
c4ef6f6c-27f2-4a67-8178-ec63b9d8002f,ACC-STUDENT-005,2025-02-11T12:33:00Z,567.24,NPR,DEBIT,COMPLETED,Meals,Restaurant,Food
fafce39d-f725-4cf3-ae5f-7aef2153959b,ACC-STUDENT-005,2025-09-28T13:47:00Z,408.85,NPR,DEBIT,COMPLETED,Lunch,Bakery,food
ad6f0abc-e73d-4745-991e-34572fcc5ced,ACC-STUDENT-004,2025-03-12T17:52:00Z,484.88,NPR,DEBIT,COMPLETED,Daily Commute,InDrive,Transport
8200c7e5-93d0-42c8-ace2-d92bcc1af26a,ACC-STUDENT-001,2025-01-15T08:30:00Z,311.87,NPR,DEBIT,COMPLETED,,,COFFEE
e6438df9-0895-489f-bfab-d93ca21cc342,ACC-STUDENT-003,2025-04-27T12:00:00Z,3259.06,NPR,DEBIT,COMPLETED,Weekly Groceries,Big Mart,Groceries
f1acf163-1a06-42f2-ad92-3567950c96c4,ACC-STUDENT-002,2025-12-12T09:11:00Z,56.44,NPR,DEBIT,COMPLETED,Daily Commute,Pathao,Transport
4cad39a8-ba02-45b6-b65b-1f6593268a14,ACC-STUDENT-001,2025-07-27T20:18:00Z,318.63,NPR,DEBIT,COMPLETED,Snacks,Bakery,Food
1036b2a8-044b-46e3-afe6-608a5f50c25f,ACC-STUDENT-002,2025-07-14T08:30:00Z,124.89,NPR,DEBIT,COMPLETED,Latte,Coffee Point,Coffee
5f441c92-89f3-4bb8-b971-ddfb8297dd1f,ACC-STUDENT-004,2025-05-28T19:08:00Z,698.9,NPR,DEBIT,COMPLETED,Coke and Momo,Restaurant,Food
2d6055ef-2935-4de9-a2db-48166f0c5d22,ACC-STUDENT-005,2025-09-03T13:43:00Z,549.72,NPR,DEBIT,COMPLETED,Dinner,Local Eatery,Food
d6a21b1d-8aa3-444a-80ff-203cef4ac7a0,ACC-STUDENT-005,2025/10/05,1504.51,NPR,DEBIT,COMPLETED,WiFi Internet,Worldlink,Utilities
0e8e6e40-8445-49d3-8efb-289cb8960c67,ACC-STUDENT-004,2025-12-02T13:16:00Z,606.14,NPR,DEBIT,COMPLETED,,Bakery,Food
3bef16f5-18a9-4843-8c43-aeb8c6b95f2c,ACC-STUDENT-005,2025-10-15T08:00:00Z,418.1,NPR,DEBIT,COMPLETED,Spotify Premium,Spotify,Entertainment
75978637-7f41-4eed-aa72-b02162cc985d,ACC-STUDENT-003,2025-01-16T08:30:00Z,171.61,NPR,DEBIT,COMPLETED,Cappuccino,Beans Cafe,Coffee
013345ec-ab76-45db-9fe8-51e0384f04f1,ACC-STUDENT-005,2025-09-16T12:28:00Z,773.42,NPR,DEBIT,COMPLETED,Lunch,Boba Shop,Food
a3ea1503-3dd7-439f-a016-cf036ab7dab5,ACC-STUDENT-004,2025-03-30T20:44:00Z,339.02,NPR,DEBIT,COMPLETED,Coke and Momo,,Food
daf7083b-71f4-4094-9bad-32763af6d491,ACC-STUDENT-005,2025-09-02T19:47:00Z,586.23,NPR,DEBIT,COMPLETED,Snacks,Burger House,Food
2ac87b84-f8cb-4e27-b850-c0e70f0cd05e,ACC-STUDENT-003,2025-09-15T18:36:00Z,310.68,NPR,DEBIT,COMPLETED,Bus Ticket,InDrive,Transport
ea3110c4-27e3-4f94-909d-24b0bedf7728,ACC-STUDENT-001,2025-11-08T19:45:00Z,707.58,NPR,DEBIT,COMPLETED,Coke and Momo,Canteen,Food
9f405aa4-8501-4709-9b55-847151d3ef1a,ACC-STUDENT-003,2025-04-04T09:59:00Z,491.61,NPR,DEBIT,COMPLETED,Micro Fare,Bus,Transport
8d4ec683-28c6-4457-a07f-183b929b9a63,ACC-STUDENT-005,2025-01-17T19:09:00Z,585.11,NPR,DEBIT,COMPLETED,Coke and Momo,Canteen,FOOD
72146413-a28c-43a2-b8dc-ab02cde317a9,ACC-STUDENT-002,2025-10-06T17:26:00Z,130.65,NPR,DEBIT,COMPLETED,Micro Fare,Bus,Transport
ed3f2c76-d76f-4d21-8cfd-af5a71a5a271,ACC-STUDENT-002,2025-03-01T12:00:00Z,4343.46,NPR,DEBIT,COMPLETED,Monthly Supplies,Big Mart,Groceries
60c6b374-9150-4fad-873e-f3d63a46df9f,ACC-STUDENT-004,2025-10-08T09:08:00Z,418.73,NPR,DEBIT,COMPLETED,Daily Commute,Pathao,Transport
946ee7d2-458d-4635-9985-072e3f997669,ACC-STUDENT-002,2025-06-27T18:14:00Z,447.98,NPR,DEBIT,COMPLETED,Ride Sharing,Microbus,Transport
7ee68aa1-3ceb-47b2-b43f-7689d43aad23,ACC-STUDENT-004,2025-03-10T19:36:00Z,161.63,NPR,DEBIT,COMPLETED,Coke and Momo,Boba Shop,Food
8991bdae-a88f-4f6f-abc2-81161c755593,ACC-STUDENT-002,2025-08-04T13:30:00Z,221.1,NPR,DEBIT,COMPLETED,Breakfast,Canteen,Food
49557312-837d-402d-8006-5f403643cdad,ACC-STUDENT-004,2026-01-05T19:37:00Z,549.3,NPR,DEBIT,COMPLETED,Burger & Fries,Local Eatery,Food
a3121867-fd55-40ea-be82-7224b8508269,ACC-STUDENT-004,2025-08-15T13:50:00Z,646.09,NPR,DEBIT,COMPLETED,Breakfast,Restaurant,Food
b4f1e452-ec8c-4f7a-a2e9-f451b5068c71,ACC-STUDENT-003,2025-01-30T16:20:00Z,4455.12,NPR,DEBIT,COMPLETED,Books,Bhatbhateni Fashion,Shopping
4e04c1e4-40c1-4132-bfca-33a46d846573,ACC-STUDENT-002,2025/12/07,2246.99,NPR,DEBIT,COMPLETED,Dairy Products,Bhatbhateni,Groceries
63753666-4083-4093-ae07-82a6ce326062,ACC-STUDENT-003,2025-09-27T13:17:00Z,Rs. 209.74,NPR,DEBIT,COMPLETED,Coke and Momo,Local Eatery,Food
deb4b05d-6fc4-4850-9d06-28fbf5dea7fd,ACC-STUDENT-001,2025-11-28T08:30:00Z,331.81,NPR,DEBIT,COMPLETED,Iced Coffee,Local Tea Stall,Coffee
d8485beb-6833-4fe1-a28f-6bac4be358d3,ACC-STUDENT-002,2025-02-25T08:30:00Z,347.98,NPR,DEBIT,COMPLETED,Chiya,Red Mug Cafe,Coffee
2cbad81e-0be7-4ba2-b812-211aca85cca6,ACC-STUDENT-005,2025-04-29T17:53:00Z,51.69,NPR,DEBIT,COMPLETED,Taxi Ride,InDrive,Transport
7b9cf967-6af9-4557-8f4a-031c440a431d,ACC-STUDENT-005,2025-08-07T12:56:00Z,263.23,NPR,DEBIT,COMPLETED,Breakfast,Restaurant,Food
5ebbf85c-9153-46b6-bcbd-468749263288,ACC-STUDENT-004,2025-07-21T09:11:00Z,70.35,NPR,DEBIT,COMPLETED,Taxi Ride,Microbus,Transport
a6c38a25-3d5f-49e6-8038-7b979b818509,ACC-STUDENT-005,2025-08-09T18:28:00Z,318.7,NPR,DEBIT,COMPLETED,Micro Fare,Microbus,Transport
cd5c61c1-7c01-4497-a3ad-c1d4f56e8aa3,ACC-STUDENT-003,2025-04-23T16:20:00Z,4872.35,NPR,DEBIT,COMPLETED,Gift for Mom,Clothing Shop,shopping
a25ee32d-a4fa-4e5d-a848-c44e4c6f81e8,ACC-STUDENT-001,2025-03-17T09:39:00Z,69.51,NPR,DEBIT,COMPLETED,Bus Ticket,Local Taxi,Transport
dd80ac85-a8a8-46f5-8885-7fa1f1a96a84,ACC-STUDENT-005,2025-09-15T13:07:00Z,685.93,NPR,DEBIT,COMPLETED,Meals,Burger House,Food
241f2bb1-3e1e-4335-b45e-13ece0751c4a,ACC-STUDENT-001,2025-01-28T08:30:00Z,254.85,NPR,DEBIT,COMPLETED,Iced Coffee,Coffee Point,Coffee
05c3bc06-bb5c-4a13-a6e9-95d247e75ab0,ACC-STUDENT-001,2025-06-26T13:46:00Z,Rs. 735.29,NPR,DEBIT,COMPLETED,Breakfast,Boba Shop,Food
69e28dbf-c5bf-4412-bca6-61a369d2b37f,ACC-STUDENT-001,2025-12-26T13:51:00Z,517.4,NPR,DEBIT,COMPLETED,Snacks,Restaurant,Food
20701f87-66a5-4861-9a17-6dd01bc84f3b,ACC-STUDENT-004,2025-11-18T13:15:00Z,358.17,NPR,DEBIT,COMPLETED,Snacks,Boba Shop,Food
11a2313f-077c-4c2f-abf9-1e66f0bb4088,ACC-STUDENT-003,2025-05-14T09:13:00Z,260.19,NPR,DEBIT,COMPLETED,Bus Ticket,Microbus,Transport
c5c97120-d5f1-484c-9772-11a64827e5be,ACC-STUDENT-005,2025-12-02T09:23:00Z,399.71,NPR,DEBIT,COMPLETED,Ride Sharing,Sajha Yatayat,Transport
3a86f456-63b9-4c94-8c28-3555d630c8f9,ACC-STUDENT-005,2025-10-16T12:28:00Z,798.66,NPR,DEBIT,COMPLETED,Dinner,Bakery,Food
db49a099-a0f9-479d-bfab-4dce7d4c4406,ACC-STUDENT-002,2025-10-15T17:05:00Z,102.32,NPR,DEBIT,COMPLETED,Daily Commute,Pathao,Transport
349ca0d4-2164-47e5-9d86-73d98b715e20,ACC-STUDENT-004,2025/06/05,323.88,NPR,DEBIT,COMPLETED,Daily Commute,InDrive,Transport
6f0bdcdd-39b7-4025-867e-4eaa2b32700c,ACC-STUDENT-001,2025-03-30T12:51:00Z,734.43,NPR,DEBIT,COMPLETED,Dinner,Burger House,Food
4c387289-3fcb-4164-b9b2-ff4c0e838623,ACC-STUDENT-001,2025-11-20T17:09:00Z,179.81,NPR,DEBIT,COMPLETED,Ride Sharing,Pathao,Transport
43228d18-b84b-4335-9ea1-e163d88df618,ACC-STUDENT-002,2025-10-23T08:30:00Z,339.98,NPR,DEBIT,COMPLETED,Americano,Beans Cafe,Coffee
5c7721c8-91fd-420b-9872-d4c2681cd4c6,ACC-STUDENT-004,2026-01-05T11:15:00Z,2053.02,NPR,DEBIT,COMPLETED,WiFi Internet,Worldlink,Utilities
5afc2ccd-93c3-4d7d-97c7-123be9c186ee,ACC-STUDENT-002,2025-07-11T20:07:00Z,277.11,NPR,DEBIT,COMPLETED,Snacks,Canteen,Food
d7d96599-4e1f-45fb-b335-602d8fb791ca,ACC-STUDENT-001,2025-05-03T16:20:00Z,5678.05,NPR,DEBIT,COMPLETED,Shopping,Clothing Shop,Shopping
02c0d7e9-459d-40fe-bd5b-1dd97798b062,ACC-STUDENT-002,2025-05-05T18:49:00Z,465.73,NPR,DEBIT,COMPLETED,Daily Commute,Microbus,transport
1dc48cf3-6079-403b-8891-d1129ba9e834,ACC-STUDENT-002,2025-04-15T08:00:00Z,417.24,NPR,DEBIT,COMPLETED,Spotify Premium,Spotify,Entertainment
58533e5f-5977-4f95-b023-33c096db6936,ACC-STUDENT-003,2025-12-16T18:40:00Z,360.94,NPR,DEBIT,COMPLETED,Taxi Ride,Local Taxi,Transport
45194eda-b8d3-4769-8c31-ad6cea8c78bb,ACC-STUDENT-003,2025-02-14 17:13:00,114.83,NPR,DEBIT,COMPLETED,Daily Commute,Bus,transport
f371f98b-e876-48c8-af40-c88d5cc43afc,ACC-STUDENT-003,2025-10-21T18:36:00Z,459.44,NPR,DEBIT,COMPLETED,Daily Commute,Microbus,transport
f7ebd5b0-31fd-488e-b7a7-280b7a778035,ACC-STUDENT-004,2025-08-12T18:02:00Z,111.52,NPR,DEBIT,COMPLETED,Daily Commute,Local Taxi,Transport
0560845e-c63a-4975-b272-6093c3e94915,ACC-STUDENT-005,2025-06-12T19:54:00Z,534.75,NPR,DEBIT,COMPLETED,Snacks,Restaurant,Food
35dcfdc4-105d-4d30-811a-ea0727cc5b16,ACC-STUDENT-002,2025-03-29T12:00:00Z,3928.46,NPR,DEBIT,COMPLETED,Vegetables & Fruits,Fresh Vegetable Vendor,Groceries
f0f2bdf3-f509-4c09-aa37-418262929945,ACC-STUDENT-003,2025-02-27T19:55:00Z,272.25,NPR,DEBIT,COMPLETED,,Bakery,Food
4c4423ba-8fcb-4066-b619-2edfe3f46f01,ACC-STUDENT-003,2025-06-26T13:43:00Z,312.58,NPR,DEBIT,COMPLETED,Meals,Bakery,FOOD
772af58a-cef8-45d6-8fef-0daf58519fa7,ACC-STUDENT-005,2025-06-18T18:34:00Z,362.28,NPR,DEBIT,COMPLETED,Micro Fare,Bus,Transport
d917310d-78b7-4d25-9484-6d1987dd1e9c,ACC-STUDENT-001,2025-03-14T20:39:00Z,415.28,NPR,DEBIT,COMPLETED,Dinner,Canteen,Food
d9557ab0-3017-455c-b7b9-dc675e4c37cd,ACC-STUDENT-001,2025-09-26T20:08:00Z,780.2,NPR,DEBIT,COMPLETED,Coke and Momo,Local Eatery,Food
4f6b79ca-731d-410e-bb22-d47017c51f60,ACC-STUDENT-001,2026-01-09T19:43:00Z,784.52,NPR,DEBIT,COMPLETED,Snacks,Cafe,Food
1a786bd2-0965-4573-a29f-79ce74c985d3,ACC-STUDENT-005,2025-02-15T16:20:00Z,2380.18,NPR,DEBIT,COMPLETED,T-shirt,Miniso,Shopping
2b7a610a-955b-4917-bb8c-523050e35a36,ACC-STUDENT-002,2025-06-19T17:29:00Z,114.86,NPR,DEBIT,COMPLETED,Bus Ticket,Sajha Yatayat,Transport
057567db-4d3c-4091-bea4-45465506176c,ACC-STUDENT-002,2025-06-13T19:54:00Z,609.85,NPR,DEBIT,COMPLETED,Lunch,Cafe,Food
682065f9-4b50-44b3-937e-03e9db4b34a8,ACC-STUDENT-002,2025-12-15T13:25:00Z,683.02,NPR,DEBIT,COMPLETED,Burger & Fries,Cafe,Food
045565ec-077e-4ea1-a7cb-2c3422e59d38,ACC-STUDENT-005,2025-11-11T08:30:00Z,140.73,NPR,DEBIT,COMPLETED,Cappuccino,Beans Cafe,Coffee
026c7af1-caea-488f-945c-238eaa58b8ef,ACC-STUDENT-001,2025-02-12T20:14:00Z,327.41,NPR,DEBIT,COMPLETED,Snacks,Canteen,Food
eff197a2-4009-40d3-9bfe-4ad859aa3406,ACC-STUDENT-001,2025-10-09T18:14:00Z,289.25,NPR,DEBIT,COMPLETED,Ride Sharing,Pathao,Transport
b240de37-4cab-47a6-b221-10395dbd3552,ACC-STUDENT-002,2025-05-31T12:55:00Z,321.29,NPR,DEBIT,COMPLETED,Coke and Momo,Cafe,Food
57a98690-2860-446b-a43a-b2e21ea0e510,ACC-STUDENT-002,2025-08-22T13:43:00Z,624.49,NPR,DEBIT,COMPLETED,Coke and Momo,Burger House,Food
27908e4b-6e4f-4a92-b0ba-2e2ac11480ed,ACC-STUDENT-003,2025-02-11T09:20:00Z,359.73,NPR,DEBIT,COMPLETED,Taxi Ride,Microbus,transport
62dfffed-ade6-4623-8331-1067f3ca0386,ACC-STUDENT-001,2025-04-17T18:26:00Z,396.12,NPR,DEBIT,COMPLETED,Bus Ticket,Bus,Transport
809dfc46-9e13-4f51-9317-a1d675234f00,ACC-STUDENT-004,2025-01-27T20:17:00Z,628.48,NPR,DEBIT,COMPLETED,Burger & Fries,Boba Shop,Food
0e7b89a0-5cf7-401b-9679-0e7a8b5f8ee3,ACC-STUDENT-004,2025-09-07T12:06:00Z,405.87,NPR,DEBIT,COMPLETED,Breakfast,Local Eatery,Food
9d631809-70c1-446c-b281-a4b494e038b1,ACC-STUDENT-003,2025-10-06T18:19:00Z,485.45,NPR,DEBIT,COMPLETED,Taxi Ride,Pathao,Transport
891f93b3-61bc-4c3c-9b1b-45357eb7c1fa,ACC-STUDENT-002,2025-12-04T18:52:00Z,106.09,NPR,DEBIT,COMPLETED,Ride Sharing,InDrive,Transport
7e312e04-746a-4044-810a-078823306996,ACC-STUDENT-002,2025-05-26T16:20:00Z,2478.58,NPR,DEBIT,COMPLETED,Gift for Mom,Clothing Shop,Shopping
1725d705-3fa9-436d-a426-2ac121ceca0e,ACC-STUDENT-005,2025-05-11T12:17:00Z,357.65,NPR,DEBIT,COMPLETED,Lunch,Burger House,Food
804399d6-78cc-4d3e-8686-d21e77641be0,ACC-STUDENT-004,2025-02-05T18:15:00Z,88.68,NPR,DEBIT,COMPLETED,Taxi Ride,Sajha Yatayat,Transport
5a949086-c920-4e78-a1b2-31713f564cea,ACC-STUDENT-004,2025-04-24T12:36:00Z,535.51,NPR,DEBIT,COMPLETED,Coke and Momo,Burger House,Food
b39a02f8-5c8d-4d14-a092-6528eedb2457,ACC-STUDENT-003,2025-12-26T08:30:00Z,263.68,NPR,DEBIT,COMPLETED,Americano,Himalayan Java,Coffee
a4b040b7-37b0-498c-9c15-9334502089e7,ACC-STUDENT-005,2025-02-22T16:20:00Z,4866.96,NPR,DEBIT,COMPLETED,Saree for Mother,Bhatbhateni Fashion,Shopping
2996db08-c675-4e77-a4c2-e58704cd30c7,ACC-STUDENT-003,2025/08/28,390.02,NPR,DEBIT,COMPLETED,Micro Fare,Microbus,Transport
1b829edb-c210-4b6b-8c90-eb6cac8b95f7,ACC-STUDENT-004,2025-06-21T20:51:00Z,401.87,NPR,DEBIT,COMPLETED,Snacks,Cafe,Food
e6f3bbb2-9f6c-46f3-bfcc-1be0ce7e420c,ACC-STUDENT-003,2025-04-05T11:15:00Z,1232.09,NPR,DEBIT,COMPLETED,WiFi Internet,,Utilities
74607f5b-da95-4b12-ae13-d191890c4440,ACC-STUDENT-005,2025-05-12T17:21:00Z,161.85,NPR,DEBIT,COMPLETED,Ride Sharing,Bus,Transport
f513da25-cb88-487b-af18-70b822215624,ACC-STUDENT-002,2025-05-08T12:38:00Z,358.09,NPR,DEBIT,COMPLETED,Burger & Fries,Burger House,Food
f4a5251b-ef72-4657-9cb1-c4ebbac8ca9d,ACC-STUDENT-004,2025-11-24T13:29:00Z,750.81,NPR,DEBIT,COMPLETED,Lunch,Local Eatery,Food
39ea4d60-a7c2-4b7e-bbd6-de5c537d5841,ACC-STUDENT-002,2025-12-10T19:30:00Z,455.17,NPR,DEBIT,COMPLETED,Dinner,Cafe,Food
e8298363-5f11-4e26-ac87-052b8efe0ec9,ACC-STUDENT-005,2025-10-19T18:30:00Z,996.05,NPR,DEBIT,COMPLETED,Bowling Session,Spotify,Entertainment
f6fce7a0-b244-4b87-bea6-3d10d9735803,ACC-STUDENT-002,2025-01-31T09:14:00Z,371.1,NPR,DEBIT,COMPLETED,Ride Sharing,Local Taxi,Transport
ac9a6f42-1595-47bd-bfa5-7deeec57f7f4,ACC-STUDENT-001,2025-03-05T08:30:00Z,314.0,NPR,DEBIT,COMPLETED,Iced Coffee,Himalayan Java,Coffee
bd7e49c2-d82d-44b9-b4f6-36aeb00438d6,ACC-STUDENT-001,2025-09-13T09:02:00Z,402.78,NPR,DEBIT,COMPLETED,Bus Ticket,InDrive,Transport
51820264-2475-45a7-a9ba-dae2a61d05d9,ACC-STUDENT-004,2025-12-08T17:02:00Z,354.46,NPR,DEBIT,COMPLETED,Daily Commute,Local Taxi,TRANSPORT
b6a56651-8c66-4e8c-8997-aa4d97dc52e0,ACC-STUDENT-004,2025-09-29T09:14:00Z,420.76,NPR,DEBIT,COMPLETED,Bus Ticket,Microbus,Transport
0387285f-a562-4776-8b2e-52fc36be5116,ACC-STUDENT-003,2025-09-05T17:56:00Z,265.26,NPR,DEBIT,COMPLETED,Micro Fare,Local Taxi,Transport
9d818d54-413d-4503-971e-b68abab425a6,ACC-STUDENT-005,2025-06-06T17:16:00Z,166.22,NPR,DEBIT,COMPLETED,Bus Ticket,InDrive,Transport
6540ca30-2951-417c-af5a-ba06be9e6eee,ACC-STUDENT-004,2025-02-26T19:30:00Z,511.4,NPR,DEBIT,COMPLETED,Breakfast,Local Eatery,Food
b39b8725-5b98-451f-8108-aac20a217606,ACC-STUDENT-002,2025-07-15T18:01:00Z,337.27,NPR,DEBIT,COMPLETED,Bus Ticket,Bus,Transport
45760a51-1d0c-4dea-be92-54005f5c04af,ACC-STUDENT-005,2025-03-11T20:47:00Z,307.31,NPR,DEBIT,COMPLETED,Breakfast,Local Eatery,Food
08244f2c-9095-43dd-ae89-30bced0478ac,ACC-STUDENT-004,2025-11-12T17:50:00Z,-338.24,NPR,DEBIT,COMPLETED,Daily Commute,Bus,Transport
b555caf0-be0e-4cf6-aa16-8865f210f635,ACC-STUDENT-002,2025-08-08T08:30:00Z,172.06,NPR,DEBIT,COMPLETED,Chiya,Himalayan Java,Coffee
ff4054d8-ed54-4063-a15d-d1c5db7bc2bc,ACC-STUDENT-004,2025-12-30T12:19:00Z,343.13,NPR,DEBIT,COMPLETED,Snacks,Bakery,Food
a9248cc3-69cb-4caa-9907-b2fe678a57a2,ACC-STUDENT-005,2025-07-18T18:37:00Z,491.1,NPR,DEBIT,COMPLETED,Taxi Ride,Local Taxi,Transport
5570aa32-75d2-4836-8bd8-079d8a66dbbe,ACC-STUDENT-004,2025-09-23T12:00:00Z,779.47,NPR,DEBIT,COMPLETED,Breakfast,Bakery,Food
cc5e50a5-bddc-4966-baa0-f1ccbd16048c,ACC-STUDENT-001,2025-01-19T18:30:00Z,485.98,NPR,DEBIT,COMPLETED,Spotify Premium,Spotify,Entertainment
89e67963-cd8f-44e0-ad87-6c4fd7c356b8,ACC-STUDENT-004,2025-11-05T20:27:00Z,506.23,NPR,DEBIT,COMPLETED,Burger & Fries,Boba Shop,Food
668fc284-84ef-43c1-842d-ad29d02a5571,ACC-STUDENT-001,2025-01-13T19:15:00Z,295.09,NPR,DEBIT,COMPLETED,Coke and Momo,Canteen,Food
e01877da-dee8-4703-affc-c70db676d0d7,ACC-STUDENT-002,2025-09-17T13:02:00Z,679.09,NPR,DEBIT,COMPLETED,Coke and Momo,Burger House,Food
0685e0ef-8689-4704-a4d2-a495545a7d2a,ACC-STUDENT-002,2025-01-27T09:22:00Z,239.39,NPR,DEBIT,COMPLETED,Bus Ticket,Microbus,Transport
7bd43516-ce8f-471b-bcff-76cb6d79cd28,ACC-STUDENT-004,2025-10-14T08:30:00Z,280.34,NPR,DEBIT,COMPLETED,Americano,Red Mug Cafe,COFFEE
e6837127-7acc-43c2-b76f-e6d42bacffb0,ACC-STUDENT-005,2025-09-26T12:32:00Z,217.24,NPR,DEBIT,COMPLETED,Coke and Momo,Boba Shop,Food
360e9782-6bcd-45f5-b8b6-bafe9538e0e7,ACC-STUDENT-003,2025-03-17T20:24:00Z,642.32,NPR,DEBIT,COMPLETED,Breakfast,Burger House,Food
09239310-30c3-4fe5-9f08-3074b4ae3211,ACC-STUDENT-003,2025-12-02T19:15:00Z,791.84,NPR,DEBIT,COMPLETED,Breakfast,Restaurant,Food
57ca7611-7744-480a-8015-48eed27507b0,ACC-STUDENT-001,2025-05-07T13:14:00Z,772.28,NPR,DEBIT,COMPLETED,Snacks,Cafe,Food
ee1d9c1b-c6bc-4291-81f9-192f70fb0836,ACC-STUDENT-004,2025-10-31T19:32:00Z,569.72,NPR,DEBIT,COMPLETED,Snacks,Restaurant,Food
8ace2c58-3992-4ca6-9cfe-025e4ffc4f66,ACC-STUDENT-003,2025-06-03T09:05:00Z,463.16,NPR,DEBIT,COMPLETED,Bus Ticket,InDrive,Transport
8d6ca5a8-5c76-45cd-959d-24b40d9301a1,ACC-STUDENT-004,2025-01-29T09:29:00Z,56.47,NPR,DEBIT,COMPLETED,Taxi Ride,InDrive,Transport
b05ed803-da31-49c7-bae2-1fd2439e23f1,ACC-STUDENT-005,2025-01-13T12:38:00Z,307.53,NPR,DEBIT,COMPLETED,Breakfast,Boba Shop,Food
96c45465-f317-40d9-849f-ba3e5d9db960,ACC-STUDENT-002,2025-06-05T08:30:00Z,185.72,NPR,DEBIT,COMPLETED,Iced Coffee,Red Mug Cafe,Coffee
985fbfdc-c321-473b-b937-9e289395f64a,ACC-STUDENT-004,2025/04/08,187.55,NPR,DEBIT,COMPLETED,Snacks,Local Eatery,Food
59ebcde2-c27b-4866-9c44-adf9b732d5c1,ACC-STUDENT-005,2025-08-01T09:29:00Z,400.73,NPR,DEBIT,COMPLETED,Taxi Ride,Local Taxi,Transport
7addb523-8fdb-4a76-b63f-ee5320060ae0,ACC-STUDENT-001,2025-09-03T08:30:00Z,192.36,NPR,DEBIT,COMPLETED,Americano,Red Mug Cafe,Coffee
a76164a0-1672-48d4-81dc-5c569052aff7,ACC-STUDENT-002,2025-03-31T17:37:00Z,230.43,NPR,DEBIT,COMPLETED,Bus Ticket,Microbus,Transport
8638e520-7b5e-44ab-abc9-8d420816db94,ACC-STUDENT-004,2025-07-07T13:49:00Z,642.94,NPR,DEBIT,COMPLETED,Coke and Momo,Burger House,Food
68d6449a-a938-41e9-ab82-f7285b44cc82,ACC-STUDENT-002,2025-06-02T17:30:00Z,77.61,NPR,DEBIT,COMPLETED,Micro Fare,Microbus,Transport
360aff5c-3ef7-45e5-b0e1-ea6bfd22b9a1,ACC-STUDENT-002,2025-10-15T12:19:00Z,327.95,NPR,DEBIT,COMPLETED,Dinner,Canteen,Food
afeccd28-ceb9-46fc-8ab8-b55bb33d01ad,ACC-STUDENT-002,2025-11-25T20:46:00Z,535.41,NPR,DEBIT,COMPLETED,Meals,Boba Shop,Food
eddfeadb-4c40-4cbc-bfb2-afa605dacbff,ACC-STUDENT-005,2025-01-13T09:41:00Z,314.21,NPR,DEBIT,COMPLETED,Taxi Ride,Local Taxi,Transport
4d7356ea-eb14-4b2d-ab6f-bfbdaa0c6f81,ACC-STUDENT-004,2025-05-21T18:55:00Z,467.34,NPR,DEBIT,COMPLETED,Micro Fare,Microbus,Transport
93b6a6af-dd8e-42cb-b184-1f0cdd51fd79,ACC-STUDENT-005,2025-09-24T13:15:00Z,495.73,NPR,DEBIT,COMPLETED,Meals,Restaurant,Food
b56e1fc4-b307-4437-807d-4720e40f8a89,ACC-STUDENT-004,2025-02-20T12:12:00Z,639.21,NPR,DEBIT,COMPLETED,Meals,Burger House,Food
ac79d3fd-e773-4d5a-91ef-be9db5194adc,ACC-STUDENT-005,2025-05-21T19:26:00Z,333.77,NPR,DEBIT,COMPLETED,Snacks,Local Eatery,Food
4d6a8866-9510-4106-a951-e35ffaa5c375,ACC-STUDENT-004,2025-05-13T17:17:00Z,461.68,NPR,DEBIT,COMPLETED,Bus Ticket,InDrive,Transport
3aaabcf1-0639-44a7-81b9-7bb4435f6618,ACC-STUDENT-004,2025-03-10T08:30:00Z,204.67,NPR,DEBIT,COMPLETED,Americano,Red Mug Cafe,Coffee
0140a23e-d8cc-4ef4-b087-d6fc6cb3a701,ACC-STUDENT-004,2025-09-19T08:30:00Z,159.37,NPR,DEBIT,COMPLETED,Chiya,Red Mug Cafe,Coffee
628b2b77-c729-481d-a682-d5eda3b7e69a,ACC-STUDENT-005,2025-03-25T13:42:00Z,507.29,NPR,DEBIT,COMPLETED,Breakfast,Local Eatery,Food
9c0c6996-3820-4329-bb8b-bd8e1eda2352,ACC-STUDENT-004,2025-07-20T20:58:00Z,497.37,NPR,DEBIT,COMPLETED,Snacks,Canteen,Food
d77d2ad0-5110-4afb-b530-192c48263063,ACC-STUDENT-004,2025-08-25T20:41:00Z,433.04,NPR,DEBIT,COMPLETED,Meals,Local Eatery,Food
65fab16a-2201-4749-8f5e-ab46f0c4f505,ACC-STUDENT-001,2025-06-21T12:00:00Z,2770.73,NPR,DEBIT,COMPLETED,Monthly Supplies,Bhatbhateni,Groceries
348b7843-6af9-4de2-8bc4-bd6a6c140467,ACC-STUDENT-001,2025/12/03,141.4,NPR,DEBIT,COMPLETED,Bus Ticket,Bus,Transport
70c5ac41-a2b1-4de8-8171-74b57bec790f,ACC-STUDENT-001,2025-12-19T08:30:00Z,191.61,NPR,DEBIT,COMPLETED,Cappuccino,Himalayan Java,Coffee
d6a5b375-acea-4154-9c89-5be0116731cb,ACC-STUDENT-004,2025-05-29T08:30:00Z,319.3,NPR,DEBIT,COMPLETED,,Coffee Point,Coffee
e81eb588-fdab-4c24-ada1-baaa9897e5b2,ACC-STUDENT-002,2025-01-19T12:00:00Z,3971.22,NPR,DEBIT,COMPLETED,Dairy Products,Saleways,Groceries
acd2e940-edf5-4681-be34-014f26ae1cef,ACC-STUDENT-004,2025-01-13T19:58:00Z,158.27,NPR,DEBIT,COMPLETED,Meals,Cafe,Food
6b45efeb-7437-48af-a545-dce3df9e6de5,ACC-STUDENT-004,2025-02-01T20:37:00Z,285.02,NPR,DEBIT,COMPLETED,Breakfast,Boba Shop,Food
ce16187a-6be5-47e7-8e82-a343a1129204,ACC-STUDENT-001,2025-08-02T12:00:00Z,1901.37,NPR,DEBIT,COMPLETED,Monthly Supplies,Saleways,Groceries
59176e03-8af1-410c-86d5-6aca59b944eb,ACC-STUDENT-003,2025-02-11T19:51:00Z,597.53,NPR,DEBIT,COMPLETED,Lunch,Restaurant,Food
62b8e2eb-8e18-4729-9fce-b1d6733d4357,ACC-STUDENT-005,2025-04-03T17:26:00Z,344.39,NPR,DEBIT,COMPLETED,Daily Commute,Microbus,Transport
d8f86376-0cbe-4ecb-b5a6-d8084fcbfb20,ACC-STUDENT-002,2025-06-15T12:00:00Z,0.0,NPR,DEBIT,COMPLETED,Rice and Oil,Big Mart,Groceries
acac5dda-2f61-4213-858b-9ad9f698ea64,ACC-STUDENT-005,2025-01-13T19:14:00Z,210.98,NPR,DEBIT,COMPLETED,Snacks,Cafe,Food
f230a39b-c063-4573-be7b-46cd2c51e773,ACC-STUDENT-003,2025-03-09T20:11:00Z,736.47,NPR,DEBIT,COMPLETED,Dinner,Boba Shop,Food
92a96934-bf87-4c5f-af9a-a618b9b373cb,ACC-STUDENT-002,2025-02-24T14:30:00Z,6158.04,NPR,CREDIT,COMPLETED,Tutoring fee,Part-time Gig,Income
009ff746-222f-4a26-845d-a8e2621e992a,ACC-STUDENT-005,2025-12-31T17:16:00Z,146.73,NPR,DEBIT,COMPLETED,Taxi Ride,,Transport
f0b0033b-0106-470e-a096-04d4e650e74d,ACC-STUDENT-004,2025-04-05T09:46:00Z,296.82,NPR,DEBIT,COMPLETED,Micro Fare,Sajha Yatayat,transport
e6def5b7-0bf9-4a95-8eda-c84e6afd4504,ACC-STUDENT-003,2025-08-26T20:38:00Z,524.24,NPR,DEBIT,COMPLETED,Snacks,Canteen,Food
f81b26ee-4b85-4d31-b0da-01ebed92c270,ACC-STUDENT-001,2025-09-15T19:07:00Z,671.91,NPR,DEBIT,COMPLETED,Dinner,Local Eatery,Food
5bbe9d9e-f759-4664-8094-a01e65d858d7,ACC-STUDENT-004,2025-11-26T08:30:00Z,255.62,NPR,DEBIT,COMPLETED,Iced Coffee,Local Tea Stall,Coffee
268c1987-b5c9-4647-969a-5f875eda2c93,ACC-STUDENT-002,2025-04-19T19:08:00Z,330.78,NPR,DEBIT,COMPLETED,Coke and Momo,,Food
685da0a3-a7e8-4f51-b6cd-bf7383fec60f,ACC-STUDENT-002,2025-09-05T17:08:00Z,152.34,NPR,DEBIT,COMPLETED,Ride Sharing,,Transport
cf87f45a-7805-48fc-a10e-d38d58c1fec6,ACC-STUDENT-004,2025-06-03T09:55:00Z,177.91,NPR,DEBIT,COMPLETED,Bus Ticket,Bus,Transport
dd767c3b-320b-48ff-8c05-f7f87ff37215,ACC-STUDENT-004,2025-03-08T12:00:00Z,3020.99,NPR,DEBIT,COMPLETED,Vegetables & Fruits,Big Mart,Groceries
37ed75eb-86a6-4a4c-a864-5c8246c08214,ACC-STUDENT-002,2025-03-05T09:39:00Z,293.83,NPR,DEBIT,COMPLETED,Daily Commute,InDrive,transport
fdd94259-86da-45b4-8d49-544645d9f3d8,ACC-STUDENT-003,2025-11-08T12:00:00Z,1855.99,NPR,DEBIT,COMPLETED,Vegetables & Fruits,Local Grocery,Groceries
97e14756-6678-409d-9906-a499d27f7bb9,ACC-STUDENT-001,2025-08-10T19:42:00Z,0.0,NPR,DEBIT,COMPLETED,Snacks,Cafe,Food
f88c7512-4820-4283-94bb-058a257c113a,ACC-STUDENT-004,2025-05-11T18:59:00Z,414.11,NPR,DEBIT,COMPLETED,Daily Commute,Local Taxi,Transport
6847189c-036b-446c-a1a3-2e4d2d684109,ACC-STUDENT-001,2025-08-22T12:24:00Z,316.78,NPR,DEBIT,COMPLETED,Coke and Momo,Restaurant,Food
af4deb98-a41b-49f0-ae0f-f0fde2b8c8a3,ACC-STUDENT-003,2025-01-20T12:24:00Z,152.22,NPR,DEBIT,COMPLETED,Meals,Boba Shop,Food
a145058c-b4b3-4394-b527-eb8c32d521ef,ACC-STUDENT-002,2025-07-11T17:26:00Z,458.6,NPR,DEBIT,COMPLETED,Micro Fare,Bus,Transport
7e0d11a8-09d6-41b7-bc10-23e6b2a13648,ACC-STUDENT-003,2025-11-28T09:37:00Z,81.16,NPR,DEBIT,COMPLETED,Daily Commute,Local Taxi,Transport
95f3b3dc-db55-4175-a9a9-9ece2b1a83d8,ACC-STUDENT-003,2025-08-07T17:33:00Z,342.54,NPR,DEBIT,COMPLETED,Daily Commute,Local Taxi,Transport
0b32d72f-fa51-4334-9d09-0a5c4b530271,ACC-STUDENT-001,2025-11-22T20:59:00Z,505.01,NPR,DEBIT,COMPLETED,Dinner,Canteen,Food
bbf3937b-a9bd-4ed5-adb2-c8df59cf6f1d,ACC-STUDENT-005,2025-03-01T12:13:00Z,480.81,NPR,DEBIT,COMPLETED,Lunch,Restaurant,Food
20335096-3573-4c7b-af9e-a00562665851,ACC-STUDENT-005,2025-07-17T18:25:00Z,280.64,NPR,DEBIT,COMPLETED,Daily Commute,InDrive,Transport
99cb9c98-a8f1-442f-9520-2e4f0d81aba1,ACC-STUDENT-003,2025-05-02T19:17:00Z,631.71,NPR,DEBIT,COMPLETED,Lunch,Canteen,Food
8a0f6862-900e-4794-87cc-2826bfadd692,ACC-STUDENT-002,2025-11-16T18:30:00Z,525.46,NPR,DEBIT,COMPLETED,Popcorn & Soda,Fuzz Factory,Entertainment
7ee740cc-6401-401d-a42f-66492962a428,ACC-STUDENT-001,2025-12-10T16:20:00Z,2171.48,NPR,DEBIT,COMPLETED,Gift for Mom,Miniso,Shopping
9c18974b-82c7-4fcd-a0a3-0f1de3963643,ACC-STUDENT-002,2025-07-31T09:03:00Z,341.88,NPR,DEBIT,COMPLETED,Micro Fare,Pathao,Transport
f8e9c27b-0dd6-4e28-84c9-872be6307183,ACC-STUDENT-001,2025-03-10T13:38:00Z,671.26,NPR,DEBIT,COMPLETED,Lunch,Burger House,Food
305abe41-35e1-44ac-b2e3-9fdbf689e938,ACC-STUDENT-002,2025-03-13 12:57:00,156.23,NPR,DEBIT,COMPLETED,Lunch,Bakery,Food
906de615-7402-4fe2-8dbe-58e07179662e,ACC-STUDENT-005,2025-01-28T09:41:00Z,200.81,NPR,DEBIT,COMPLETED,Micro Fare,Sajha Yatayat,Transport
c8304fd6-bca8-4ec9-98c7-51787a1969ea,ACC-STUDENT-001,2025-06-28T12:00:00Z,4036.51,NPR,DEBIT,COMPLETED,Monthly Supplies,Saleways,Groceries
5d8b3500-b597-4e95-854f-3d69aa0b29b8,ACC-STUDENT-002,2025-09-02T20:24:00Z,438.61,NPR,DEBIT,COMPLETED,Lunch,Cafe,Food
996bd6e6-c66e-41ad-89af-5e4d569a3d84,ACC-STUDENT-002,2025-02-17T09:31:00Z,330.21,NPR,DEBIT,COMPLETED,Taxi Ride,Sajha Yatayat,Transport
d0af81ec-4e4a-4662-b479-7ff0c6f1143c,ACC-STUDENT-001,2025-08-20T12:49:00Z,756.05,NPR,DEBIT,COMPLETED,Burger & Fries,Boba Shop,Food
7b15e3c8-33a5-4a79-a3b1-573a1d4cdce7,ACC-STUDENT-002,2026-01-10T12:31:00Z,217.81,NPR,DEBIT,COMPLETED,Burger & Fries,Bakery,Food
b1ece4c3-7545-494e-889d-b326748bb253,ACC-STUDENT-002,2025-11-16T12:41:00Z,278.01,NPR,DEBIT,COMPLETED,Snacks,Bakery,Food
5402f20a-3cb9-4e43-9ec1-94ea273f15c9,ACC-STUDENT-005,2026-01-12T18:07:00Z,308.83,NPR,DEBIT,COMPLETED,Bus Ticket,Local Taxi,Transport
c6ce4b96-55af-4f86-bc01-b0136290db42,ACC-STUDENT-002,2025-06-14T12:32:00Z,726.2,NPR,DEBIT,COMPLETED,Snacks,Cafe,Food
9c5e6010-430e-4911-8f95-bff610417631,ACC-STUDENT-001,2025-02-20T17:47:00Z,297.67,NPR,DEBIT,COMPLETED,,Microbus,Transport
8b289748-3c83-410b-b7eb-e571f560ca67,ACC-STUDENT-001,2025-03-06T19:39:00Z,600.26,NPR,DEBIT,COMPLETED,Coke and Momo,Canteen,Food
967811f2-ed06-4cd6-857f-8e555d7bd377,ACC-STUDENT-005,2025-07-16T09:47:00Z,102.57,NPR,DEBIT,COMPLETED,Ride Sharing,Microbus,Transport
b01b4f34-b87b-4121-be9a-2c003257ac9c,ACC-STUDENT-002,2025-06-05T11:15:00Z,1297.34,NPR,DEBIT,COMPLETED,WiFi Internet,,Utilities
307a013f-2941-479c-8704-e314045796fc,ACC-STUDENT-005,2025-08-08T19:35:00Z,162.82,NPR,DEBIT,COMPLETED,Snacks,Canteen,Food
4f72d353-6a66-47dd-96cf-4cea7166f7d1,ACC-STUDENT-002,2026-01-08T17:59:00Z,346.32,NPR,DEBIT,COMPLETED,Micro Fare,Sajha Yatayat,Transport
03a52fb5-30cf-4bf7-9390-87b7afc140fa,ACC-STUDENT-004,2025-04-10T18:35:00Z,154.71,NPR,DEBIT,COMPLETED,Taxi Ride,Pathao,Transport
46d9f22a-1441-4bbd-8a3f-585b4f6bdc6b,ACC-STUDENT-005,2025-08-19T13:37:00Z,311.14,NPR,DEBIT,COMPLETED,Snacks,Canteen,FOOD
1eb9d319-a97a-4da2-bc74-09f30ec38334,ACC-STUDENT-003,2025-01-29T09:07:00Z,496.8,NPR,DEBIT,COMPLETED,Ride Sharing,Microbus,Transport
0371ba46-3d02-469b-989b-1458a7f352b9,ACC-STUDENT-004,2025-04-24T17:55:00Z,0.0,NPR,DEBIT,COMPLETED,Daily Commute,Pathao,Transport
4659c1bd-a404-4591-a388-b4d59e8309b4,ACC-STUDENT-002,2025-08-18T19:29:00Z,614.87,NPR,DEBIT,COMPLETED,Breakfast,Cafe,Food
8a0faca9-e327-42cb-9071-98b09f166c4d,ACC-STUDENT-001,2025-07-21T20:38:00Z,569.61,NPR,DEBIT,COMPLETED,Lunch,Bakery,Food
ba54691c-811c-4753-98b7-129e3f9133f0,ACC-STUDENT-002,2025-06-30T09:45:00Z,397.37,NPR,DEBIT,COMPLETED,Taxi Ride,Sajha Yatayat,Transport
1cfd7232-0ed7-413b-bf18-ed6e26f5d40a,ACC-STUDENT-004,2025-09-26T13:49:00Z,568.03,NPR,DEBIT,COMPLETED,Burger & Fries,Cafe,Food
ac50d3ea-3b62-4dfd-9bb1-fcfb20db761d,ACC-STUDENT-003,2025-01-15T09:34:00Z,197.32,NPR,DEBIT,COMPLETED,Taxi Ride,Microbus,Transport
c1b8f30d-bdb0-43e6-a4c8-09664c4e397d,ACC-STUDENT-002,2025-10-01T09:24:00Z,57.75,NPR,DEBIT,COMPLETED,Micro Fare,Microbus,Transport
dfe2c460-9acf-46ff-9be4-436cf28b05eb,ACC-STUDENT-005,2025-10-23T20:14:00Z,435.93,NPR,DEBIT,COMPLETED,Burger & Fries,Local Eatery,Food
cfc7316b-ca02-4040-be7d-715bfa619c53,ACC-STUDENT-002,2025-11-11T17:45:00Z,467.33,NPR,DEBIT,COMPLETED,Micro Fare,,Transport
e79305f5-be6d-481e-ae6d-3d4e6e1279d0,ACC-STUDENT-002,2025-02-21T13:07:00Z,701.59,NPR,DEBIT,COMPLETED,Snacks,Bakery,Food
e93a0bd8-1d7a-4926-9004-f01407a05a58,ACC-STUDENT-001,2025-04-21T20:26:00Z,464.76,NPR,DEBIT,COMPLETED,Lunch,Restaurant,Food
50610fbf-d75b-4540-99e2-dd9fa1e90995,ACC-STUDENT-003,2025-08-18T12:45:00Z,684.65,NPR,DEBIT,COMPLETED,Dinner,Cafe,Food
bc2b9f01-c2ba-4c7f-b750-113a346ae60d,ACC-STUDENT-004,2025-04-07T13:30:00Z,280.01,NPR,DEBIT,COMPLETED,Snacks,Burger House,Food
dd0d9785-89b5-4702-a474-85bd27405177,ACC-STUDENT-005,2025-06-25T09:29:00Z,312.43,NPR,DEBIT,COMPLETED,Bus Ticket,InDrive,Transport
03ae7dba-2009-485c-a90c-f1161d99dfbe,ACC-STUDENT-002,2025-12-25T20:51:00Z,168.44,NPR,DEBIT,COMPLETED,Snacks,Boba Shop,Food
ce6a63bd-d692-4273-946b-8a4a05635ace,ACC-STUDENT-001,2025-08-10T12:00:00Z,3195.04,NPR,DEBIT,COMPLETED,Rice and Oil,Fresh Vegetable Vendor,Groceries
57b58d14-4d57-4623-a15d-517acdcdc16d,ACC-STUDENT-004,2026-01-06 08:30:00,284.44,NPR,DEBIT,COMPLETED,Cappuccino,Coffee Point,Coffee
ed4384ee-5ca7-4990-b4e3-6e8f12c55ea1,ACC-STUDENT-001,2025-10-15T09:19:00Z,285.97,NPR,DEBIT,COMPLETED,Taxi Ride,InDrive,Transport
f5f24d4d-0f2d-4a8b-b756-5ca40d622403,ACC-STUDENT-004,2025-09-02T10:00:00Z,8029.86,NPR,DEBIT,COMPLETED,House Rent,Rent House Ltd,Utilities
038900d1-f46a-4419-a81c-57e485bf1290,ACC-STUDENT-004,2025-07-11T08:30:00Z,311.74,NPR,DEBIT,COMPLETED,Iced Coffee,Beans Cafe,Coffee
7e858f25-a628-4a5a-a5d6-261c18d9f32f,ACC-STUDENT-002,2025-07-09T20:33:00Z,783.15,NPR,DEBIT,COMPLETED,Dinner,Canteen,Food
65cb38db-ac88-4797-b31c-0b6a08157dfc,ACC-STUDENT-005,2025-11-18T18:21:00Z,422.89,NPR,DEBIT,COMPLETED,Bus Ticket,Bus,Transport
7efad862-dd3f-4025-8227-558488be0244,ACC-STUDENT-004,2025-04-23T13:25:00Z,440.12,NPR,DEBIT,COMPLETED,Coke and Momo,Cafe,Food
8ea22f97-20aa-494d-9fc7-df7597627a45,ACC-STUDENT-005,2025-12-12T09:01:00Z,442.81,NPR,DEBIT,COMPLETED,Ride Sharing,Sajha Yatayat,Transport
49dad217-8bd1-483b-ac66-fb4eec6fe33a,ACC-STUDENT-005,2025-11-15T09:14:00Z,101.76,NPR,DEBIT,COMPLETED,Taxi Ride,Microbus,Transport
989d4962-097d-4cd2-b8e8-b46c44afe7a7,ACC-STUDENT-001,2026-01-11T09:07:00Z,162.81,NPR,DEBIT,COMPLETED,Micro Fare,Pathao,Transport
6791358f-1034-40df-8231-f257dd220d61,ACC-STUDENT-004,2025-07-14T18:33:00Z,366.44,NPR,DEBIT,COMPLETED,Taxi Ride,Sajha Yatayat,Transport
77dc0968-fe23-4ea7-b7ce-34884c506c72,ACC-STUDENT-005,2025-08-31T12:00:00Z,3974.74,NPR,DEBIT,COMPLETED,Vegetables & Fruits,Fresh Vegetable Vendor,Groceries
42308e83-754f-4e5d-a065-ed3f98ae00af,ACC-STUDENT-001,2025-07-21T09:32:00Z,406.17,NPR,DEBIT,COMPLETED,Daily Commute,Local Taxi,Transport
dffa33a1-53b1-4448-8197-f04559159098,ACC-STUDENT-002,2025-05-30T09:43:00Z,423.43,NPR,DEBIT,COMPLETED,Micro Fare,InDrive,Transport
35375f3d-da1a-43d3-8a40-c573349c1c4e,ACC-STUDENT-004,2026-01-12T13:45:00Z,272.12,NPR,DEBIT,COMPLETED,Breakfast,Canteen,Food
98f6d2c1-82ba-4461-92fa-0bdd675a7b8d,ACC-STUDENT-004,2025-05-27T09:00:00Z,132.19,NPR,DEBIT,COMPLETED,Taxi Ride,InDrive,Transport
fc1ba073-3e18-4bd8-a4fb-33a40f4a166f,ACC-STUDENT-001,2025-06-05T11:15:00Z,2080.28,NPR,DEBIT,COMPLETED,WiFi Internet,Worldlink,Utilities
53835ec2-91f9-4b50-94b3-806e703cfe6b,ACC-STUDENT-003,2025-11-16T17:05:00Z,278.27,NPR,DEBIT,COMPLETED,Daily Commute,Sajha Yatayat,Transport
72f9a637-1aca-4737-87fc-96b22a28be82,ACC-STUDENT-004,2025-07-25T18:17:00Z,497.04,NPR,DEBIT,COMPLETED,Bus Ticket,Microbus,Transport
dc228e88-1358-4ccd-b1b7-53c2fb2be535,ACC-STUDENT-003,2025-11-16T13:00:00Z,336.76,NPR,DEBIT,COMPLETED,Breakfast,Bakery,Food
0e610e09-c500-43c5-9c18-67cee0f3259e,ACC-STUDENT-005,2025-09-18T09:07:00Z,227.47,NPR,DEBIT,COMPLETED,Ride Sharing,Microbus,Transport
2a7a4004-31b8-4da6-9800-0fe08c1fd090,ACC-STUDENT-005,2025-09-03T09:40:00Z,299.82,NPR,DEBIT,COMPLETED,Taxi Ride,Pathao,Transport
da272b7c-bd55-4054-9c07-f20aa34b03ce,ACC-STUDENT-005,2025-04-25T08:30:00Z,270.28,NPR,DEBIT,COMPLETED,Americano,Himalayan Java,Coffee
cbcf7291-0f18-4250-b8ce-0199782d1e9b,ACC-STUDENT-001,2025-11-14T09:22:00Z,265.39,NPR,DEBIT,COMPLETED,Ride Sharing,Local Taxi,Transport
747ef145-e101-4f7a-9cdb-1260b7ccc105,ACC-STUDENT-005,2025-10-17T13:54:00Z,633.07,NPR,DEBIT,COMPLETED,Coke and Momo,Restaurant,Food
0ec71c77-511d-45ca-bfd5-a3644233e927,ACC-STUDENT-004,2025-06-23T09:27:00Z,423.16,NPR,DEBIT,COMPLETED,Taxi Ride,Bus,transport
73edb3ee-29a3-4f8b-843b-3f82ea496c97,ACC-STUDENT-001,2025-07-31T18:23:00Z,477.53,NPR,DEBIT,COMPLETED,Taxi Ride,InDrive,Transport
1b0780f4-1f5e-4da1-ac88-044001ca6b86,ACC-STUDENT-001,2026-01-06T13:37:00Z,735.76,NPR,DEBIT,COMPLETED,Lunch,Burger House,Food
501022de-8a7d-44ee-9e68-1201ae4e0e8e,ACC-STUDENT-003,2025-06-29T12:00:00Z,2786.07,NPR,DEBIT,COMPLETED,Weekly Groceries,Local Grocery,Groceries
4f0cac2a-25ac-40f0-a74b-42d53e210e09,ACC-STUDENT-005,2025-12-15T09:13:00Z,0.0,NPR,DEBIT,COMPLETED,Taxi Ride,Bus,Transport
e71af6b0-a28b-4b52-8f1f-044eebe4423a,ACC-STUDENT-002,2025-04-12T17:53:00Z,122.61,NPR,DEBIT,COMPLETED,Daily Commute,InDrive,Transport
63e149b1-6f6d-4072-8e47-9ca15dc2535d,ACC-STUDENT-002,2026-01-03T12:39:00Z,184.43,NPR,DEBIT,COMPLETED,Breakfast,Restaurant,Food
61742386-bcb4-44eb-9f59-58a7af920d10,ACC-STUDENT-004,2025-07-18T09:16:00Z,261.62,NPR,DEBIT,COMPLETED,Taxi Ride,Bus,TRANSPORT
87f68fd4-319c-4880-92b9-80b2463b8b8c,ACC-STUDENT-004,2025-06-05T13:14:00Z,368.94,NPR,DEBIT,COMPLETED,Lunch,Canteen,Food
eecf3a4f-d296-4e48-8220-4193f4a557a0,ACC-STUDENT-001,2025-02-02T12:00:00Z,1963.66,NPR,DEBIT,COMPLETED,Vegetables & Fruits,Big Mart,Groceries
c3ac647b-1c63-4b58-a37b-986a07b0c601,ACC-STUDENT-002,2025-05-14T17:30:00Z,499.98,NPR,DEBIT,COMPLETED,Micro Fare,Local Taxi,Transport
34b2f2d1-b5b1-4b50-8f06-73fabd4e930e,ACC-STUDENT-003,2025-10-13T09:32:00Z,325.21,NPR,DEBIT,COMPLETED,Taxi Ride,Bus,Transport
75e6f7ee-11a1-4abd-a376-05fdf7bcf69d,ACC-STUDENT-002,2025-10-12T20:38:00Z,560.96,NPR,DEBIT,COMPLETED,Snacks,Cafe,Food
bf22e84c-3845-40e2-9a7e-08503994a5c0,ACC-STUDENT-004,2025-07-28T08:30:00Z,100.62,NPR,DEBIT,COMPLETED,Iced Coffee,Red Mug Cafe,Coffee
36a4e852-6b2a-414a-bbf6-277c8136f22f,ACC-STUDENT-003,2025-11-25T09:39:00Z,440.09,NPR,DEBIT,COMPLETED,Micro Fare,Bus,Transport
c83e8a55-9e92-4101-921c-90ec6faa76d0,ACC-STUDENT-004,2026-01-06T09:10:00Z,318.37,NPR,DEBIT,COMPLETED,Taxi Ride,Local Taxi,Transport
3a8275b7-d0dd-4d1b-8f66-fbe58d82189c,ACC-STUDENT-001,2025-09-03T17:41:00Z,220.33,NPR,DEBIT,COMPLETED,Bus Ticket,Microbus,Transport
46243326-dd50-47af-a6cb-295c6e645d90,ACC-STUDENT-001,2025-12-23T20:19:00Z,518.71,NPR,DEBIT,COMPLETED,Breakfast,Restaurant,Food
77720081-5b63-4341-a70e-81aa8662a89d,ACC-STUDENT-002,2025-04-29T18:10:00Z,85.91,NPR,DEBIT,COMPLETED,Daily Commute,Sajha Yatayat,Transport
f58cbe2e-21e4-4544-9953-0a69ae0e861b,ACC-STUDENT-005,2025-04-05T18:00:00Z,153.26,NPR,DEBIT,COMPLETED,Ride Sharing,Local Taxi,Transport
67d7a15b-b6b9-448f-ac44-2fc4dc2d253c,ACC-STUDENT-003,2025-03-28T18:58:00Z,121.44,NPR,DEBIT,COMPLETED,Bus Ticket,Microbus,Transport
a17d9b00-7185-4a6b-8308-8eafd4b38fcb,ACC-STUDENT-003,2025-09-07T18:30:00Z,770.35,NPR,DEBIT,COMPLETED,Bowling Session,One Cinemas,Entertainment
6887378d-7a72-4254-ab02-b0439dfa3675,ACC-STUDENT-004,2025/09/15,294.6,NPR,DEBIT,COMPLETED,Daily Commute,Bus,Transport
c8bfeb97-9fa6-4927-94d2-b6e08701af61,ACC-STUDENT-002,2025-11-09T18:30:00Z,562.45,NPR,DEBIT,COMPLETED,Bowling Session,Gaming Zone,ENTERTAINMENT
ea487c67-06da-4263-973d-1900669e5325,ACC-STUDENT-003,2025-10-21T08:30:00Z,147.26,NPR,DEBIT,COMPLETED,Latte,Himalayan Java,Coffee
de22fd5d-d87a-4ea3-ace9-d9fb09ce3bde,ACC-STUDENT-004,2025-05-16T18:55:00Z,230.66,NPR,DEBIT,COMPLETED,Micro Fare,Bus,Transport
c99c1e6a-5441-4178-9430-31301c601f26,ACC-STUDENT-002,2025-12-20T12:00:00Z,3728.74,NPR,DEBIT,COMPLETED,Monthly Supplies,Big Mart,Groceries
67891efc-7479-43f7-8e42-00bee1373125,ACC-STUDENT-004,2025-12-16T08:30:00Z,251.95,NPR,DEBIT,COMPLETED,Latte,Local Tea Stall,Coffee
788cce28-7ad5-4f83-b7e4-3455e48cdfb5,ACC-STUDENT-003,2025-02-17T20:04:00Z,752.52,NPR,DEBIT,COMPLETED,Lunch,Cafe,Food
a2d8d1a5-43a5-4dd4-834e-df0891df8891,ACC-STUDENT-005,2025-07-13T19:36:00Z,414.4,NPR,DEBIT,COMPLETED,Dinner,Bakery,Food
c93c6e43-bd90-4a53-9813-6c0e71f42279,ACC-STUDENT-005,2025-05-02T10:00:00Z,11272.48,NPR,DEBIT,COMPLETED,House Rent,Rent House Ltd,Utilities
babe4318-d270-4544-b2eb-02de599671b6,ACC-STUDENT-004,2025-10-03T13:20:00Z,671.76,NPR,DEBIT,COMPLETED,Breakfast,Canteen,FOOD
85c002c1-c511-4d5a-82b1-6d26ee650945,ACC-STUDENT-001,2025-11-30T19:29:00Z,579.31,NPR,DEBIT,COMPLETED,Meals,Burger House,Food
e03136c1-0a4c-469a-9c8c-a8cf5b79b9d4,ACC-STUDENT-001,2025-05-07T18:38:00Z,218.13,NPR,DEBIT,COMPLETED,Bus Ticket,Sajha Yatayat,Transport
23f518f6-96b9-40b2-8974-6d9d4d7c6494,ACC-STUDENT-005,2025-09-04T17:57:00Z,449.43,NPR,DEBIT,COMPLETED,Daily Commute,Bus,Transport
2cd6fcd6-71eb-42bb-9618-ad1f21daad40,ACC-STUDENT-005,2025-05-08T09:27:00Z,396.12,NPR,DEBIT,COMPLETED,Ride Sharing,Microbus,Transport
cf55ed75-2cd1-4ca1-a67c-255fdca68a75,ACC-STUDENT-001,2025-08-25T08:30:00Z,305.4,NPR,DEBIT,COMPLETED,Chiya,Local Tea Stall,COFFEE
94910bc9-eeef-4991-8555-ff7dd6246d76,ACC-STUDENT-005,2025-05-13T08:30:00Z,311.28,NPR,DEBIT,COMPLETED,Latte,Beans Cafe,Coffee
5c01aa45-2690-4a74-85e2-0154de011cb5,ACC-STUDENT-004,2025-05-21T13:51:00Z,185.3,NPR,DEBIT,COMPLETED,Lunch,Boba Shop,Food
756708f6-49b3-4fba-b930-9a6963ba3f5e,ACC-STUDENT-002,2025-02-08T09:25:00Z,164.82,NPR,DEBIT,COMPLETED,Ride Sharing,Sajha Yatayat,Transport
990e9b20-8924-4687-9291-de49e6c69ba8,ACC-STUDENT-002,2025-04-24T14:30:00Z,5079.1,NPR,CREDIT,COMPLETED,Scholarship payout,Part-time Gig,Income
3be79417-a812-423f-aa6b-3d9a5c9a3fdb,ACC-STUDENT-004,2025-01-26T17:14:00Z,309.85,NPR,DEBIT,COMPLETED,Bus Ticket,Pathao,Transport
069e9a8b-69e6-44c3-b956-ac6347b0ccd8,ACC-STUDENT-004,2025-09-10T09:58:00Z,417.18,NPR,DEBIT,COMPLETED,Bus Ticket,,Transport
4c8c6a4b-29b2-4a2b-b47e-8d0f36d812ac,ACC-STUDENT-003,2025-06-10T14:30:00Z,3917.02,NPR,CREDIT,COMPLETED,Tutoring fee,Freelance Work,Income
80901c5e-80b2-4c29-a984-c7df6ce63034,ACC-STUDENT-003,2025-08-25T18:26:00Z,173.85,NPR,DEBIT,COMPLETED,,Pathao,Transport
01275d71-aab8-4b96-b16e-7ca183db52bd,ACC-STUDENT-002,2025-10-01T18:17:00Z,267.51,NPR,DEBIT,COMPLETED,Bus Ticket,InDrive,Transport
dcd6bd1e-fc36-43df-8d01-b73ab20fed1a,ACC-STUDENT-001,2025-10-16T08:30:00Z,207.98,NPR,DEBIT,COMPLETED,Iced Coffee,Red Mug Cafe,Coffee
b6905cee-e0d1-4fa7-a0b7-ec9b93ee660d,ACC-STUDENT-002,2025-10-30T18:17:00Z,130.43,NPR,DEBIT,COMPLETED,Taxi Ride,Sajha Yatayat,TRANSPORT
e82582fe-0c51-48db-b25f-eb4539a87253,ACC-STUDENT-001,2026-01-11T20:31:00Z,482.42,NPR,DEBIT,COMPLETED,Lunch,Boba Shop,FOOD
d4d954cf-efec-4b0b-9656-bbc35210a59d,ACC-STUDENT-003,2025-12-24T14:30:00Z,3852.48,NPR,CREDIT,COMPLETED,Freelance Project,Tutoring,Income
9db8bcc3-74c5-4b51-a8a5-ecd3222466d2,ACC-STUDENT-004,2025-07-25T19:07:00Z,576.6,NPR,DEBIT,COMPLETED,Meals,,Food
fe567209-d1ab-4e61-bb42-965fa531d28d,ACC-STUDENT-005,2025-07-21T08:30:00Z,330.23,NPR,DEBIT,COMPLETED,Cappuccino,Beans Cafe,Coffee
d8b1bfb3-f98f-4dbd-a2d9-9e8b16ff591e,ACC-STUDENT-001,2025-02-06T08:30:00Z,335.09,NPR,DEBIT,COMPLETED,Latte,Coffee Point,Coffee
928323aa-d14b-4dfb-8784-93606e6e0c4e,ACC-STUDENT-005,2025-04-13T19:57:00Z,496.66,NPR,DEBIT,COMPLETED,Meals,Local Eatery,Food
e9d44674-e6cf-4567-b03f-905b09a8e764,ACC-STUDENT-005,2025-10-01T20:01:00Z,786.9,NPR,DEBIT,COMPLETED,Burger & Fries,Cafe,Food
9e76bfba-61b6-40c5-ba7d-9225c1316345,ACC-STUDENT-004,2025-12-26 20:15:00,324.85,NPR,DEBIT,COMPLETED,Dinner,Boba Shop,Food
902e24c0-07d6-49ee-9e59-527d80eb9531,ACC-STUDENT-004,2025-05-25T16:20:00Z,2100.61,NPR,DEBIT,COMPLETED,,Mall,Shopping
95bdd2e6-b112-4a86-b81f-84094acf2c75,ACC-STUDENT-004,2026-01-05T17:07:00Z,99.67,NPR,DEBIT,COMPLETED,Bus Ticket,Sajha Yatayat,Transport
f73550ad-30dc-4250-a753-2c787772a74d,ACC-STUDENT-003,2026-01-01T09:03:00Z,253.0,NPR,DEBIT,COMPLETED,Bus Ticket,Microbus,Transport
f577c6c2-0346-4263-b83c-3c503a0b5d3c,ACC-STUDENT-003,2025-04-06T20:46:00Z,619.65,NPR,DEBIT,COMPLETED,Dinner,Cafe,FOOD
8e2c9138-0c03-4674-97ac-9f5ccaf66309,ACC-STUDENT-001,2025-05-15T17:58:00Z,75.93,NPR,DEBIT,COMPLETED,Micro Fare,Sajha Yatayat,Transport
0e353bf3-0f02-4681-9809-50d5ece7ca98,ACC-STUDENT-005,2025-05-26T17:06:00Z,226.28,NPR,DEBIT,COMPLETED,Daily Commute,Pathao,Transport
1d1d6bea-3ce1-4689-be51-0cd720d63c19,ACC-STUDENT-002,2025-07-03T08:30:00Z,318.54,NPR,DEBIT,COMPLETED,Americano,Beans Cafe,Coffee
00af639b-66fc-40e7-afd9-1bc335a41e73,ACC-STUDENT-005,2025-08-10T18:30:00Z,748.63,NPR,DEBIT,COMPLETED,Movie Ticket,Netflix,Entertainment
967142af-4d53-4e17-a87e-6a8c1fade519,ACC-STUDENT-002,2025-03-18T12:56:00Z,618.79,NPR,DEBIT,COMPLETED,Meals,Restaurant,Food
e48d2940-a2f1-4fb4-aee4-da53f1cae14a,ACC-STUDENT-004,2025-08-07T09:04:00Z,190.11,NPR,DEBIT,COMPLETED,Taxi Ride,Sajha Yatayat,Transport
9f302014-4e9e-432c-bf64-3a45b0fb5b84,ACC-STUDENT-002,2025-03-29T13:50:00Z,273.27,NPR,DEBIT,COMPLETED,Burger & Fries,Bakery,FOOD
65f5010d-123e-4cfa-b9d1-ca1087f7cc7b,ACC-STUDENT-005,2025-05-16T08:30:00Z,224.3,NPR,DEBIT,COMPLETED,Chiya,Beans Cafe,Coffee
f168c9fb-0712-4430-8f74-94dcce10e2ad,ACC-STUDENT-003,2025-02-24T20:24:00Z,623.69,NPR,DEBIT,COMPLETED,,Canteen,Food
fec70519-441e-46e1-b4a1-e802f8f1fe18,ACC-STUDENT-001,2025-09-09T19:55:00Z,178.23,NPR,DEBIT,COMPLETED,Burger & Fries,Bakery,food
16d14f4a-2739-4717-b06d-9c10a30ee40c,ACC-STUDENT-001,2025-06-07T12:00:00Z,4397.75,NPR,DEBIT,COMPLETED,Rice and Oil,Fresh Vegetable Vendor,Groceries
628e8fca-e2bd-4a55-8d5b-fbdb5cc6a2cb,ACC-STUDENT-003,2026-01-09T12:48:00Z,434.62,NPR,DEBIT,COMPLETED,Burger & Fries,Bakery,Food
f28bbeb7-8dcc-4cc8-a08c-66ef5a131673,ACC-STUDENT-001,2025-02-24T17:36:00Z,329.46,NPR,DEBIT,COMPLETED,Bus Ticket,Microbus,Transport
77f3b1a2-3644-4c94-a6db-877b63e4cbf1,ACC-STUDENT-005,2025-03-19T20:08:00Z,262.42,NPR,DEBIT,COMPLETED,Dinner,Bakery,Food
44a3deab-4c61-46b6-ac9d-ad0d592bf448,ACC-STUDENT-003,2025-01-15T12:07:00Z,253.3,NPR,DEBIT,COMPLETED,Breakfast,Bakery,Food
71a1d163-15c5-46ad-9a5e-cf16cbaafb59,ACC-STUDENT-005,2025-03-14T08:30:00Z,219.42,NPR,DEBIT,COMPLETED,Cappuccino,Beans Cafe,Coffee
44b97789-3dfa-4e40-ada1-2665ab85a143,ACC-STUDENT-002,2025-02-03T08:30:00Z,254.91,NPR,DEBIT,COMPLETED,Chiya,Local Tea Stall,Coffee
4ab64c7f-d52d-41da-b155-28d555840376,ACC-STUDENT-004,2025-12-17 09:58:00,408.0,NPR,DEBIT,COMPLETED,Daily Commute,Microbus,Transport
59126ad7-bcd2-442a-adc8-a1baaa5cb5f3,ACC-STUDENT-005,2025-12-25T09:38:00Z,341.35,NPR,DEBIT,COMPLETED,Bus Ticket,Microbus,Transport
34ddb35a-689f-4cff-a870-a348864c1867,ACC-STUDENT-002,2025-10-12T12:00:00Z,2324.85,NPR,DEBIT,COMPLETED,Monthly Supplies,Local Grocery,Groceries
0dfeebc3-a7db-4bd5-b5ca-0ee49090f2b2,ACC-STUDENT-003,2025-08-05T11:15:00Z,2110.81,NPR,DEBIT,COMPLETED,WiFi Internet,Worldlink,Utilities
150f96c8-29f1-439e-b7fd-95969f02d622,ACC-STUDENT-003,2025-10-20T08:30:00Z,102.12,NPR,DEBIT,COMPLETED,Latte,Local Tea Stall,Coffee
75b173e2-cc98-4010-b188-610298f0f3df,ACC-STUDENT-001,2025-11-29T09:46:00Z,177.48,NPR,DEBIT,COMPLETED,Ride Sharing,Bus,Transport
b67550af-0eca-4627-aea3-8d728ff96036,ACC-STUDENT-002,2025-10-09T18:25:00Z,219.79,NPR,DEBIT,COMPLETED,Micro Fare,Microbus,Transport
ddf9cb99-3c0e-4013-812f-e2deac6f79bb,ACC-STUDENT-005,2025-06-09T12:01:00Z,797.69,NPR,DEBIT,COMPLETED,Burger & Fries,Bakery,Food
8a0876b7-16dd-46e8-b53f-0bb3baf665da,ACC-STUDENT-001,2025-09-10T08:30:00Z,229.94,NPR,DEBIT,COMPLETED,Iced Coffee,Red Mug Cafe,Coffee
1249dda7-5592-47db-8905-0e40697c7e1c,ACC-STUDENT-002,2025-05-30T08:30:00Z,291.1,NPR,DEBIT,COMPLETED,Iced Coffee,Coffee Point,Coffee
9511e97a-f70a-4444-a38b-0ded99f47938,ACC-STUDENT-004,2025-04-14T13:54:00Z,223.54,NPR,DEBIT,COMPLETED,Breakfast,Bakery,Food
95a7c89d-becb-49e1-a7cb-f6c5c510e7cf,ACC-STUDENT-001,2025-06-20T19:08:00Z,401.44,NPR,DEBIT,COMPLETED,Breakfast,Local Eatery,Food
f82a1602-f178-4d03-8742-ef7dfbde2095,ACC-STUDENT-005,2025-01-15T13:19:00Z,236.19,NPR,DEBIT,COMPLETED,Lunch,Burger House,Food
75938421-49b0-45ee-8c24-c0a5ac37d850,ACC-STUDENT-001,2025-05-27T20:14:00Z,381.28,NPR,DEBIT,COMPLETED,Snacks,Bakery,Food
6dd3de84-a8b0-48dd-a11c-85aa2120cb5d,ACC-STUDENT-002,2025-08-03T19:01:00Z,265.38,NPR,DEBIT,COMPLETED,Dinner,Canteen,Food
e1bc0cae-8fc8-4e88-b228-ed8dba9539b2,ACC-STUDENT-004,2025-01-14T09:41:00Z,103.24,NPR,DEBIT,COMPLETED,Micro Fare,Pathao,Transport
1958c95d-852d-46cd-978f-9ddabe1eeb47,ACC-STUDENT-001,2025-10-07T13:33:00Z,594.1,NPR,DEBIT,COMPLETED,Breakfast,Local Eatery,Food
7162034d-ee03-4f19-a368-bb702e29e161,ACC-STUDENT-004,2025-05-15T17:54:00Z,59.86,NPR,DEBIT,COMPLETED,Taxi Ride,InDrive,Transport
26c34806-5d9d-4005-b3ac-6bce94026275,ACC-STUDENT-003,2025-11-20T17:11:00Z,419.47,NPR,DEBIT,COMPLETED,,Local Taxi,Transport
f2fc9591-75d9-4933-92ae-58d29c89a8c6,ACC-STUDENT-001,2025-06-15T12:00:00Z,4487.08,NPR,DEBIT,COMPLETED,Vegetables & Fruits,Saleways,Groceries
81048643-bf60-41f9-beb0-ff00b15e9f2d,ACC-STUDENT-003,2025-07-17T17:30:00Z,65.21,NPR,DEBIT,COMPLETED,Ride Sharing,Microbus,Transport
b2c74c06-ae23-4855-ab8b-5f77ffd2d9a6,ACC-STUDENT-004,2025-05-10T09:29:00Z,73.05,NPR,DEBIT,COMPLETED,Micro Fare,Bus,Transport
76171315-907f-49c1-b236-385f9c0b15cd,ACC-STUDENT-002,2025-06-10T14:30:00Z,3078.19,NPR,CREDIT,COMPLETED,Tutoring fee,Freelance Work,Income
e11ca886-bea6-4de8-99e7-60dac8513a04,ACC-STUDENT-004,2025-06-25T17:59:00Z,182.87,NPR,DEBIT,COMPLETED,,Local Taxi,Transport
120ba0e5-6c50-40a1-9d71-11922cbf9ff4,ACC-STUDENT-005,2025-06-28T12:00:00Z,2568.99,NPR,DEBIT,COMPLETED,Weekly Groceries,Big Mart,Groceries
4d4cd909-1a37-4919-8b30-a2fbeecb650f,ACC-STUDENT-005,2025-01-23T18:27:00Z,399.22,NPR,DEBIT,COMPLETED,Taxi Ride,Local Taxi,Transport
fca7ed81-be32-45b1-b130-696384ba5ea8,ACC-STUDENT-005,2025-12-11T18:22:00Z,494.84,NPR,DEBIT,COMPLETED,,Pathao,Transport
65ff093e-5fe1-40f6-9800-9d60d446c0d9,ACC-STUDENT-002,2025-04-07T17:25:00Z,120.67,NPR,DEBIT,COMPLETED,Daily Commute,,Transport
85c02199-d794-48f2-aef9-dd6994b0bfae,ACC-STUDENT-002,2025-10-05T18:20:00Z,326.8,NPR,DEBIT,COMPLETED,Taxi Ride,InDrive,Transport
39ac9380-7bf1-40e7-a5c8-537c9c7b7fe9,ACC-STUDENT-001,2025-07-15T17:02:00Z,168.48,NPR,DEBIT,COMPLETED,Micro Fare,Local Taxi,Transport
b951d886-98c9-4b78-a6d7-7cb65c5cd1bf,ACC-STUDENT-005,2025-11-26T17:56:00Z,384.88,NPR,DEBIT,COMPLETED,Daily Commute,Local Taxi,Transport
2cf3af20-3673-4404-a982-52c1284a1d59,ACC-STUDENT-001,2025-10-13T19:58:00Z,509.88,NPR,DEBIT,COMPLETED,Burger & Fries,Local Eatery,Food
ceb32617-332f-4262-88e8-abe478ff6deb,ACC-STUDENT-005,2025-04-21T19:10:00Z,385.37,NPR,DEBIT,COMPLETED,Dinner,Cafe,Food
71d07f20-e93a-428f-818f-372dc9e56f13,ACC-STUDENT-001,2025-02-18T17:54:00Z,160.47,NPR,DEBIT,COMPLETED,Daily Commute,Local Taxi,Transport
066f1681-c1b6-434b-9583-834a115f09fb,ACC-STUDENT-002,2025-05-01T19:20:00Z,680.95,NPR,DEBIT,COMPLETED,Dinner,,Food
c138e1b9-8432-46fc-a0fa-80b34e19d3a8,ACC-STUDENT-002,2025-10-07T17:59:00Z,164.64,NPR,DEBIT,COMPLETED,Bus Ticket,Microbus,Transport
5aeb6ee3-9948-445c-ba14-0ac872d7d8f6,ACC-STUDENT-004,2025-06-30T16:20:00Z,4367.51,NPR,DEBIT,COMPLETED,Birthday Gift,,Shopping
f04bec62-4885-4927-8463-04586e229815,ACC-STUDENT-005,2025-07-17T09:32:00Z,214.47,NPR,DEBIT,COMPLETED,Bus Ticket,InDrive,Transport
af08c5ae-ee93-4c89-9a97-d24ecc842f0d,ACC-STUDENT-004,2025-01-23T13:27:00Z,758.62,NPR,DEBIT,COMPLETED,Burger & Fries,Bakery,Food
5874e717-3a8c-45ed-99a3-e794ca9aa9a1,ACC-STUDENT-001,2025-02-28T17:21:00Z,194.48,NPR,DEBIT,COMPLETED,Daily Commute,Pathao,Transport
b5fdaf7d-a306-4e90-99cc-fa5c170d2e6f,ACC-STUDENT-002,2025-10-20 08:30:00,Rs. 180.75,NPR,DEBIT,COMPLETED,Cappuccino,Local Tea Stall,Coffee
5a8d0c7a-97aa-405a-a7d5-9e0987e3ded4,ACC-STUDENT-004,2025-03-22T12:00:00Z,3071.65,NPR,DEBIT,COMPLETED,Rice and Oil,Bhatbhateni,Groceries
facfe9aa-a977-49d3-972a-cee388a04edb,ACC-STUDENT-004,2025-06-08T19:54:00Z,413.06,NPR,DEBIT,COMPLETED,,Canteen,Food
52b7f350-2695-4110-bf39-ac3d9369be65,ACC-STUDENT-001,2025-11-16T18:30:00Z,639.61,NPR,DEBIT,COMPLETED,Bowling Session,Netflix,Entertainment
42d41e76-67a9-46eb-a677-bc4e01ea12cf,ACC-STUDENT-004,2025-04-29T09:48:00Z,97.83,NPR,DEBIT,COMPLETED,Ride Sharing,Local Taxi,Transport
b509a5c2-a0fe-4793-a0f3-ddf2e891b6b7,ACC-STUDENT-002,2025-10-27T19:26:00Z,266.69,NPR,DEBIT,COMPLETED,Snacks,Burger House,Food
8700806f-2992-420b-962c-42e01c44a961,ACC-STUDENT-003,2025-04-16T18:15:00Z,373.39,NPR,DEBIT,COMPLETED,Micro Fare,Sajha Yatayat,Transport
8b7f4cf7-d96d-4dad-8fd2-ddd39095712f,ACC-STUDENT-005,2025-04-22T16:20:00Z,5859.77,NPR,DEBIT,COMPLETED,Birthday Gift,Clothing Shop,SHOPPING
531ac5d2-df02-422b-b0ab-80eef0184449,ACC-STUDENT-001,2025-04-05T12:45:00Z,699.83,NPR,DEBIT,COMPLETED,Breakfast,Canteen,Food
5d7a415a-1d55-4f55-991c-4cae8d3256a7,ACC-STUDENT-001,2025-10-02T10:00:00Z,12425.71,NPR,DEBIT,COMPLETED,House Rent,Rent House Ltd,Utilities
716d0871-4429-40c9-8bb1-600516c88dc0,ACC-STUDENT-003,2025-04-08T20:51:00Z,734.61,NPR,DEBIT,COMPLETED,Burger & Fries,Burger House,Food
bb64b4e6-9aa0-4745-9354-a798df90fe98,ACC-STUDENT-004,2025-04-02T17:48:00Z,343.55,NPR,DEBIT,COMPLETED,Bus Ticket,Microbus,Transport
0dc6f514-9a42-44f4-b12e-003d1fd4ec1a,ACC-STUDENT-004,2025-12-16T13:50:00Z,619.53,NPR,DEBIT,COMPLETED,Meals,Cafe,Food
29b80c85-c582-454d-a11b-d4cb73d54867,ACC-STUDENT-003,2025-04-02T20:48:00Z,313.43,NPR,DEBIT,COMPLETED,Snacks,Cafe,Food
cdae7331-8be5-400d-9212-976ef61d0bd4,ACC-STUDENT-004,2025-02-11T12:41:00Z,779.09,NPR,DEBIT,COMPLETED,Breakfast,Local Eatery,Food
1375248b-8fc9-4ee6-8bd3-29d144687863,ACC-STUDENT-003,2025-12-23T20:31:00Z,317.3,NPR,DEBIT,COMPLETED,Coke and Momo,Cafe,Food
99aa5516-9ed7-48fe-8595-b437ff732cf3,ACC-STUDENT-003,2025-07-14T08:30:00Z,232.3,NPR,DEBIT,COMPLETED,Americano,Coffee Point,Coffee
9988ddc3-f6f6-4cb4-a97c-b5cab1e9c648,ACC-STUDENT-005,2025-08-11T19:41:00Z,449.46,NPR,DEBIT,COMPLETED,Coke and Momo,Burger House,Food
e01615cc-7768-4239-8504-620b6f22778f,ACC-STUDENT-003,2025-05-03T12:00:00Z,2292.85,NPR,DEBIT,COMPLETED,Dairy Products,Fresh Vegetable Vendor,Groceries
f5f809e3-970f-40bc-b72c-8d93a39607a5,ACC-STUDENT-005,2025-07-02T10:00:00Z,11468.22,NPR,DEBIT,COMPLETED,House Rent,Rent House Ltd,Utilities
cf2f9523-e4e3-45ba-82d7-cb9c535d4cea,ACC-STUDENT-005,2025-08-22T18:51:00Z,230.93,NPR,DEBIT,COMPLETED,Ride Sharing,Microbus,Transport
2953824e-0846-44e0-850e-9730da1ed607,ACC-STUDENT-005,2026-01-04T13:51:00Z,156.91,NPR,DEBIT,COMPLETED,Dinner,Local Eatery,Food
e2df4688-faac-46f5-b740-64c0cb0ac1d7,ACC-STUDENT-001,2025-10-05T18:30:00Z,671.1,NPR,DEBIT,COMPLETED,Popcorn & Soda,Fuzz Factory,Entertainment
bf5e6d6c-01b0-40ad-a74f-c2dcf1fe7a24,ACC-STUDENT-002,2025-11-05T20:35:00Z,790.22,NPR,DEBIT,COMPLETED,Meals,Cafe,Food
0a4c33c5-78a4-4c18-b8d3-627eea754431,ACC-STUDENT-005,2025-01-20T09:47:00Z,310.06,NPR,DEBIT,COMPLETED,Ride Sharing,Bus,Transport
0bef8f44-1d90-4cdf-acb3-9f7fb402681f,ACC-STUDENT-005,2025-05-21T18:46:00Z,370.36,NPR,DEBIT,COMPLETED,Daily Commute,InDrive,Transport
ebe6aa44-56eb-4813-b39c-a2f0db4e7dc1,ACC-STUDENT-005,2025-09-25T08:30:00Z,207.68,NPR,DEBIT,COMPLETED,Iced Coffee,Beans Cafe,Coffee
0a61e3c6-f48a-4c47-b6f1-825c3d1dbc66,ACC-STUDENT-002,2025-05-05T11:15:00Z,1698.54,NPR,DEBIT,COMPLETED,WiFi Internet,Worldlink,Utilities
331e93e1-0eaf-4799-9ddc-601526856e04,ACC-STUDENT-005,2025-10-11T12:39:00Z,415.91,NPR,DEBIT,COMPLETED,Snacks,Bakery,Food
0c1d749f-72c1-478c-9d7d-42ead7700816,ACC-STUDENT-004,2025-07-03 09:52:00,227.65,NPR,DEBIT,COMPLETED,Micro Fare,Sajha Yatayat,Transport
184dec13-17d4-464c-ad29-787054a254e1,ACC-STUDENT-002,2025-08-05T11:15:00Z,1909.43,NPR,DEBIT,COMPLETED,WiFi Internet,Worldlink,Utilities
5497c13d-776e-4e72-a620-bdc2b441dc5f,ACC-STUDENT-004,2025-05-31T13:37:00Z,744.63,NPR,DEBIT,COMPLETED,Burger & Fries,Boba Shop,Food
9ae2f4d1-ff39-4af9-aced-54828ff65529,ACC-STUDENT-004,2025-07-31T20:28:00Z,527.6,NPR,DEBIT,COMPLETED,Coke and Momo,Restaurant,Food
b3285fd4-7f49-4bb1-a42b-064dabb12ce7,ACC-STUDENT-005,2025-08-16T18:14:00Z,418.33,NPR,DEBIT,COMPLETED,Daily Commute,Pathao,Transport
07399399-a270-4b0a-89e7-6078289e86de,ACC-STUDENT-001,2025-10-17T09:42:00Z,236.11,NPR,DEBIT,COMPLETED,Taxi Ride,Local Taxi,Transport
703c8fb8-c736-43b1-8119-f94775dd2216,ACC-STUDENT-002,2025-06-07T13:37:00Z,602.87,NPR,DEBIT,COMPLETED,Breakfast,Local Eatery,food
5550a271-abe4-49a0-9d47-28e3159d833b,ACC-STUDENT-003,2025-11-15T08:00:00Z,431.56,NPR,DEBIT,COMPLETED,Spotify Premium,Spotify,Entertainment
313bc353-8abb-44f5-850c-76f3f86bb3f9,ACC-STUDENT-003,2025-12-03T17:37:00Z,252.9,NPR,DEBIT,COMPLETED,Ride Sharing,InDrive,Transport
312c8d56-d4dc-4ef3-bd45-c98a592f680b,ACC-STUDENT-005,2025-11-05T18:28:00Z,78.57,NPR,DEBIT,COMPLETED,Bus Ticket,InDrive,Transport
654ecffb-7ace-457f-8f86-f270253b8c6f,ACC-STUDENT-001,2025-10-16T17:05:00Z,229.34,NPR,DEBIT,COMPLETED,Micro Fare,Microbus,Transport
5f35c918-547a-4962-aed9-db319f17166a,ACC-STUDENT-004,2025-06-07T12:00:00Z,3793.44,NPR,DEBIT,COMPLETED,Rice and Oil,Bhatbhateni,Groceries
2ae01806-7694-49e4-9a73-17394add719d,ACC-STUDENT-003,2026-01-05T20:57:00Z,463.48,NPR,DEBIT,COMPLETED,Snacks,Canteen,Food
a22aff91-ac19-40ed-a960-ec4eca03f95c,ACC-STUDENT-005,2025/08/15,193.47,NPR,DEBIT,COMPLETED,Latte,Beans Cafe,Coffee
70a3f474-1869-4b03-84fa-90c09c2d369c,ACC-STUDENT-005,2025-08-14T12:32:00Z,187.9,NPR,DEBIT,COMPLETED,Breakfast,Boba Shop,Food
06e8d12a-1451-455e-8fa3-c2ff303e8042,ACC-STUDENT-005,2025-06-08T18:30:00Z,1058.44,NPR,DEBIT,COMPLETED,Movie Ticket,One Cinemas,Entertainment
059705a4-4b12-48c4-becd-d934d3e3f257,ACC-STUDENT-005,2025-05-15T13:52:00Z,785.21,NPR,DEBIT,COMPLETED,Dinner,Canteen,Food
60d375aa-6ed9-49fa-a678-05fe38234f67,ACC-STUDENT-002,2025-03-01T09:00:00Z,34965.12,NPR,CREDIT,COMPLETED,Monthly Allowance,Family Transfer,Income
cb9c5c39-c085-42e1-b264-d282822bb242,ACC-STUDENT-004,2025-11-14T19:18:00Z,479.94,NPR,DEBIT,COMPLETED,Coke and Momo,Cafe,Food
0583cbae-daf9-4c27-ac8f-9eb9fba7ff3c,ACC-STUDENT-004,2025-04-30T13:41:00Z,158.26,NPR,DEBIT,COMPLETED,Breakfast,Cafe,Food
935826fa-f1ab-4e39-b20d-fd321a8fd13d,ACC-STUDENT-004,2025-02-03T08:30:00Z,280.88,NPR,DEBIT,COMPLETED,Americano,Coffee Point,Coffee
995a7f38-48f8-41ab-b567-560fabc072db,ACC-STUDENT-005,2025-09-23T09:58:00Z,189.87,NPR,DEBIT,COMPLETED,Ride Sharing,Pathao,Transport
68261dba-f583-4ac7-be99-cc33ce9af4d8,ACC-STUDENT-002,2025-02-24T19:00:00Z,687.55,NPR,DEBIT,COMPLETED,Burger & Fries,Local Eatery,Food
5f7e65cc-23fb-43d7-9a40-dc5ce8b951c0,ACC-STUDENT-003,2025-10-08T19:57:00Z,647.68,NPR,DEBIT,COMPLETED,Meals,Canteen,Food
e84c62c9-2117-4b7c-a6c1-be972937f4d5,ACC-STUDENT-002,2025-02-07T17:02:00Z,345.28,NPR,DEBIT,COMPLETED,Micro Fare,Local Taxi,Transport
4d83646e-c92f-4988-a1ca-490aeda70c51,ACC-STUDENT-001,2025-03-28T17:29:00Z,253.36,NPR,DEBIT,COMPLETED,Daily Commute,Local Taxi,Transport
e57b5261-cbeb-4a11-aa34-e9f8aff1518c,ACC-STUDENT-003,2025-10-05T17:16:00Z,285.81,NPR,DEBIT,COMPLETED,Ride Sharing,Local Taxi,Transport
5e255875-14fd-494d-8722-5e20010c58dc,ACC-STUDENT-003,2025-10-05T19:13:00Z,781.03,NPR,DEBIT,COMPLETED,Breakfast,Boba Shop,Food
783186a3-64b5-4e93-91b3-8e0d78597bca,ACC-STUDENT-003,2025-02-23T13:04:00Z,550.64,NPR,DEBIT,COMPLETED,Meals,Boba Shop,Food
c9f953da-6fd3-40d9-90fc-0c279fcaffc5,ACC-STUDENT-004,2025-02-15T12:37:00Z,624.62,NPR,DEBIT,COMPLETED,Burger & Fries,Bakery,Food
fd6de336-05a1-4e1f-8f77-576c72728852,ACC-STUDENT-003,2025-02-09 13:13:00,211.65,NPR,DEBIT,COMPLETED,Snacks,Bakery,Food
f384a7bb-0356-4140-986b-b3f603981f62,ACC-STUDENT-005,2025-08-20T20:55:00Z,762.78,NPR,DEBIT,COMPLETED,Snacks,Local Eatery,Food
26b2ac00-be6b-4c1a-a7ce-02cc324a2d8c,ACC-STUDENT-004,2025-08-22T09:04:00Z,163.71,NPR,DEBIT,COMPLETED,Taxi Ride,Local Taxi,Transport
581ec9c6-81f3-42c5-a674-69e9624de843,ACC-STUDENT-001,2025-10-01T09:07:00Z,488.57,NPR,DEBIT,COMPLETED,Ride Sharing,Sajha Yatayat,Transport
f9f61925-eef4-4f87-9ef4-8dfe3c36ed14,ACC-STUDENT-004,2025-07-28T17:34:00Z,275.29,NPR,DEBIT,COMPLETED,Taxi Ride,Pathao,Transport
76fa3df5-99f6-436c-8f27-86d167c2f579,ACC-STUDENT-003,2025-12-27T20:25:00Z,343.67,NPR,DEBIT,COMPLETED,Meals,Canteen,Food
4100498e-ff63-4a2b-9182-4438eb6b64f2,ACC-STUDENT-002,2025-11-18T13:44:00Z,616.3,NPR,DEBIT,COMPLETED,Lunch,Canteen,Food
a22dfbad-9e70-4d14-a49e-8f4d8d1e45a9,ACC-STUDENT-002,2025-09-18T09:42:00Z,175.38,NPR,DEBIT,COMPLETED,Daily Commute,Pathao,Transport
5622e5e5-c0e1-445f-8ea4-a546e590bcd3,ACC-STUDENT-004,2025-09-02T18:36:00Z,297.57,NPR,DEBIT,COMPLETED,Taxi Ride,Pathao,Transport
b1d3a9f8-3a02-41b4-9fd8-a03aedb673fd,ACC-STUDENT-001,2025-03-24T19:27:00Z,222.08,NPR,DEBIT,COMPLETED,,Burger House,Food
c3070496-b915-4798-8973-e863f5bd7bb3,ACC-STUDENT-002,2025-04-05T17:43:00Z,388.68,NPR,DEBIT,COMPLETED,Bus Ticket,Local Taxi,Transport
d0a3174a-f0c0-4f3d-ada8-2090af7e938f,ACC-STUDENT-002,2025-05-22T18:45:00Z,119.97,NPR,DEBIT,COMPLETED,Ride Sharing,Pathao,Transport
d25d4ed7-6b4e-402a-b3f9-d33a84e846a3,ACC-STUDENT-005,2025-12-09T18:08:00Z,122.92,NPR,DEBIT,COMPLETED,Bus Ticket,Pathao,Transport
b2de0482-af94-492b-a07c-4270540d98dc,ACC-STUDENT-004,2025-05-31T12:00:00Z,2724.54,NPR,DEBIT,COMPLETED,Vegetables & Fruits,Saleways,Groceries
7ed46b20-4f31-466c-bc09-4c1d72a553a9,ACC-STUDENT-001,2025-09-30T09:18:00Z,171.14,NPR,DEBIT,COMPLETED,Micro Fare,Microbus,Transport
798135ae-199e-4599-8a0a-a0d44ae80989,ACC-STUDENT-004,2025-01-24T13:07:00Z,439.36,NPR,DEBIT,COMPLETED,,Bakery,Food
6b3a0696-db4e-4ff6-94aa-61bbd58a63e0,ACC-STUDENT-004,2025-10-03T08:30:00Z,253.45,NPR,DEBIT,COMPLETED,Cappuccino,Local Tea Stall,Coffee
e68c0c91-b147-44dd-8257-4f9f590bdb0f,ACC-STUDENT-001,2025-03-31T08:30:00Z,209.44,NPR,DEBIT,COMPLETED,Iced Coffee,Coffee Point,Coffee
4c201660-a26c-4579-b6d0-2f70859766ba,ACC-STUDENT-001,2025-07-24T20:58:00Z,236.0,NPR,DEBIT,COMPLETED,Lunch,Local Eatery,Food
b6c39dbd-312a-4d21-b553-59e89faed25d,ACC-STUDENT-004,2025-04-16T20:55:00Z,258.03,NPR,DEBIT,COMPLETED,Coke and Momo,Restaurant,Food
3034ad2b-dfca-4089-b380-9c4500f221f0,ACC-STUDENT-004,2025-05-15T13:44:00Z,484.77,NPR,DEBIT,COMPLETED,Burger & Fries,Boba Shop,Food
43a017b5-3ae7-4e53-a1f2-280090e1518a,ACC-STUDENT-002,2025-07-04T20:03:00Z,758.7,NPR,DEBIT,COMPLETED,Dinner,Boba Shop,Food
1e6e4245-0494-4066-a969-d9cec8cfcdec,ACC-STUDENT-005,2025-09-06T19:22:00Z,774.46,NPR,DEBIT,COMPLETED,Dinner,Local Eatery,FOOD
42b9acef-9957-467d-918c-557e333d3521,ACC-STUDENT-004,2025-07-12T19:00:00Z,713.4,NPR,DEBIT,COMPLETED,Burger & Fries,Burger House,Food
c48e6689-1a83-439f-9297-4f7937669ac0,ACC-STUDENT-001,2025-12-02T08:30:00Z,263.22,NPR,DEBIT,COMPLETED,Americano,Himalayan Java,Coffee
7964d876-a713-4ca3-98d6-3fb42c6393e8,ACC-STUDENT-005,2025-08-30T12:03:00Z,315.55,NPR,DEBIT,COMPLETED,Lunch,Restaurant,Food
200f1c06-7791-4b60-87ce-6a00114dea35,ACC-STUDENT-005,2025-03-10T19:27:00Z,575.69,NPR,DEBIT,COMPLETED,Meals,Canteen,Food
efe1f5ce-5b16-4d87-99ab-42b34d3c6553,ACC-STUDENT-005,2025-11-20T20:58:00Z,430.2,NPR,DEBIT,COMPLETED,Dinner,Boba Shop,Food
1f8ff7bd-7821-484a-b5a6-acc6ca6e1661,ACC-STUDENT-004,2025-10-29T19:03:00Z,686.17,NPR,DEBIT,COMPLETED,Breakfast,Canteen,Food
d677b23e-75c0-4513-811c-25b586c4fceb,ACC-STUDENT-003,2025-02-10T19:06:00Z,193.49,NPR,DEBIT,COMPLETED,,Burger House,Food
229fc202-3d48-49ea-8170-3375efc285a3,ACC-STUDENT-002,2026-01-11T12:03:00Z,778.4,NPR,DEBIT,COMPLETED,Snacks,Cafe,FOOD
9a8ef332-312b-459b-acc4-4afce65c0744,ACC-STUDENT-005,2025-04-23T13:34:00Z,677.22,NPR,DEBIT,COMPLETED,Burger & Fries,Local Eatery,Food
763aea87-c849-4ee2-9808-efabcf6888a4,ACC-STUDENT-002,2025-05-28T17:57:00Z,131.98,NPR,DEBIT,COMPLETED,,Bus,Transport
046c26f7-e45b-4ff5-bfbb-84e8eba2817b,ACC-STUDENT-002,2025/11/21,79.5,NPR,DEBIT,COMPLETED,Micro Fare,Microbus,Transport
005f0454-faec-45f0-85c6-1c40317fe021,ACC-STUDENT-003,2025-05-08T17:42:00Z,140.7,NPR,DEBIT,COMPLETED,Ride Sharing,Pathao,Transport
05bc65bd-f95b-4926-9e94-9d0d7ca6c4f9,ACC-STUDENT-005,2025-10-28T19:50:00Z,633.66,NPR,DEBIT,COMPLETED,Snacks,Restaurant,Food
bc65fae2-bb82-4ee8-8cf3-16cbc98814dd,ACC-STUDENT-002,2025-10-23T09:56:00Z,127.43,NPR,DEBIT,COMPLETED,Taxi Ride,Bus,Transport
9e4807f2-0caf-4771-9f4f-19e5ee6f0404,ACC-STUDENT-003,2025-11-05T17:01:00Z,218.24,NPR,DEBIT,COMPLETED,Taxi Ride,Local Taxi,Transport
9c902d8d-9d4b-4966-809f-a1ad7267efbc,ACC-STUDENT-001,2025-07-30T08:30:00Z,313.56,NPR,DEBIT,COMPLETED,Latte,Red Mug Cafe,Coffee
1005efe3-5f1f-4cf1-b947-f1cac12efce4,ACC-STUDENT-002,2025-07-06T12:00:00Z,3759.53,NPR,DEBIT,COMPLETED,Vegetables & Fruits,Big Mart,Groceries
23885fdd-29ae-462d-b67a-2fb8446f05af,ACC-STUDENT-005,2025-10-11T13:48:00Z,257.9,NPR,DEBIT,COMPLETED,Snacks,Local Eatery,Food
c268cf53-72ab-4ad3-8172-15bf260d60d4,ACC-STUDENT-001,2025-07-08T19:45:00Z,265.35,NPR,DEBIT,COMPLETED,Breakfast,Boba Shop,Food
cdd17584-80b1-42f5-a55b-032b3a6e0e07,ACC-STUDENT-004,2025-08-17T13:26:00Z,395.12,NPR,DEBIT,COMPLETED,Snacks,Canteen,Food
d65f0b7e-603c-411d-b29a-a3199786677f,ACC-STUDENT-003,2025-05-24T12:46:00Z,247.35,NPR,DEBIT,COMPLETED,Dinner,Restaurant,Food
6fc461af-e468-495a-bf01-8b3cebb0e680,ACC-STUDENT-004,2025-02-20T18:02:00Z,384.46,NPR,DEBIT,COMPLETED,Micro Fare,Bus,Transport
d7c7c89f-e137-4b5b-a032-120b4c3f92e2,ACC-STUDENT-003,2025-06-29T13:55:00Z,665.06,NPR,DEBIT,COMPLETED,Dinner,Boba Shop,Food
205933af-689e-4f34-bc95-32be6114426a,ACC-STUDENT-002,2025-10-12T18:30:00Z,941.17,NPR,DEBIT,COMPLETED,Netflix Subscription,Fuzz Factory,Entertainment
adf982d0-2839-4d7a-ab6d-36992f60eb7a,ACC-STUDENT-005,2025-11-13T20:50:00Z,784.62,NPR,DEBIT,COMPLETED,Lunch,Burger House,Food
66dd5c6f-c50d-4149-a530-cea7abbae491,ACC-STUDENT-002,2025/12/27,2417.51,NPR,DEBIT,COMPLETED,Weekly Groceries,Local Grocery,Groceries
74968f97-c15e-4eef-a683-528d41a4437b,ACC-STUDENT-001,2025-01-25T12:00:00Z,4269.8,NPR,DEBIT,COMPLETED,Monthly Supplies,Fresh Vegetable Vendor,Groceries
1e017cdb-16c9-4700-992e-806de7d361b3,ACC-STUDENT-002,2025-07-01T20:02:00Z,386.26,NPR,DEBIT,COMPLETED,Dinner,Bakery,Food
53e6ca64-d958-4b4d-8e9b-239f284e9ac6,ACC-STUDENT-002,2025-04-21T13:05:00Z,262.89,NPR,DEBIT,COMPLETED,Burger & Fries,Boba Shop,Food
c14351f8-2780-4bde-b284-0bc5400e4f37,ACC-STUDENT-004,2025-03-14T13:17:00Z,789.32,NPR,DEBIT,COMPLETED,Burger & Fries,Bakery,Food
8cc6d2a6-5968-4257-bd74-4d43b9acd61b,ACC-STUDENT-001,2025-03-27T19:46:00Z,772.85,NPR,DEBIT,COMPLETED,Coke and Momo,Boba Shop,Food
bdb34d50-741f-4cf3-a274-c589820a37b0,ACC-STUDENT-003,2025-04-12T12:00:00Z,1746.28,NPR,DEBIT,COMPLETED,Weekly Groceries,Big Mart,Groceries
c65a6d67-ba92-4177-b6fe-3a98c67ca89c,ACC-STUDENT-002,2025-11-26T09:37:00Z,184.49,NPR,DEBIT,COMPLETED,Ride Sharing,InDrive,Transport
daab4c7c-88a0-4302-89a4-a91f3a6ddee0,ACC-STUDENT-001,2025-09-10T18:17:00Z,496.31,NPR,DEBIT,COMPLETED,,Pathao,Transport
bfd2db44-b8bd-480a-9098-ff7c641efd49,ACC-STUDENT-003,2025-03-15T18:55:00Z,389.94,NPR,DEBIT,COMPLETED,Ride Sharing,Pathao,Transport
a8121003-56b0-4309-8667-b36a2b9c7477,ACC-STUDENT-004,2025-09-23T18:38:00Z,76.55,NPR,DEBIT,COMPLETED,Taxi Ride,Bus,Transport
6e7adec5-5d33-42ab-b1d0-dc81c8df6fdc,ACC-STUDENT-003,2025-08-09T20:53:00Z,219.18,NPR,DEBIT,COMPLETED,Breakfast,Boba Shop,Food
0bef5f71-2e43-4ecc-9284-f1f8002a32a4,ACC-STUDENT-003,2025-09-29T12:40:00Z,409.54,NPR,DEBIT,COMPLETED,Coke and Momo,Restaurant,Food
7e7c26f9-f2f4-46ad-9c54-ac9f908da4e9,ACC-STUDENT-005,2025-04-26T18:43:00Z,307.02,NPR,DEBIT,COMPLETED,Taxi Ride,Local Taxi,Transport
966c9035-7fec-4422-a1cc-9fe39db4b43c,ACC-STUDENT-004,2025-07-04T08:30:00Z,141.33,NPR,DEBIT,COMPLETED,Iced Coffee,Red Mug Cafe,Coffee
ad238b86-933e-45b2-a01c-938ca4a8ce53,ACC-STUDENT-004,2025-04-24T12:28:00Z,675.62,NPR,DEBIT,COMPLETED,Lunch,Canteen,Food
bdc02bff-b469-417d-b8c9-29ca939046b0,ACC-STUDENT-001,2025/12/25,61.22,NPR,DEBIT,COMPLETED,Micro Fare,Pathao,TRANSPORT
00a497bd-57e8-4de1-8514-4f95ec469cc5,ACC-STUDENT-001,2025-11-27T12:03:00Z,258.94,NPR,DEBIT,COMPLETED,Snacks,Bakery,Food
759196ea-983e-41b4-b33c-87688dfc1096,ACC-STUDENT-002,2025-10-16T18:41:00Z,474.2,NPR,DEBIT,COMPLETED,,Microbus,Transport
205b527d-7b14-4f9d-a438-25ef0d6501a3,ACC-STUDENT-002,2025-07-20T19:39:00Z,219.91,NPR,DEBIT,COMPLETED,Snacks,Bakery,Food
17c10b9c-4d72-4e8e-bdf5-b9c592954f63,ACC-STUDENT-001,2025-06-22T12:19:00Z,582.95,NPR,DEBIT,COMPLETED,Coke and Momo,Burger House,Food
c722cd09-bcc8-416e-b1b1-665ff861a677,ACC-STUDENT-001,2025-09-25T20:33:00Z,647.25,NPR,DEBIT,COMPLETED,Meals,Canteen,Food
0ca7b015-ec81-4483-92f8-ef125eba7b45,ACC-STUDENT-003,2025-01-18T17:12:00Z,455.7,NPR,DEBIT,COMPLETED,Daily Commute,Sajha Yatayat,Transport
58a697bd-21b2-4996-9c18-06e4e267731f,ACC-STUDENT-003,2025-06-12T17:37:00Z,413.3,NPR,DEBIT,COMPLETED,Micro Fare,InDrive,Transport
66b924c0-972f-4491-aa98-b2240945782e,ACC-STUDENT-003,2025/11/10,755.75,NPR,DEBIT,COMPLETED,Meals,Restaurant,Food
4b7ca5cb-448a-4cc7-b907-cea67c8f5002,ACC-STUDENT-001,2025-06-02T08:30:00Z,342.11,NPR,DEBIT,COMPLETED,Cappuccino,Coffee Point,Coffee
f6349eb1-b956-49ad-b151-d68d5c9b9403,ACC-STUDENT-002,2025-09-29T17:19:00Z,60.91,NPR,DEBIT,COMPLETED,Ride Sharing,Bus,Transport
c92e3cc8-4d00-4227-9478-9d17ad0774d7,ACC-STUDENT-002,2025-01-16T17:06:00Z,360.89,NPR,DEBIT,COMPLETED,Ride Sharing,Local Taxi,Transport
bf9182c5-ff39-4a53-979a-9cd0fd2c40e3,ACC-STUDENT-004,2025-01-27T08:30:00Z,123.8,NPR,DEBIT,COMPLETED,Americano,Coffee Point,Coffee
446eeac6-1436-4a95-98e0-a76d8cbd5d5e,ACC-STUDENT-002,2026-01-01T16:20:00Z,-5404.1,NPR,DEBIT,COMPLETED,Gift for Mom,Local Store,Shopping
2faed5db-a7e3-4c47-846b-4f2d0a17569c,ACC-STUDENT-001,2025-01-15T20:34:00Z,231.14,NPR,DEBIT,COMPLETED,,Canteen,Food
208a2932-cfe8-4600-a8c4-9f3f021c2a7e,ACC-STUDENT-003,2025-11-07T08:30:00Z,105.53,NPR,DEBIT,COMPLETED,Americano,Coffee Point,coffee
09eea02c-a8e3-4f15-af3a-6613b17ae5fb,ACC-STUDENT-002,2025-10-26T12:00:00Z,"Rs. 2,586.84",NPR,DEBIT,COMPLETED,Dairy Products,Bhatbhateni,Groceries
1657bd98-dc87-4454-8937-8495c6397ad1,ACC-STUDENT-005,2025-04-24T16:20:00Z,3023.14,NPR,DEBIT,COMPLETED,T-shirt,Mall,Shopping
12996e86-2089-4083-828e-4799103bc931,ACC-STUDENT-004,2025-09-18T17:39:00Z,486.78,NPR,DEBIT,COMPLETED,Micro Fare,Bus,Transport
d3f5b6f8-d7c6-49c3-90ec-b37c8babf0e1,ACC-STUDENT-004,2025-09-01T09:00:00Z,28067.47,NPR,CREDIT,COMPLETED,Monthly Allowance,Family Transfer,Income
10963fd1-1a8b-43c8-b892-e95cbfe40d7c,ACC-STUDENT-005,2025-11-10T13:53:00Z,753.66,NPR,DEBIT,COMPLETED,Snacks,Local Eatery,Food
09532584-1b42-4fd6-b30a-b178ce043125,ACC-STUDENT-002,2025-02-22T09:08:00Z,410.8,NPR,DEBIT,COMPLETED,Micro Fare,Sajha Yatayat,Transport
affe6027-aa6c-4480-bb0c-7215a64f43f5,ACC-STUDENT-001,2025-12-15 20:17:00,159.43,NPR,DEBIT,COMPLETED,Snacks,Burger House,Food
585b041d-c6eb-4146-9550-d9af1ef07996,ACC-STUDENT-002,2025-11-24T18:16:00Z,182.66,NPR,DEBIT,COMPLETED,Taxi Ride,Bus,Transport
3e5a014d-9716-4fa9-8ca1-563261d3af94,ACC-STUDENT-003,2025-01-28T13:56:00Z,397.62,NPR,DEBIT,COMPLETED,Snacks,Bakery,Food
be205b49-548e-439d-a2da-25a26cf1dd23,ACC-STUDENT-002,2025-06-05T18:22:00Z,452.71,NPR,DEBIT,COMPLETED,Micro Fare,Microbus,Transport
365b0029-fd19-4480-8e9d-8a1620aa5f43,ACC-STUDENT-005,2025-03-05T18:25:00Z,175.34,NPR,DEBIT,COMPLETED,Bus Ticket,Pathao,Transport
3a40ac38-7d5c-41a6-a15c-cc8d20f3aaa5,ACC-STUDENT-003,2025-02-18T12:33:00Z,420.63,NPR,DEBIT,COMPLETED,Breakfast,Bakery,Food
f6faf80f-3add-442e-9f1f-405c1e5f8c01,ACC-STUDENT-001,2025-08-20T18:20:00Z,286.43,NPR,DEBIT,COMPLETED,Ride Sharing,InDrive,Transport
afb5c170-9e78-401c-a616-c09875480fe7,ACC-STUDENT-002,2025-10-13T18:17:00Z,492.53,NPR,DEBIT,COMPLETED,Ride Sharing,Microbus,Transport
a1e67b37-77a7-4601-b18e-06175d300a24,ACC-STUDENT-001,2025-10-25T13:01:00Z,645.59,NPR,DEBIT,COMPLETED,Burger & Fries,Local Eatery,Food
6c40d556-ed29-4e43-bc83-7ffa9a4a6beb,ACC-STUDENT-004,2025-06-02T10:00:00Z,9508.81,NPR,DEBIT,COMPLETED,House Rent,Rent House Ltd,Utilities
0b22784e-d327-41c6-b492-957c62a53195,ACC-STUDENT-003,2025-06-20T09:03:00Z,475.4,NPR,DEBIT,COMPLETED,Micro Fare,InDrive,Transport
ed2fa6e0-d392-4870-9f43-aea8ae1b8e79,ACC-STUDENT-001,2025-11-10T14:30:00Z,5500.27,NPR,CREDIT,COMPLETED,Monthly Allowance,Part-time Gig,Income
9382a8e3-da79-4c0a-8693-f90b3b168fa6,ACC-STUDENT-002,2025-07-26T17:44:00Z,325.74,NPR,DEBIT,COMPLETED,Micro Fare,Local Taxi,Transport
2292f7c2-6ce1-4bbe-be0b-d033387b5d94,ACC-STUDENT-001,2026-01-06T08:30:00Z,175.41,NPR,DEBIT,COMPLETED,Americano,Himalayan Java,Coffee
27350c18-680c-47c3-978e-8a8aa31c312a,ACC-STUDENT-002,2025-05-29T08:30:00Z,317.63,NPR,DEBIT,COMPLETED,Latte,Himalayan Java,Coffee
73383c3a-4232-481c-b627-ae947cc2ef6f,ACC-STUDENT-004,2025-08-09T12:47:00Z,174.36,NPR,DEBIT,COMPLETED,Coke and Momo,Bakery,Food
e306453c-f089-4e10-b655-ef924c6c0a44,ACC-STUDENT-001,2025-05-22T17:50:00Z,228.6,NPR,DEBIT,COMPLETED,Taxi Ride,Sajha Yatayat,Transport
607f1222-de96-4969-9bb1-0724cbe551fe,ACC-STUDENT-001,2025-09-18T16:20:00Z,5728.44,NPR,DEBIT,COMPLETED,Gift for Mom,Mall,Shopping
1eb84245-0ccb-4fd1-a4ea-0f498929bdfb,ACC-STUDENT-004,2025-09-21T12:00:00Z,4471.23,NPR,DEBIT,COMPLETED,Rice and Oil,Local Grocery,Groceries
9cb8b5e6-85c3-4f71-b347-5a505a90035d,ACC-STUDENT-005,2025-07-14T09:28:00Z,Rs. 443.32,NPR,DEBIT,COMPLETED,Taxi Ride,Microbus,Transport
2a38890b-e5e6-4fe8-a934-819ad70dff81,ACC-STUDENT-003,2025-02-18T13:35:00Z,684.85,NPR,DEBIT,COMPLETED,,Cafe,Food
ea4a6929-e6bd-48fe-959a-f3835cfb68f6,ACC-STUDENT-003,2025-05-18T19:53:00Z,596.39,NPR,DEBIT,COMPLETED,Lunch,Burger House,Food
5cc9aa00-e123-41a7-923a-40e576077723,ACC-STUDENT-005,2026-01-01T17:48:00Z,261.7,NPR,DEBIT,COMPLETED,Micro Fare,Bus,Transport
58d12211-2e07-444e-be56-42e3d0fe9740,ACC-STUDENT-001,2025-08-22T17:02:00Z,183.4,NPR,DEBIT,COMPLETED,Ride Sharing,Local Taxi,Transport
d541b4b3-a90b-4a6e-bef9-e083342bcfc7,ACC-STUDENT-003,2025-01-29T12:11:00Z,237.71,NPR,DEBIT,COMPLETED,Dinner,Burger House,Food
491bced9-fdaf-41c2-95a0-320448de8853,ACC-STUDENT-005,2025-12-05T12:53:00Z,756.18,NPR,DEBIT,COMPLETED,Burger & Fries,Bakery,Food
b26a5260-e43a-4409-81ce-95709cd84ace,ACC-STUDENT-002,2025-05-20T09:38:00Z,161.37,NPR,DEBIT,COMPLETED,Taxi Ride,Bus,Transport
3d542b07-c819-41db-9e2a-771eabf59196,ACC-STUDENT-002,2025-09-03T08:30:00Z,307.04,NPR,DEBIT,COMPLETED,Chiya,Coffee Point,Coffee
d98f1878-e809-4c6a-b756-e72a398678b5,ACC-STUDENT-002,2025-10-10T19:43:00Z,228.16,NPR,DEBIT,COMPLETED,Snacks,Burger House,Food
53b1ec09-c8b2-47b3-8c6e-dbe148ef3262,ACC-STUDENT-003,2025-03-07T17:24:00Z,387.07,NPR,DEBIT,COMPLETED,Ride Sharing,InDrive,Transport
bf4dde9d-4b9a-4455-8656-d5022e01fb1b,ACC-STUDENT-002,2025-11-24T12:48:00Z,760.99,NPR,DEBIT,COMPLETED,Meals,Bakery,Food
6f2620d3-6070-4e94-839c-6fe9852f5a2b,ACC-STUDENT-005,2025-12-16T19:11:00Z,-431.03,NPR,DEBIT,COMPLETED,Snacks,Boba Shop,Food
0676145e-8d5f-4d29-8c7b-e2c305bbb6e8,ACC-STUDENT-005,2025-05-20T12:22:00Z,558.01,NPR,DEBIT,COMPLETED,Coke and Momo,Local Eatery,Food
e8a43f70-06bd-4e55-9dfc-58a6a5e49c3b,ACC-STUDENT-001,2025-09-19T17:37:00Z,95.34,NPR,DEBIT,COMPLETED,Taxi Ride,InDrive,Transport
df9f9446-29a2-4d8c-a04b-a1b4e87b2b20,ACC-STUDENT-004,2025-11-15T20:54:00Z,334.36,NPR,DEBIT,COMPLETED,Breakfast,Cafe,Food
c68ec2fd-ce64-46ac-ac15-649b5d358045,ACC-STUDENT-001,2025-11-17T20:20:00Z,510.81,NPR,DEBIT,COMPLETED,Breakfast,Bakery,Food
b953d4af-5949-4602-b0d5-bdbd7cf0682f,ACC-STUDENT-005,2025-10-07T18:07:00Z,346.8,NPR,DEBIT,COMPLETED,Daily Commute,Pathao,Transport
01909de7-3edb-410e-b27f-90a7c3910c29,ACC-STUDENT-005,2025-12-21T20:10:00Z,732.27,NPR,DEBIT,COMPLETED,Dinner,Local Eatery,Food
046a2b21-7995-4b6f-acce-0220bb270ce6,ACC-STUDENT-001,2025-06-14T09:07:00Z,468.24,NPR,DEBIT,COMPLETED,Ride Sharing,Sajha Yatayat,Transport
1d5e334a-0fcc-41ec-bde7-a17ed33f0a1a,ACC-STUDENT-005,2025-05-01T13:19:00Z,514.84,NPR,DEBIT,COMPLETED,Snacks,Boba Shop,Food
0649e25b-9884-4ff9-b9c9-9318d2aee58c,ACC-STUDENT-002,2025-11-27T09:20:00Z,260.75,NPR,DEBIT,COMPLETED,Micro Fare,Local Taxi,Transport
fc57c0d9-a2aa-4a34-92f3-94e63f1b2508,ACC-STUDENT-005,2025-02-21T19:39:00Z,506.87,NPR,DEBIT,COMPLETED,Coke and Momo,Boba Shop,Food
e38c4f04-3956-4a77-84d8-3a70a7c5250e,ACC-STUDENT-005,2026-01-07T09:22:00Z,432.36,NPR,DEBIT,COMPLETED,Micro Fare,Local Taxi,Transport
0e334d75-a93f-4569-beec-14938249f8c0,ACC-STUDENT-003,2025-01-16T12:25:00Z,684.87,NPR,DEBIT,COMPLETED,Lunch,Canteen,Food
7ffe03c6-e8ba-4106-96a7-f24d97b5bd0d,ACC-STUDENT-005,2025-03-07T18:39:00Z,271.86,NPR,DEBIT,COMPLETED,Taxi Ride,Local Taxi,Transport
017e74b5-550b-4923-af82-5fa74c684d81,ACC-STUDENT-002,2025-10-18T12:00:00Z,2011.42,NPR,DEBIT,COMPLETED,Dairy Products,Local Grocery,Groceries
33823564-80fd-4525-a8a9-0dc5e909bc1c,ACC-STUDENT-002,2025-05-13T17:55:00Z,418.19,NPR,DEBIT,COMPLETED,,Local Taxi,Transport
2530b8ca-1ddc-43a2-8fef-b768b03aee56,ACC-STUDENT-001,2025/07/07,129.0,NPR,DEBIT,COMPLETED,Daily Commute,Bus,Transport
f58a6595-c173-4857-82f5-9df04890e6ae,ACC-STUDENT-003,2025-11-26T09:04:00Z,124.24,NPR,DEBIT,COMPLETED,Micro Fare,Sajha Yatayat,Transport
649dd866-713a-47f0-9d4b-377374bd5d13,ACC-STUDENT-001,2025-06-25T16:20:00Z,4980.87,NPR,DEBIT,COMPLETED,T-shirt,Clothing Shop,shopping
98df2a7d-b1b2-4a82-8d2b-d837857740ff,ACC-STUDENT-002,2025-07-23T18:24:00Z,156.39,NPR,DEBIT,COMPLETED,Daily Commute,Local Taxi,Transport
6028ca1b-ebd8-42d9-88fa-59cefa84e328,ACC-STUDENT-002,2025-01-16T08:30:00Z,0.0,NPR,DEBIT,COMPLETED,Iced Coffee,Coffee Point,Coffee
1d98f461-5e19-4831-bee7-539d8b2e892b,ACC-STUDENT-001,2025-04-21T17:55:00Z,Rs. 373.26,NPR,DEBIT,COMPLETED,Taxi Ride,Sajha Yatayat,Transport
e6253af9-b6a4-449a-9c48-fdea75306d8e,ACC-STUDENT-001,2025-07-01T20:32:00Z,181.82,NPR,DEBIT,COMPLETED,Dinner,Restaurant,Food
a35b3d5c-7c60-492b-87c3-6879bd1770f0,ACC-STUDENT-004,2025-12-23T13:15:00Z,662.72,NPR,DEBIT,COMPLETED,Burger & Fries,Local Eatery,Food
af55d5d7-b7ed-47e5-9514-c7a19ff11171,ACC-STUDENT-003,2025-12-03T17:56:00Z,234.46,NPR,DEBIT,COMPLETED,Daily Commute,InDrive,Transport
58d976fe-177a-4106-ad20-55418c21a7ac,ACC-STUDENT-001,2025-07-15T08:30:00Z,120.48,NPR,DEBIT,COMPLETED,Americano,Beans Cafe,Coffee
32b31c15-c00e-47bd-a49c-33cf9219bedc,ACC-STUDENT-001,2025-05-19T13:01:00Z,319.5,NPR,DEBIT,COMPLETED,Burger & Fries,Local Eatery,Food
8296d580-e783-4f7a-98e4-372f8d00e808,ACC-STUDENT-002,2025-07-02 09:54:00,97.38,NPR,DEBIT,COMPLETED,Micro Fare,Pathao,Transport
a0e1105a-d1d5-430d-8b1b-516f7645020b,ACC-STUDENT-003,2025-07-03T09:15:00Z,452.84,NPR,DEBIT,COMPLETED,Micro Fare,Sajha Yatayat,Transport
eb445239-f1db-4752-a01d-0b4dd1dec0b0,ACC-STUDENT-001,2025-02-10T18:31:00Z,332.04,NPR,DEBIT,COMPLETED,Taxi Ride,Sajha Yatayat,Transport
802d10bf-0583-4451-b042-ba2482a0f204,ACC-STUDENT-003,2025-12-08T12:16:00Z,608.78,NPR,DEBIT,COMPLETED,Burger & Fries,Restaurant,Food
2bb99b25-995e-4ce5-be62-f555a3552b81,ACC-STUDENT-004,2025-02-28T09:07:00Z,150.8,NPR,DEBIT,COMPLETED,Bus Ticket,Sajha Yatayat,Transport
2793b599-39d2-4f06-bf84-a5d5e529fcb7,ACC-STUDENT-004,2025-02-12T20:13:00Z,506.44,NPR,DEBIT,COMPLETED,Snacks,Burger House,Food
e18ae205-dacb-4a60-bf62-7b07d53c2904,ACC-STUDENT-005,2025-11-02T12:00:00Z,2755.4,NPR,DEBIT,COMPLETED,Dairy Products,Saleways,Groceries
6b3a16c0-7686-4c38-85d8-d63f22d99f67,ACC-STUDENT-002,2025-08-16T17:07:00Z,303.89,NPR,DEBIT,COMPLETED,Daily Commute,InDrive,Transport
795f3145-83d3-405d-bdb6-25ef21f3b9bd,ACC-STUDENT-002,2025-03-21T12:03:00Z,745.86,NPR,DEBIT,COMPLETED,Snacks,Restaurant,Food
63709240-ec3a-4331-a238-bc3dd40ae00e,ACC-STUDENT-003,2025-10-16T19:53:00Z,157.19,NPR,DEBIT,COMPLETED,Snacks,Cafe,Food
2fa8c8a7-b1fc-4d71-95c0-328a3ee56340,ACC-STUDENT-004,2025-12-02T09:51:00Z,338.9,NPR,DEBIT,COMPLETED,Taxi Ride,Local Taxi,Transport
3850966b-0cdd-46eb-9d66-4344d365a7c9,ACC-STUDENT-004,2025-12-17T18:54:00Z,120.55,NPR,DEBIT,COMPLETED,Bus Ticket,Sajha Yatayat,Transport
fe19f4e5-4964-41aa-a77a-d364056e29fd,ACC-STUDENT-003,2025-11-04T17:34:00Z,156.13,NPR,DEBIT,COMPLETED,Ride Sharing,Local Taxi,Transport
d3b32dc3-5a73-4c95-a71d-7ac16374c1f5,ACC-STUDENT-005,2025-01-22T17:26:00Z,136.09,NPR,DEBIT,COMPLETED,Taxi Ride,Microbus,Transport
9c901a10-188c-48ab-b3bc-604265256a64,ACC-STUDENT-004,2025-01-24T19:53:00Z,579.58,NPR,DEBIT,COMPLETED,Dinner,,Food
c2cb8fe9-a5c3-4bb5-81a8-c3c293dc2139,ACC-STUDENT-002,2025-03-13T18:01:00Z,451.66,NPR,DEBIT,COMPLETED,Micro Fare,Microbus,Transport
c294084f-22e7-40f7-a4d6-d160ff165751,ACC-STUDENT-001,2025-10-13T08:30:00Z,348.35,NPR,DEBIT,COMPLETED,Chiya,Himalayan Java,Coffee
e0439142-2fd7-4656-ba16-0ccbd25583fa,ACC-STUDENT-005,2025/06/23,269.07,NPR,DEBIT,COMPLETED,Iced Coffee,,Coffee
a28e9a2f-c160-4a30-b261-50c53ef68f91,ACC-STUDENT-001,2025-06-13T17:13:00Z,485.66,NPR,DEBIT,COMPLETED,Ride Sharing,Sajha Yatayat,Transport
28eb3d13-2fec-4869-9dd8-d6bac51fbf6e,ACC-STUDENT-001,2025-03-05T09:55:00Z,430.27,NPR,DEBIT,COMPLETED,Daily Commute,InDrive,Transport
7a38adff-7354-4a4d-a640-f913f193e822,ACC-STUDENT-003,2025-11-10T20:05:00Z,745.5,NPR,DEBIT,COMPLETED,Burger & Fries,Restaurant,Food
fa9e35e4-5a13-475f-b117-f6d6307565dc,ACC-STUDENT-002,2025-12-08T13:59:00Z,487.09,NPR,DEBIT,COMPLETED,Lunch,Burger House,Food
8c58bae5-6920-4f39-9d05-93f4cb7cf2d3,ACC-STUDENT-004,2025-11-05T11:15:00Z,1826.57,NPR,DEBIT,COMPLETED,WiFi Internet,Worldlink,Utilities
42bf8d9b-7d10-4752-8527-4cc89d6f24dd,ACC-STUDENT-002,2025-08-22T18:22:00Z,210.42,NPR,DEBIT,COMPLETED,Bus Ticket,Pathao,Transport
4d4e53cc-0cbe-497c-a390-5b6373c86bd4,ACC-STUDENT-003,2025-05-05T11:15:00Z,1364.66,NPR,DEBIT,COMPLETED,WiFi Internet,,Utilities
649e478f-22ce-4b6e-9de8-b7862383484d,ACC-STUDENT-005,2025-05-23T12:32:00Z,181.73,NPR,DEBIT,COMPLETED,Coke and Momo,Burger House,Food
649f829a-b266-4317-b1f2-201f1856a2cd,ACC-STUDENT-003,2025-09-01T20:13:00Z,423.81,NPR,DEBIT,COMPLETED,Lunch,Bakery,Food
255471a7-d1dc-484e-abf0-9f6857779678,ACC-STUDENT-001,2025-06-26T13:29:00Z,389.38,NPR,DEBIT,COMPLETED,Snacks,Boba Shop,Food
34b4ef93-1f65-4cbb-a732-2a4f43ad77c7,ACC-STUDENT-005,2025-05-18T12:05:00Z,745.7,NPR,DEBIT,COMPLETED,Breakfast,Boba Shop,Food
ea965932-eacd-497b-8512-416ca7400cdf,ACC-STUDENT-003,2026-01-06T18:28:00Z,480.44,NPR,DEBIT,COMPLETED,Daily Commute,Sajha Yatayat,Transport
80e8d12a-603a-4d9e-90f7-a0c85210face,ACC-STUDENT-001,2025-07-02T12:01:00Z,798.15,NPR,DEBIT,COMPLETED,Lunch,Burger House,Food
d29c4366-bc4f-47ab-9e28-d371f7154b78,ACC-STUDENT-005,2025-03-27T19:39:00Z,297.36,NPR,DEBIT,COMPLETED,Snacks,,Food
b6d5de28-2c36-46b4-bcbc-ab31c9cd771b,ACC-STUDENT-003,2025-05-22T17:16:00Z,199.43,NPR,DEBIT,COMPLETED,Ride Sharing,Pathao,Transport
c0aa9cdc-843b-40d2-8d74-b6c0ff9d4ae6,ACC-STUDENT-004,2025-10-05T12:00:00Z,2022.35,NPR,DEBIT,COMPLETED,Monthly Supplies,Fresh Vegetable Vendor,Groceries
ed7be85b-34cc-418c-af88-1c87b6144c9b,ACC-STUDENT-002,2025-11-10T09:15:00Z,258.0,NPR,DEBIT,COMPLETED,Daily Commute,Bus,Transport
db7c5de6-c699-4998-b49b-26bacb0ee6e7,ACC-STUDENT-003,2025-05-23T08:30:00Z,136.96,NPR,DEBIT,COMPLETED,Iced Coffee,Himalayan Java,Coffee
f2c46e38-8413-4ceb-9856-1e1d498df536,ACC-STUDENT-005,2025-10-06T08:30:00Z,264.03,NPR,DEBIT,COMPLETED,Iced Coffee,Local Tea Stall,Coffee
d23e852f-9197-4638-aec0-757492660207,ACC-STUDENT-004,2025-09-04T17:10:00Z,179.84,NPR,DEBIT,COMPLETED,Micro Fare,Local Taxi,Transport
dfd84768-d6d7-467f-a82f-02cf9c48f15c,ACC-STUDENT-003,2025-12-12T13:12:00Z,236.76,NPR,DEBIT,COMPLETED,Lunch,Local Eatery,Food
bd41c0f9-a064-4fc5-bd47-e4646805cb50,ACC-STUDENT-004,2025-12-22T20:35:00Z,548.4,NPR,DEBIT,COMPLETED,Lunch,Burger House,Food
33835cce-98a5-48d3-8422-e727867d498f,ACC-STUDENT-005,2025-09-21T13:54:00Z,169.9,NPR,DEBIT,COMPLETED,Breakfast,Bakery,Food
cbed1ccb-0cb9-47fc-8616-2b07b03cfca1,ACC-STUDENT-002,2025-09-28T20:55:00Z,616.58,NPR,DEBIT,COMPLETED,Dinner,Boba Shop,Food
b2d024d9-e50b-4d24-bc82-fc6870f02cc9,ACC-STUDENT-005,2025-03-05T20:31:00Z,739.32,NPR,DEBIT,COMPLETED,Coke and Momo,,Food
96aa1ced-f36a-4225-9d3b-7fec71d7d2bc,ACC-STUDENT-002,2025-12-14T12:00:00Z,4068.64,NPR,DEBIT,COMPLETED,Dairy Products,Saleways,Groceries
14193360-98b6-4aa8-8357-2e79bb264515,ACC-STUDENT-004,2025-05-20T19:22:00Z,653.81,NPR,DEBIT,COMPLETED,Burger & Fries,Bakery,Food
33634d84-565e-499e-a314-fee2d2f3037e,ACC-STUDENT-001,2025-05-03T12:00:00Z,4051.0,NPR,DEBIT,COMPLETED,Weekly Groceries,Big Mart,Groceries
2d2cf6f7-fa74-41fc-b6f9-a5a9e539918b,ACC-STUDENT-001,2025-09-12T08:30:00Z,197.28,NPR,DEBIT,COMPLETED,Americano,Himalayan Java,Coffee
08fdba7c-ef2f-4485-94cc-83bc89e83ee1,ACC-STUDENT-002,2025-06-24T12:06:00Z,200.58,NPR,DEBIT,COMPLETED,Burger & Fries,Boba Shop,Food
7f54ca26-9646-4d68-8260-843b93433099,ACC-STUDENT-001,2025-04-30T08:30:00Z,174.62,NPR,DEBIT,COMPLETED,Chiya,Beans Cafe,Coffee
7162034d-ee03-4f19-a368-bb702e29e161,ACC-STUDENT-004,2025-05-15T17:54:00Z,59.86,NPR,DEBIT,COMPLETED,Taxi Ride,InDrive,Transport
be14ab43-d303-4105-8113-1b3e1a591c8d,ACC-STUDENT-004,2025-08-01T18:04:00Z,194.18,NPR,DEBIT,COMPLETED,Bus Ticket,Bus,Transport
23e11f5d-3ee0-41b7-9d7e-3c6d02c7d5df,ACC-STUDENT-005,2025-05-30T18:24:00Z,409.85,NPR,DEBIT,COMPLETED,Micro Fare,Bus,Transport
6bdd7de1-e40a-452e-b263-d0d4ff1d7014,ACC-STUDENT-005,2025-05-21T08:30:00Z,306.03,NPR,DEBIT,COMPLETED,Cappuccino,Himalayan Java,Coffee
d9401b5e-ef91-40a9-a075-98111974e458,ACC-STUDENT-003,2025-11-10T09:13:00Z,213.24,NPR,DEBIT,COMPLETED,Taxi Ride,Microbus,Transport
e0bcb4ef-e921-4b4a-8bae-d91679d8c5ea,ACC-STUDENT-003,2025-09-03T17:27:00Z,439.33,NPR,DEBIT,COMPLETED,Micro Fare,Sajha Yatayat,Transport
90525018-2cc9-4573-9813-b22dd5460082,ACC-STUDENT-003,2025-11-05T17:49:00Z,377.49,NPR,DEBIT,COMPLETED,Bus Ticket,Microbus,Transport
a772dff5-cb06-4cbe-a8f2-fbf1b7d5b714,ACC-STUDENT-001,2025-11-20T09:04:00Z,Rs. 341.78,NPR,DEBIT,COMPLETED,Ride Sharing,Microbus,transport
6d574f4a-7fef-4ae6-947c-2c4a01c9d19b,ACC-STUDENT-002,2025-08-16T20:26:00Z,678.77,NPR,DEBIT,COMPLETED,Lunch,Canteen,Food
322a7b7c-a389-413f-9885-925172200968,ACC-STUDENT-002,2025-11-06T17:22:00Z,388.08,NPR,DEBIT,COMPLETED,Micro Fare,InDrive,Transport
86ed75fe-66bd-442e-bb40-c114025abf2b,ACC-STUDENT-005,2025-02-06T08:30:00Z,119.01,NPR,DEBIT,COMPLETED,Iced Coffee,Red Mug Cafe,Coffee
09cfb981-551c-4bb4-82e5-ecffd2f5ce10,ACC-STUDENT-002,2025-01-22T13:10:00Z,327.26,NPR,DEBIT,COMPLETED,Meals,Restaurant,Food
7826316a-963a-4f59-89de-b0d33e15096c,ACC-STUDENT-002,2025-09-22T18:12:00Z,169.38,NPR,DEBIT,COMPLETED,Ride Sharing,Sajha Yatayat,Transport
4c35c73c-569c-4715-aacb-e2696b649cee,ACC-STUDENT-005,2025/08/29,328.19,NPR,DEBIT,COMPLETED,Iced Coffee,Coffee Point,Coffee
f5286c18-9f4e-464a-89d1-bd38a659be64,ACC-STUDENT-005,2025-07-31T13:46:00Z,198.03,NPR,DEBIT,COMPLETED,Coke and Momo,Cafe,Food
62b8c9f6-d35a-4e89-9ee9-bfd45f68c9ba,ACC-STUDENT-003,2025-12-01T12:07:00Z,723.78,NPR,DEBIT,COMPLETED,Burger & Fries,Burger House,Food
14d0f290-26d1-4eec-a642-e4587fcb0052,ACC-STUDENT-004,2025/06/29,144.13,NPR,DEBIT,COMPLETED,Bus Ticket,Local Taxi,Transport
c983019a-37f6-4aac-bae4-6b6ff838e066,ACC-STUDENT-002,2025-10-07T19:40:00Z,159.18,NPR,DEBIT,COMPLETED,Lunch,Restaurant,Food
97255a69-9d63-4555-a5e8-59e174814cc1,ACC-STUDENT-004,2025-06-27T16:20:00Z,3520.09,NPR,DEBIT,COMPLETED,Gift for Mom,Bhatbhateni Fashion,Shopping
05efe986-b3af-404e-a3a9-1e86e185025f,ACC-STUDENT-004,2025-07-05T12:38:00Z,534.14,NPR,DEBIT,COMPLETED,Lunch,Local Eatery,food
9464baa9-547d-4a47-a41f-3ff0e019b4a7,ACC-STUDENT-005,2025-12-02 10:00:00,12966.77,NPR,DEBIT,COMPLETED,House Rent,Rent House Ltd,Utilities
f26e3ef6-8e36-43dd-a13a-47872324e925,ACC-STUDENT-001,2025-12-07T12:00:00Z,1689.33,NPR,DEBIT,COMPLETED,Vegetables & Fruits,Local Grocery,Groceries
201dc87a-5e64-40b6-8448-b0df1e71aafa,ACC-STUDENT-003,2025-07-21T18:45:00Z,89.19,NPR,DEBIT,COMPLETED,Micro Fare,Pathao,Transport
da99e9e8-dab4-4e50-88f0-03e2b85234bb,ACC-STUDENT-004,2025-12-21T18:30:00Z,620.13,NPR,DEBIT,COMPLETED,Movie Ticket,One Cinemas,Entertainment
7f11fe38-f2ca-4e73-a5de-8165f3168af0,ACC-STUDENT-002,2025-07-30T20:12:00Z,194.62,NPR,DEBIT,COMPLETED,Snacks,Cafe,Food
529c7b61-ab58-4c7a-b61d-7010fc7f1830,ACC-STUDENT-002,2025-02-16T12:00:00Z,1558.88,NPR,DEBIT,COMPLETED,Monthly Supplies,Fresh Vegetable Vendor,Groceries
e4afc8a0-6591-4149-9bde-b65222f99c62,ACC-STUDENT-003,2025-02-07T17:23:00Z,274.86,NPR,DEBIT,COMPLETED,Micro Fare,Local Taxi,Transport
21922745-3ee5-4edf-8ef2-9c97e9e64be6,ACC-STUDENT-001,2025-05-02T20:41:00Z,757.77,NPR,DEBIT,COMPLETED,Snacks,Bakery,Food
6d3242cb-80c4-4c2f-a75b-f6d0b597c15b,ACC-STUDENT-003,2025-10-16T17:06:00Z,256.72,NPR,DEBIT,COMPLETED,Taxi Ride,Pathao,Transport
274a1b4e-5db6-4b4c-9b2d-9195d767aa24,ACC-STUDENT-004,2025-01-22T09:12:00Z,106.17,NPR,DEBIT,COMPLETED,Ride Sharing,Sajha Yatayat,Transport
eee60d17-d98d-43fe-993f-32aef6f4941b,ACC-STUDENT-004,2025-04-29T08:30:00Z,154.18,NPR,DEBIT,COMPLETED,Chiya,Beans Cafe,Coffee
e8ab353e-e8bc-4684-a1ff-3f3fefaa3a8e,ACC-STUDENT-005,2025-03-26T09:14:00Z,410.38,NPR,DEBIT,COMPLETED,Daily Commute,Pathao,Transport
361af1b0-c64f-485b-bc19-95d67a9e8a5a,ACC-STUDENT-003,2025-10-20T17:07:00Z,90.88,NPR,DEBIT,COMPLETED,Taxi Ride,Pathao,Transport
43c17044-6edc-4e82-b4b0-c9e3c9439299,ACC-STUDENT-002,2025-02-26T12:53:00Z,392.44,NPR,DEBIT,COMPLETED,Coke and Momo,Local Eatery,Food
b5bf615f-d7f1-4dad-b580-001ceed08993,ACC-STUDENT-001,2025-09-17 13:31:00,629.12,NPR,DEBIT,COMPLETED,Lunch,Burger House,FOOD
dc93f80a-861a-46dd-be8f-8c6cf9b26d28,ACC-STUDENT-002,2025-10-20 09:26:00,263.97,NPR,DEBIT,COMPLETED,Taxi Ride,Microbus,Transport
35d5de9e-7b96-4fe0-be15-776eac4cb599,ACC-STUDENT-003,2025-01-26T12:00:00Z,3369.7,NPR,DEBIT,COMPLETED,Rice and Oil,Fresh Vegetable Vendor,Groceries
a0d34a1d-5464-4044-b493-5e93a751d881,ACC-STUDENT-004,2025-01-18T12:00:00Z,3302.35,NPR,DEBIT,COMPLETED,Rice and Oil,Big Mart,Groceries
5795a02c-3420-4070-a9c2-f99e4a781407,ACC-STUDENT-005,2025-05-27T08:30:00Z,154.94,NPR,DEBIT,COMPLETED,Americano,Himalayan Java,Coffee
325738b7-94dc-49f3-aae8-362e54ed4484,ACC-STUDENT-001,2025-12-31T08:30:00Z,246.3,NPR,DEBIT,COMPLETED,Iced Coffee,Coffee Point,Coffee
3c3fe1a1-7657-4f64-bdec-a05ed2cfa265,ACC-STUDENT-004,2025-01-25T19:55:00Z,397.99,NPR,DEBIT,COMPLETED,Meals,Burger House,Food
9099ab5a-19ad-4d6b-9dc0-9cd67a786a45,ACC-STUDENT-001,2025/09/09,463.38,NPR,DEBIT,COMPLETED,Breakfast,Bakery,Food
a3b8b4b2-e898-4711-8534-9c1b31b17a0b,ACC-STUDENT-005,2025-04-01T16:20:00Z,4478.44,NPR,DEBIT,COMPLETED,Gift for Mom,Local Store,Shopping
10b3287d-b5a8-4f48-a78a-7c0300ffc3f7,ACC-STUDENT-001,2025-06-29T12:00:00Z,2445.03,NPR,DEBIT,COMPLETED,Monthly Supplies,Saleways,Groceries
4f77ddcf-0106-4b51-a6b1-1ac918aa979c,ACC-STUDENT-001,2025-03-12T18:14:00Z,262.16,NPR,DEBIT,COMPLETED,Bus Ticket,InDrive,Transport
4e1d96da-7071-4788-988d-af8a1dc46bbb,ACC-STUDENT-003,2025-12-18T09:40:00Z,134.43,NPR,DEBIT,COMPLETED,Bus Ticket,Bus,Transport
1b6ff6dd-181a-4131-a234-3dd2b8338a17,ACC-STUDENT-002,2025-04-18T09:47:00Z,242.82,NPR,DEBIT,COMPLETED,Ride Sharing,InDrive,Transport
090e9f39-361b-42cc-aa82-c4571b4dec50,ACC-STUDENT-002,2025-08-02T12:00:00Z,2117.12,NPR,DEBIT,COMPLETED,Vegetables & Fruits,Saleways,Groceries
dcf5e955-bebb-4684-ba57-cb87985eb3ee,ACC-STUDENT-003,2025-07-15T08:30:00Z,174.66,NPR,DEBIT,COMPLETED,Latte,Red Mug Cafe,Coffee
750ce492-a5ff-4b73-83e8-246ee4b84dc0,ACC-STUDENT-005,2025-06-24T14:30:00Z,5403.46,NPR,CREDIT,COMPLETED,Part-time Payment,Family Transfer,Income
f3f81789-77ec-4c13-91e3-d19d86590b18,ACC-STUDENT-001,2025-09-25T18:09:00Z,87.94,NPR,DEBIT,COMPLETED,Micro Fare,Local Taxi,Transport
4ed662ea-6e7c-473f-bc43-3738355d9f0b,ACC-STUDENT-001,2025-07-13T20:10:00Z,184.81,NPR,DEBIT,COMPLETED,,Cafe,Food
8b9a2494-cb6f-4c98-8045-df60b1f0cebd,ACC-STUDENT-004,2025-08-05T08:30:00Z,251.67,NPR,DEBIT,COMPLETED,Latte,Red Mug Cafe,Coffee
80bb533c-00b6-42dd-b90e-5f82d2fef4cd,ACC-STUDENT-004,2025-03-31T20:54:00Z,773.45,NPR,DEBIT,COMPLETED,Dinner,Bakery,Food
ae806a7a-ca66-47df-8c10-bc2db1549594,ACC-STUDENT-002,2025-07-22T18:04:00Z,223.52,NPR,DEBIT,COMPLETED,Bus Ticket,Pathao,Transport
c2c4d589-0ae6-466f-b0f1-1162f4f07eea,ACC-STUDENT-001,2025-03-02T20:56:00Z,603.86,NPR,DEBIT,COMPLETED,Meals,Canteen,Food
d8df6130-da13-4af3-971f-ecbd4ca856ea,ACC-STUDENT-001,2025-02-20T17:17:00Z,187.98,NPR,DEBIT,COMPLETED,Ride Sharing,Bus,Transport
06e321ea-b64b-4ef0-ad27-f0867a417145,ACC-STUDENT-005,2025-07-01T13:23:00Z,766.25,NPR,DEBIT,COMPLETED,,Burger House,Food
ebc7d417-b6ce-4e38-813a-feddd7f90a85,ACC-STUDENT-005,2025-07-26T12:00:00Z,2247.84,NPR,DEBIT,COMPLETED,Dairy Products,Bhatbhateni,Groceries
3be6cf02-9094-4f1b-9349-d97cc0a00929,ACC-STUDENT-005,2025-07-22T08:30:00Z,0.0,NPR,DEBIT,COMPLETED,Chiya,Red Mug Cafe,Coffee
eca04edd-d9af-4d29-85f6-2684771b8885,ACC-STUDENT-001,2025-07-09T09:45:00Z,485.93,NPR,DEBIT,COMPLETED,,Local Taxi,Transport
bec227cf-1507-4a97-bf6c-c7b1d0623af3,ACC-STUDENT-001,2025-09-17T17:13:00Z,153.14,NPR,DEBIT,COMPLETED,Ride Sharing,InDrive,Transport
fbe13b45-0b93-49ec-bcba-22d334bc7127,ACC-STUDENT-002,2025-02-18T08:30:00Z,154.93,NPR,DEBIT,COMPLETED,Chiya,Coffee Point,Coffee
8a2314f8-6e24-4191-b02d-d8d2943075f9,ACC-STUDENT-003,2025-04-24T09:07:00Z,394.21,NPR,DEBIT,COMPLETED,Taxi Ride,Bus,Transport
36ce1117-aad2-436d-bab3-a867f3636684,ACC-STUDENT-004,2025-07-06T19:44:00Z,372.36,NPR,DEBIT,COMPLETED,Snacks,Canteen,Food
02a52af2-ea1a-46df-a65b-26c1db0dce7f,ACC-STUDENT-001,2025-06-19T13:33:00Z,544.5,NPR,DEBIT,COMPLETED,Lunch,Burger House,Food
77229b17-9a0c-4572-b808-021e4dc76884,ACC-STUDENT-004,2025-12-24T08:30:00Z,193.82,NPR,DEBIT,COMPLETED,Americano,Coffee Point,coffee
c86bb74c-59ec-4f4d-9f06-d365c883c829,ACC-STUDENT-005,2025-08-12T17:05:00Z,455.21,NPR,DEBIT,COMPLETED,Ride Sharing,Pathao,Transport
2c1930c3-d930-45b9-8824-0b8e04cf92a4,ACC-STUDENT-005,2025-04-15T17:43:00Z,61.13,NPR,DEBIT,COMPLETED,Ride Sharing,InDrive,Transport
e407f22e-cddb-4fd7-bfa8-cdca0a72c0e3,ACC-STUDENT-003,2025-10-23T20:38:00Z,762.69,NPR,DEBIT,COMPLETED,Burger & Fries,Local Eatery,Food
ee7a51ef-8771-440e-a648-80c39ed1f268,ACC-STUDENT-005,2025-03-12T12:40:00Z,366.29,NPR,DEBIT,COMPLETED,Lunch,Bakery,Food
f52f646f-c85c-4a23-a585-6287abab6088,ACC-STUDENT-005,2025-05-05T13:25:00Z,398.26,NPR,DEBIT,COMPLETED,Breakfast,Burger House,Food
b8202fc3-f6f2-4d12-b587-74112ab0ca41,ACC-STUDENT-003,2025-09-04T08:30:00Z,155.18,NPR,DEBIT,COMPLETED,,Coffee Point,Coffee
87d1a19f-294d-4fdc-a355-48d500ef0d13,ACC-STUDENT-002,2025-06-16T08:30:00Z,110.84,NPR,DEBIT,COMPLETED,Latte,Red Mug Cafe,Coffee
716a6c9b-20fe-4dfd-8285-bf659fa9ad4f,ACC-STUDENT-005,2025-11-21T20:18:00Z,586.99,NPR,DEBIT,COMPLETED,Snacks,Local Eatery,Food
2ed33c45-fb8c-4d75-9720-c01f9d43d03d,ACC-STUDENT-005,2025-03-01T20:57:00Z,723.43,NPR,DEBIT,COMPLETED,Breakfast,Local Eatery,Food
159bf3a0-71e7-4818-b6c0-17aebca15f45,ACC-STUDENT-003,2025-03-25T20:01:00Z,501.82,NPR,DEBIT,COMPLETED,Dinner,Cafe,Food
5ddc2b49-03ec-433d-8480-cd1243d837ec,ACC-STUDENT-002,2025-06-18T18:34:00Z,419.63,NPR,DEBIT,COMPLETED,Micro Fare,Bus,Transport
50f19e8b-874e-44c1-8260-acdad234e506,ACC-STUDENT-003,2025-01-31T08:30:00Z,132.66,NPR,DEBIT,COMPLETED,Cappuccino,Himalayan Java,Coffee
d4cb2a8c-8dd5-49c4-aabc-f03a28a89e8a,ACC-STUDENT-003,2025/08/22,341.58,NPR,DEBIT,COMPLETED,Daily Commute,Pathao,Transport
4cc5651d-f424-4539-a7f2-893967d30749,ACC-STUDENT-005,2025-08-30T12:00:00Z,4362.12,NPR,DEBIT,COMPLETED,Vegetables & Fruits,Local Grocery,Groceries
c997712a-ac9e-4997-bc4e-cae3d3763651,ACC-STUDENT-001,2025-07-16 08:30:00,288.06,NPR,DEBIT,COMPLETED,Americano,Himalayan Java,Coffee
27a22480-2ac6-4a13-bcc8-0a7e373f1968,ACC-STUDENT-005,2025-05-29T12:52:00Z,320.56,NPR,DEBIT,COMPLETED,Burger & Fries,Boba Shop,Food
b9ea01c6-c6e4-41ae-8438-59c4e6fd678a,ACC-STUDENT-001,2025-10-24T17:56:00Z,487.8,NPR,DEBIT,COMPLETED,Micro Fare,Local Taxi,Transport
293926bd-ab61-40e4-b47b-20ae2b9ef078,ACC-STUDENT-003,2025-08-16T18:28:00Z,358.32,NPR,DEBIT,COMPLETED,Micro Fare,,Transport
252ac35c-4c6a-479e-8fa3-d95bf8682980,ACC-STUDENT-005,2025-12-18T17:49:00Z,418.67,NPR,DEBIT,COMPLETED,Taxi Ride,Sajha Yatayat,Transport
88ad266b-bc2e-4df5-88cd-9fad46b9fee0,ACC-STUDENT-001,2025-07-15T20:31:00Z,731.67,NPR,DEBIT,COMPLETED,Dinner,Canteen,Food
36188d9d-3aad-46ba-9fde-089eb6358754,ACC-STUDENT-003,2025-08-07T12:28:00Z,617.25,NPR,DEBIT,COMPLETED,Meals,Bakery,Food
5aa31a66-c8cf-4a7e-9372-299ac7056e62,ACC-STUDENT-005,2025-06-24T13:26:00Z,320.17,NPR,DEBIT,COMPLETED,Meals,Burger House,Food
d4a574a9-851c-4913-87ef-624e9b343269,ACC-STUDENT-003,2025-11-06T08:30:00Z,246.71,NPR,DEBIT,COMPLETED,Chiya,Beans Cafe,Coffee
cb9f37da-c083-4d5a-8acf-21077c43f561,ACC-STUDENT-004,2025-10-30 17:16:00,337.13,NPR,DEBIT,COMPLETED,Daily Commute,Local Taxi,Transport
98fe9761-998f-4fbb-a2bf-fdc52fa0b937,ACC-STUDENT-002,2025-10-24T14:30:00Z,6620.67,NPR,CREDIT,COMPLETED,Monthly Allowance,Tutoring,Income
865b74f5-125a-478e-96c5-09da44fe9071,ACC-STUDENT-005,2025-06-13T19:10:00Z,298.73,NPR,DEBIT,COMPLETED,Meals,Bakery,Food
ccd43a23-b100-4def-a9d1-7cb19b4b5090,ACC-STUDENT-003,2025-06-13T20:05:00Z,727.95,NPR,DEBIT,COMPLETED,Dinner,Cafe,Food
f30a1b50-3227-44e3-a788-42b9ba9e0365,ACC-STUDENT-004,2025-05-03T09:30:00Z,489.03,NPR,DEBIT,COMPLETED,Ride Sharing,Sajha Yatayat,Transport
605a4c7b-d297-442e-888a-d89340952247,ACC-STUDENT-002,2025-08-24T20:39:00Z,186.82,NPR,DEBIT,COMPLETED,Coke and Momo,Canteen,Food
49267355-7b3c-4cbf-87ca-10ff8a0bcc12,ACC-STUDENT-002,2025-07-30T18:07:00Z,158.25,NPR,DEBIT,COMPLETED,Micro Fare,Pathao,TRANSPORT
ce969e30-72ce-4b30-b342-8643d549605f,ACC-STUDENT-002,2025-07-16T17:40:00Z,84.34,NPR,DEBIT,COMPLETED,Micro Fare,,Transport
584227c7-b2d1-422e-af57-3261f7d7536d,ACC-STUDENT-002,2025-02-01T16:20:00Z,2954.61,NPR,DEBIT,COMPLETED,Gift for Mom,Bhatbhateni Fashion,shopping
489087bb-3aad-4708-b284-68d78d755ee6,ACC-STUDENT-005,2025-09-09T18:56:00Z,167.93,NPR,DEBIT,COMPLETED,Ride Sharing,Bus,Transport
180be526-31c2-457e-bf75-5a7fca5c7b7a,ACC-STUDENT-001,2025-09-30T19:44:00Z,554.79,NPR,DEBIT,COMPLETED,Lunch,Restaurant,Food
86651af5-e9f9-4a9d-ba11-3764ac67a8ce,ACC-STUDENT-005,2025-08-22T09:55:00Z,453.32,NPR,DEBIT,COMPLETED,Micro Fare,Bus,transport
2aa8b157-912c-478c-b9a0-cacf5a5180a3,ACC-STUDENT-001,2025-06-18T18:38:00Z,320.0,NPR,DEBIT,COMPLETED,Bus Ticket,Local Taxi,Transport
2621aabc-9e5b-4488-8779-dd5998cf29cf,ACC-STUDENT-002,2025-02-22T12:00:00Z,-3764.54,NPR,DEBIT,COMPLETED,Rice and Oil,Big Mart,Groceries
b99343af-ae3d-4c57-98df-a936575ecbeb,ACC-STUDENT-003,2025-03-11T12:26:00Z,457.88,NPR,DEBIT,COMPLETED,Dinner,Bakery,Food
bb288d18-61ed-46fc-a479-8a7cedbed2fb,ACC-STUDENT-003,2025-01-16T17:06:00Z,100.13,NPR,DEBIT,COMPLETED,Daily Commute,Sajha Yatayat,Transport
f74c5530-4eaa-4de5-b801-cddabcee812f,ACC-STUDENT-002,2025-07-01T18:54:00Z,331.08,NPR,DEBIT,COMPLETED,Taxi Ride,Local Taxi,Transport
14842e71-691e-4989-8f5a-6d1adac06a22,ACC-STUDENT-003,2025-02-26T20:43:00Z,395.33,NPR,DEBIT,COMPLETED,Meals,Bakery,Food
7b205c46-4274-4723-80ca-1c0118562028,ACC-STUDENT-002,2025-08-05T17:54:00Z,149.12,NPR,DEBIT,COMPLETED,Ride Sharing,Local Taxi,Transport
f1c9dcec-464d-4b9c-9257-407ef7adef70,ACC-STUDENT-005,2025-02-24T19:36:00Z,299.76,NPR,DEBIT,COMPLETED,Coke and Momo,Boba Shop,Food
d102d976-f620-4cf6-a232-0dddcc9b821c,ACC-STUDENT-002,2025-10-21T18:23:00Z,320.42,NPR,DEBIT,COMPLETED,Micro Fare,Microbus,Transport
9e142fe8-dc5c-4aef-944a-d9a1757c7c3a,ACC-STUDENT-002,2025-06-25T17:48:00Z,177.08,NPR,DEBIT,COMPLETED,Micro Fare,InDrive,Transport
201fa18c-9b72-4adb-bfa4-9863dcd9f3ed,ACC-STUDENT-005,2025-11-28 17:33:00,397.56,NPR,DEBIT,COMPLETED,Micro Fare,Pathao,Transport
b16f9e0d-b397-4ff1-8d2e-3ca643bd2fad,ACC-STUDENT-002,2025-04-18T09:03:00Z,111.9,NPR,DEBIT,COMPLETED,Micro Fare,Local Taxi,Transport
2545b9db-3a8c-4a10-a81d-0b5f506f867d,ACC-STUDENT-001,2025-10-14T18:41:00Z,185.18,NPR,DEBIT,COMPLETED,Bus Ticket,Sajha Yatayat,Transport
bbeec1cd-0899-4213-8106-07d90ea65a4d,ACC-STUDENT-005,2025-11-16T07:00:00Z,3857.14,NPR,DEBIT,COMPLETED,Weekend Getaway,Yeti Airlines,Travel
961f8862-1505-40ac-9ec9-1fa0a43fdc88,ACC-STUDENT-002,2025-08-24T17:41:00Z,63.49,NPR,DEBIT,COMPLETED,Taxi Ride,Sajha Yatayat,Transport
7450f06a-e786-44c2-8201-7582588b2097,ACC-STUDENT-005,2025-06-01T18:30:00Z,605.17,NPR,DEBIT,COMPLETED,Movie Ticket,One Cinemas,entertainment
e8a8eb94-bf2e-456f-9810-7b80ed920bdc,ACC-STUDENT-005,2025-05-14T12:51:00Z,532.04,NPR,DEBIT,COMPLETED,Dinner,Burger House,Food
ab870f0b-3661-41e0-a36c-efcae2e324c9,ACC-STUDENT-005,2025/07/25,173.34,NPR,DEBIT,COMPLETED,Micro Fare,Sajha Yatayat,Transport
ff6f916c-f471-42a8-b378-5f492f1f9bdf,ACC-STUDENT-003,2025-05-09T09:56:00Z,179.24,NPR,DEBIT,COMPLETED,,Local Taxi,Transport
dbe8943c-b17c-439b-b36a-63e61c701cfd,ACC-STUDENT-001,2025-09-08T12:11:00Z,459.31,NPR,DEBIT,COMPLETED,Burger & Fries,Local Eatery,Food
a98ca155-d335-471a-b155-591002dab4fe,ACC-STUDENT-003,2025-09-14T18:30:00Z,1129.27,NPR,DEBIT,COMPLETED,Netflix Subscription,Fuzz Factory,Entertainment
ebee4d3a-c3e9-488c-af49-05e043e48bfa,ACC-STUDENT-001,2025-07-04T19:30:00Z,503.94,NPR,DEBIT,COMPLETED,Snacks,Restaurant,Food
f249c43b-7e08-4262-b017-d248260100d4,ACC-STUDENT-002,2025-09-21T12:00:00Z,2167.33,NPR,DEBIT,COMPLETED,Weekly Groceries,Saleways,Groceries
203066a5-4e3a-4c41-a2a0-b3f30d5f84a0,ACC-STUDENT-005,2025-01-21T09:40:00Z,420.22,NPR,DEBIT,COMPLETED,Ride Sharing,InDrive,Transport
772f1114-2bfe-4f20-9df1-59fed0bfe99b,ACC-STUDENT-002,2025-09-16T18:17:00Z,475.15,NPR,DEBIT,COMPLETED,Daily Commute,Pathao,Transport
9d5e43fe-a6cd-4e66-86da-979e576de3d8,ACC-STUDENT-005,2025-05-15T08:30:00Z,221.58,NPR,DEBIT,COMPLETED,Cappuccino,Himalayan Java,Coffee
62e5a8c5-058f-4d93-bbc9-2083afb23ad0,ACC-STUDENT-002,2025-04-02T17:59:00Z,152.48,NPR,DEBIT,COMPLETED,Daily Commute,Bus,Transport
66a053bb-e640-469f-8e61-86e7947d115c,ACC-STUDENT-005,2025-05-01T19:44:00Z,708.49,NPR,DEBIT,COMPLETED,Breakfast,Restaurant,Food
1b17b306-7f72-4bf2-aa5b-616b5ed6de0d,ACC-STUDENT-001,2025-05-07T18:51:00Z,348.84,NPR,DEBIT,COMPLETED,Ride Sharing,Pathao,Transport
d8909109-0452-4349-b224-799b9eb02e1e,ACC-STUDENT-002,2025/08/01,292.73,NPR,DEBIT,COMPLETED,Meals,Canteen,Food
24714aa0-04a3-4aee-a363-86d4e8bdf8cd,ACC-STUDENT-001,2025-11-10T09:19:00Z,469.55,NPR,DEBIT,COMPLETED,Bus Ticket,Bus,Transport
081b2285-252c-4232-9ba4-3279a26d95c4,ACC-STUDENT-002,2025-05-27T20:57:00Z,551.54,NPR,DEBIT,COMPLETED,Snacks,Canteen,food
ee128eb8-2347-4f65-8f76-1e71a6a87406,ACC-STUDENT-005,2025-11-16T16:20:00Z,2477.19,NPR,DEBIT,COMPLETED,Books,Miniso,Shopping
d2dc5a7c-927d-41bd-b389-57402850ae4d,ACC-STUDENT-001,2026-01-07 18:06:00,465.9,NPR,DEBIT,COMPLETED,Bus Ticket,Microbus,Transport
cc5a7d6f-b72b-4ff4-aac1-78a8f7352161,ACC-STUDENT-005,2025-03-31T19:24:00Z,744.56,NPR,DEBIT,COMPLETED,Coke and Momo,Cafe,Food
33021405-bd20-4476-8ef1-9cbaee73b7a6,ACC-STUDENT-004,2025-09-17T18:19:00Z,192.7,NPR,DEBIT,COMPLETED,Micro Fare,Microbus,Transport
752c46bb-ff01-420a-9b85-fb085a979c00,ACC-STUDENT-005,2025-10-28T20:49:00Z,580.64,NPR,DEBIT,COMPLETED,Dinner,,Food
55cebf95-838a-4330-9556-673bdf2a7b7a,ACC-STUDENT-002,2025-06-11T09:19:00Z,123.31,NPR,DEBIT,COMPLETED,Ride Sharing,Sajha Yatayat,Transport
c6dbddd4-0630-49af-a0a9-35e2fac03f52,ACC-STUDENT-005,2025-04-23T09:58:00Z,448.5,NPR,DEBIT,COMPLETED,Micro Fare,Pathao,Transport
667ac198-1c63-4388-a60d-505dcf5380ae,ACC-STUDENT-001,2025/10/28,446.99,NPR,DEBIT,COMPLETED,Meals,Cafe,Food
3b02fcf0-bbd0-4173-a0ca-f96fbd1c1992,ACC-STUDENT-003,2026-01-12T18:38:00Z,381.6,NPR,DEBIT,COMPLETED,Taxi Ride,Microbus,Transport
1bba3d70-f89b-43d1-b6e7-596b8b6e3841,ACC-STUDENT-001,2025-10-14T13:46:00Z,200.18,NPR,DEBIT,COMPLETED,Dinner,Boba Shop,Food
c9f1fa99-11d5-4feb-874b-73770d7fce1d,ACC-STUDENT-002,2025-01-19T18:30:00Z,808.96,NPR,DEBIT,COMPLETED,Popcorn & Soda,Netflix,Entertainment
43422c48-b78a-4917-97ea-a80a88f5b388,ACC-STUDENT-004,2025-01-27 19:57:00,336.87,NPR,DEBIT,COMPLETED,Coke and Momo,Restaurant,Food
ea7d2d79-2ab2-4b0a-910c-4eb4628a49ef,ACC-STUDENT-001,2025-05-31T20:36:00Z,658.28,NPR,DEBIT,COMPLETED,Dinner,Bakery,Food
36824559-4bbd-4d77-92c2-f414f758864c,ACC-STUDENT-003,2025-03-12T09:09:00Z,185.15,NPR,DEBIT,COMPLETED,Micro Fare,Bus,Transport
7ef9ae17-72e5-45fb-a0c9-ba7413fba0b0,ACC-STUDENT-005,2025-12-12T12:33:00Z,577.59,NPR,DEBIT,COMPLETED,Breakfast,Boba Shop,Food
781d08ed-c5ee-4aee-a53e-21e5e3593273,ACC-STUDENT-002,2025-04-22T08:30:00Z,251.46,NPR,DEBIT,COMPLETED,Chiya,Beans Cafe,Coffee
44b109e2-886c-4a60-b08c-0f5ffef30f69,ACC-STUDENT-005,2025-09-18T08:30:00Z,164.03,NPR,DEBIT,COMPLETED,Cappuccino,Local Tea Stall,Coffee
b394a047-1b38-4f68-9aab-b21780a3c8bc,ACC-STUDENT-005,2025-05-07T08:30:00Z,340.0,NPR,DEBIT,COMPLETED,Chiya,Local Tea Stall,Coffee
e00cde25-ab46-4398-b4ac-34c848c5d1f2,ACC-STUDENT-002,2025-12-25 19:22:00,681.94,NPR,DEBIT,COMPLETED,Dinner,Restaurant,Food
6234ef5c-8335-4551-80b4-6e5f6e0c4dc0,ACC-STUDENT-001,2025-12-16T18:46:00Z,232.98,NPR,DEBIT,COMPLETED,Ride Sharing,Pathao,Transport
cff9e396-d8e2-46f2-92b9-018e5b5318cc,ACC-STUDENT-004,2025-08-27T13:15:00Z,750.92,NPR,DEBIT,COMPLETED,Coke and Momo,Canteen,Food
efca16be-87fb-47f9-877d-48863f3b1b07,ACC-STUDENT-001,2025-03-07T08:30:00Z,258.44,NPR,DEBIT,COMPLETED,Americano,Local Tea Stall,Coffee
c4fbd5db-87c3-4471-931d-0a0c05b3a9cc,ACC-STUDENT-002,2025-02-02T10:00:00Z,9273.31,NPR,DEBIT,COMPLETED,House Rent,Rent House Ltd,Utilities
b3828aa0-93b6-47da-8428-19ac88c98703,ACC-STUDENT-001,2025-08-12T18:42:00Z,213.48,NPR,DEBIT,COMPLETED,Micro Fare,Bus,Transport
aa77e327-8ee1-4432-8799-75a4fb6cd73c,ACC-STUDENT-005,2025-03-22T12:16:00Z,624.2,NPR,DEBIT,COMPLETED,Snacks,Burger House,Food
6bf24333-204d-4cf8-ae30-f831781c443b,ACC-STUDENT-004,2025-12-03T18:19:00Z,163.92,NPR,DEBIT,COMPLETED,Taxi Ride,Pathao,Transport
0f9392e9-4104-4950-8f31-afd3c34d08a3,ACC-STUDENT-004,2025-03-10 16:20:00,2590.36,NPR,DEBIT,COMPLETED,Gift for Mom,Local Store,Shopping
2bb2241d-7799-4e1c-acfe-c485618f2202,ACC-STUDENT-005,2025-09-02T10:00:00Z,11165.86,NPR,DEBIT,COMPLETED,House Rent,Rent House Ltd,Utilities
ba80f6dd-e799-4a1d-841a-7a741e284ab6,ACC-STUDENT-001,2025-09-15T19:44:00Z,437.8,NPR,DEBIT,COMPLETED,Snacks,Local Eatery,Food
cd6f2fee-9455-4079-93a4-d578f7682dba,ACC-STUDENT-003,2025-04-24T18:49:00Z,425.84,NPR,DEBIT,COMPLETED,Bus Ticket,Sajha Yatayat,Transport
8a2ae768-a96c-48f0-aa98-21ecb540b894,ACC-STUDENT-001,2025-11-30T12:00:00Z,3298.15,NPR,DEBIT,COMPLETED,Weekly Groceries,Bhatbhateni,Groceries
2c7a0b18-86e2-46d1-8b7e-ba0d3fe87ee5,ACC-STUDENT-001,2025-10-21T13:32:00Z,778.41,NPR,DEBIT,COMPLETED,Burger & Fries,Burger House,Food
1c215c4d-0b11-47c3-905d-5a3148c42a34,ACC-STUDENT-002,2025-01-22T18:35:00Z,129.19,NPR,DEBIT,COMPLETED,,Microbus,Transport
f0b42ea8-1b77-44c4-97c2-4b0020c55264,ACC-STUDENT-001,2025-06-17T09:41:00Z,496.82,NPR,DEBIT,COMPLETED,Ride Sharing,Bus,Transport
8fb66ecd-d260-483a-af07-94f8575c5a16,ACC-STUDENT-001,2025-11-19T17:03:00Z,216.15,NPR,DEBIT,COMPLETED,Bus Ticket,Bus,Transport
f7dbdbc4-d67a-48de-808c-122a5a7074d9,ACC-STUDENT-001,2025-11-28T20:39:00Z,746.73,NPR,DEBIT,COMPLETED,Breakfast,Restaurant,Food
49766897-7e2c-4a0f-86e0-4ae9a45d31f7,ACC-STUDENT-005,2025-12-03T08:30:00Z,310.35,NPR,DEBIT,COMPLETED,Americano,Beans Cafe,Coffee
1aa97e9a-3a15-41ce-8ead-94000bb05357,ACC-STUDENT-004,2025-05-11T12:00:00Z,4068.42,NPR,DEBIT,COMPLETED,Monthly Supplies,Saleways,Groceries
36b591ab-d63c-4e78-9a08-50e419288d31,ACC-STUDENT-002,2025-10-10T14:30:00Z,5653.43,NPR,CREDIT,COMPLETED,Tutoring fee,Family Transfer,Income
5f74e77c-1bb9-45bb-9029-cc8bdca2982b,ACC-STUDENT-005,2025-02-13T17:29:00Z,184.65,NPR,DEBIT,COMPLETED,Taxi Ride,Pathao,Transport
19dfe7da-bb8c-4899-9217-3df7cef6db3f,ACC-STUDENT-003,2025-08-24T14:30:00Z,7497.93,NPR,CREDIT,COMPLETED,Monthly Allowance,Family Transfer,Income
7c238c48-7273-4d69-8ebe-b4390af3097f,ACC-STUDENT-004,2025-10-23T18:41:00Z,73.37,NPR,DEBIT,COMPLETED,Daily Commute,Pathao,Transport
29ad6426-caca-4550-82a2-807484701a2f,ACC-STUDENT-003,2025-04-22T18:52:00Z,454.77,NPR,DEBIT,COMPLETED,Micro Fare,Bus,Transport
b85ecd4e-bc85-4374-873b-7ca1508bef16,ACC-STUDENT-001,2025-01-31T08:30:00Z,258.57,NPR,DEBIT,COMPLETED,Chiya,Himalayan Java,Coffee
54820c02-5e86-4f11-9d27-11c15a35c3fa,ACC-STUDENT-003,2025-07-16T12:09:00Z,671.05,NPR,DEBIT,COMPLETED,Dinner,Burger House,Food
960c0e4f-ba8b-4a08-89db-2bae1494e272,ACC-STUDENT-002,2025-09-28T12:00:00Z,4236.69,NPR,DEBIT,COMPLETED,Dairy Products,Bhatbhateni,Groceries
f7de314b-1f93-4f8a-880d-4c59b202e0e0,ACC-STUDENT-002,2025-07-12T13:00:00Z,735.12,NPR,DEBIT,COMPLETED,Snacks,Canteen,food
aa5f6a6b-d9fd-4185-b857-734b9ac99cf3,ACC-STUDENT-005,2025-07-16T18:38:00Z,389.8,NPR,DEBIT,COMPLETED,Micro Fare,InDrive,Transport
8ee00434-9ad9-43c4-a946-944847b0be10,ACC-STUDENT-004,2025-10-31T17:22:00Z,277.56,NPR,DEBIT,COMPLETED,Ride Sharing,Bus,Transport
7a213bc1-9fd3-484b-94e5-50e6867cd68e,ACC-STUDENT-005,2026-01-07T12:57:00Z,234.71,NPR,DEBIT,COMPLETED,Burger & Fries,Burger House,Food
0525fc99-f31c-4fac-953d-751b886bed6c,ACC-STUDENT-004,2025-02-17T12:16:00Z,691.05,NPR,DEBIT,COMPLETED,Coke and Momo,Burger House,food
dc849468-2a84-4f85-9bff-52ab5789f4db,ACC-STUDENT-003,2025-03-13T09:12:00Z,348.82,NPR,DEBIT,COMPLETED,Micro Fare,Sajha Yatayat,Transport
e5b04fcf-4ca1-4fb3-9b07-d74141973ced,ACC-STUDENT-004,2025-12-15T08:00:00Z,419.29,NPR,DEBIT,COMPLETED,Spotify Premium,Spotify,Entertainment
134edbe2-f495-4cd4-bb0d-c7762bdc7ec4,ACC-STUDENT-005,2025-05-27T12:18:00Z,295.21,NPR,DEBIT,COMPLETED,Lunch,Local Eatery,Food
56506aeb-024c-47e1-a531-74ae2ee53e2f,ACC-STUDENT-004,2025-02-27T12:31:00Z,0.0,NPR,DEBIT,COMPLETED,Breakfast,Local Eatery,Food
428261db-8ccf-4fa2-ad98-06baae5bf97d,ACC-STUDENT-001,2025-11-12T17:03:00Z,88.75,NPR,DEBIT,COMPLETED,Micro Fare,Pathao,Transport
063b30ed-1bad-4917-993c-c8796c285405,ACC-STUDENT-004,2025-11-08T12:00:00Z,2907.43,NPR,DEBIT,COMPLETED,Weekly Groceries,Bhatbhateni,Groceries
a7c6720b-f69a-4780-adb5-b33b921d93c9,ACC-STUDENT-005,2025-08-29T18:40:00Z,206.13,NPR,DEBIT,COMPLETED,Taxi Ride,Sajha Yatayat,Transport
94531d23-6f86-4253-8ecb-2c248771347e,ACC-STUDENT-005,2025-05-02T17:30:00Z,127.33,NPR,DEBIT,COMPLETED,Taxi Ride,Local Taxi,Transport
c3517e57-5ab2-4275-ba75-7d97b9060f3a,ACC-STUDENT-003,2025-12-18T18:46:00Z,382.77,NPR,DEBIT,COMPLETED,Ride Sharing,Sajha Yatayat,Transport
ff28067a-5e6a-4382-a4d5-ff8a65853ec3,ACC-STUDENT-003,2025-10-16T08:30:00Z,100.69,NPR,DEBIT,COMPLETED,,Local Tea Stall,Coffee
4940dbcd-ea24-4902-80ed-b57fed26c248,ACC-STUDENT-004,2025-08-15T18:13:00Z,362.3,NPR,DEBIT,COMPLETED,Micro Fare,Local Taxi,transport
3af84193-0e4a-41c0-ace2-532cd587113c,ACC-STUDENT-004,2025-04-24T09:45:00Z,97.65,NPR,DEBIT,COMPLETED,Taxi Ride,Microbus,Transport
5039f9ce-e668-40c4-813c-9fd48d4b6431,ACC-STUDENT-005,2025-04-30T18:28:00Z,87.48,NPR,DEBIT,COMPLETED,Bus Ticket,Pathao,Transport
8880fc6d-e06f-4ca4-89f6-c7cc6820656e,ACC-STUDENT-003,2025-01-22T17:29:00Z,213.6,NPR,DEBIT,COMPLETED,Taxi Ride,Microbus,Transport
e3b70f45-9a73-4223-92cf-b2e8a4314bf3,ACC-STUDENT-005,2025-01-31T19:14:00Z,162.31,NPR,DEBIT,COMPLETED,Breakfast,Canteen,Food
582980f9-d32f-4e31-a61f-d8e0712d647f,ACC-STUDENT-004,2025-03-22T12:04:00Z,283.92,NPR,DEBIT,COMPLETED,Snacks,Restaurant,Food
955d7209-a725-46fc-9e1d-63a65b0d1e2d,ACC-STUDENT-004,2025-02-22T17:54:00Z,403.93,NPR,DEBIT,COMPLETED,Ride Sharing,Pathao,Transport
b21ba560-943f-4b09-a4ac-4fecf9a26efd,ACC-STUDENT-001,2025-10-05T11:15:00Z,2476.18,NPR,DEBIT,COMPLETED,WiFi Internet,Worldlink,Utilities
a683d2b1-25b9-415a-adb6-461df1e86dff,ACC-STUDENT-001,2025-11-13T12:59:00Z,641.23,NPR,DEBIT,COMPLETED,Snacks,Local Eatery,Food
4bd2c1d7-c390-49fd-b2f1-dd9cf0b7043f,ACC-STUDENT-001,2025-03-08T18:16:00Z,256.81,NPR,DEBIT,COMPLETED,Daily Commute,Sajha Yatayat,Transport
8cacc607-f9b3-4af8-96e5-973a4ac183e4,ACC-STUDENT-002,2025-06-01T09:00:00Z,26886.69,NPR,CREDIT,COMPLETED,Monthly Allowance,Family Transfer,Income
28bca952-93d6-4aba-969a-7e7cfbe15f1c,ACC-STUDENT-005,2025-09-30T18:06:00Z,343.23,NPR,DEBIT,COMPLETED,Micro Fare,Microbus,Transport
86457036-272c-4ff6-8740-c4e107107c7f,ACC-STUDENT-002,2025-08-21T09:12:00Z,383.97,NPR,DEBIT,COMPLETED,Micro Fare,InDrive,Transport
228318d1-f0ca-4d8d-bf6a-27175470c98f,ACC-STUDENT-002,2025-10-08T08:30:00Z,282.66,NPR,DEBIT,COMPLETED,Chiya,Red Mug Cafe,Coffee
d7b0b195-f7d6-47b8-8095-6bd89a1a6c5d,ACC-STUDENT-002,2025-12-02T13:12:00Z,652.44,NPR,DEBIT,COMPLETED,Lunch,Restaurant,Food
a51a6e4a-0204-4e6e-9d8c-0476cc5d585f,ACC-STUDENT-005,2025-12-21T20:06:00Z,581.97,NPR,DEBIT,COMPLETED,Breakfast,,Food
fefdf921-7604-44b3-b1ea-72ebe81c1eee,ACC-STUDENT-002,2025-08-04T09:06:00Z,187.07,NPR,DEBIT,COMPLETED,Taxi Ride,Sajha Yatayat,Transport
c935b7cd-bcc6-45f3-a6ac-915d5b3683a2,ACC-STUDENT-005,2025-12-29T20:17:00Z,599.58,NPR,DEBIT,COMPLETED,Breakfast,Bakery,Food
d19976de-95f5-448c-a914-529b660802fa,ACC-STUDENT-002,2025-03-06T19:50:00Z,283.77,NPR,DEBIT,COMPLETED,Breakfast,Burger House,Food
2ddaf1fa-2c25-490c-9530-ffbf18067a08,ACC-STUDENT-003,2025-12-22T18:38:00Z,311.05,NPR,DEBIT,COMPLETED,Taxi Ride,Bus,Transport
3804b418-0267-4f97-923a-a6c2b065b3d3,ACC-STUDENT-004,2025-12-02T10:00:00Z,12712.98,NPR,DEBIT,COMPLETED,House Rent,Rent House Ltd,Utilities
5bc10b6c-a45d-4552-ba31-83abff202740,ACC-STUDENT-004,2025-06-11T08:30:00Z,289.26,NPR,DEBIT,COMPLETED,Americano,Local Tea Stall,Coffee
8bc49752-fe01-4e41-bf6a-ca598eeeb321,ACC-STUDENT-001,2025-03-18T18:37:00Z,296.76,NPR,DEBIT,COMPLETED,Taxi Ride,Sajha Yatayat,Transport
30b88def-2ce8-4543-a905-fa10e9e865fa,ACC-STUDENT-001,2025-10-26 12:00:00,3839.48,NPR,DEBIT,COMPLETED,Vegetables & Fruits,Fresh Vegetable Vendor,Groceries
aba79929-c95c-4155-a4e2-7e94c56457a5,ACC-STUDENT-002,2026-01-09T18:05:00Z,348.58,NPR,DEBIT,COMPLETED,Taxi Ride,InDrive,Transport
01834e2c-591c-4f4e-a873-cdd35b2da23f,ACC-STUDENT-002,2025-07-09T17:27:00Z,217.9,NPR,DEBIT,COMPLETED,Bus Ticket,InDrive,transport
55048023-e526-4d03-b619-8261726df2b2,ACC-STUDENT-004,2025-07-26T12:36:00Z,423.19,NPR,DEBIT,COMPLETED,Lunch,Burger House,Food
635ab7bb-a4cf-467f-a866-e3c207a664d6,ACC-STUDENT-005,2025/07/24,779.58,NPR,DEBIT,COMPLETED,Lunch,Restaurant,Food
371c3425-5de3-456a-875d-f648e79fd37c,ACC-STUDENT-002,2025-02-10T19:29:00Z,589.69,NPR,DEBIT,COMPLETED,Coke and Momo,Burger House,Food
4d5d8a54-7cb6-4577-a014-434f83157719,ACC-STUDENT-005,2025-04-26T12:00:00Z,1553.72,NPR,DEBIT,COMPLETED,Weekly Groceries,Saleways,Groceries
47b37492-3dd6-4c58-b609-d1b111739dae,ACC-STUDENT-002,2025-09-19T08:30:00Z,249.6,NPR,DEBIT,COMPLETED,,Coffee Point,Coffee
bd5745d6-a55c-4ffa-8a7e-f7f9a1770f1d,ACC-STUDENT-001,2025-08-01T12:24:00Z,477.17,NPR,DEBIT,COMPLETED,Dinner,Cafe,Food
35c96d65-d811-4025-8373-83f9c55170cc,ACC-STUDENT-001,2025-11-26T12:21:00Z,789.65,NPR,DEBIT,COMPLETED,Lunch,Local Eatery,Food
1c789ad5-1d07-442f-be5d-fa1565f33f44,ACC-STUDENT-003,2025-07-23T12:20:00Z,268.16,NPR,DEBIT,COMPLETED,Lunch,Local Eatery,Food
5718d690-b3ef-4339-b718-0fcea47bd6ae,ACC-STUDENT-003,2026-01-12T17:42:00Z,416.66,NPR,DEBIT,COMPLETED,Bus Ticket,Pathao,Transport
f058ddc7-b34f-4521-a5b8-324474dee1e4,ACC-STUDENT-001,2025-11-18T08:30:00Z,223.57,NPR,DEBIT,COMPLETED,Americano,Himalayan Java,Coffee
cb3e4781-45bd-4b73-8c0b-f23c0b99c313,ACC-STUDENT-004,2025/10/27,402.0,NPR,DEBIT,COMPLETED,Dinner,Boba Shop,Food
a22e15f1-eb8a-4071-b4a1-b0dc28ab3a71,ACC-STUDENT-003,2025-12-20T19:44:00Z,380.72,NPR,DEBIT,COMPLETED,Burger & Fries,Restaurant,Food
7ae84a39-3031-4e8c-9602-a6d3a0047055,ACC-STUDENT-002,2025-05-28T08:30:00Z,121.19,NPR,DEBIT,COMPLETED,Cappuccino,,Coffee
fd9f4d61-f109-4f90-9ebb-70fea70eada4,ACC-STUDENT-005,2025/07/04,86.34,NPR,DEBIT,COMPLETED,Bus Ticket,Bus,Transport
3567b4c3-fe57-49ed-a5d1-638c93192c00,ACC-STUDENT-003,2025-01-23T13:30:00Z,220.62,NPR,DEBIT,COMPLETED,Coke and Momo,Bakery,Food
9693dc82-cd68-4094-9f69-191ac49d9556,ACC-STUDENT-003,2025-05-29T18:10:00Z,284.78,NPR,DEBIT,COMPLETED,Taxi Ride,Sajha Yatayat,Transport
26d0785a-8e07-456b-abcf-5510f23800eb,ACC-STUDENT-005,2025-05-02T09:48:00Z,465.8,NPR,DEBIT,COMPLETED,Micro Fare,Microbus,Transport
553fcb37-b50e-4b2f-a78d-1236f863b680,ACC-STUDENT-004,2025-10-31T18:40:00Z,55.41,NPR,DEBIT,COMPLETED,Micro Fare,InDrive,Transport
94a002d8-0e56-4684-b24b-88bec4db5c4b,ACC-STUDENT-003,2025-09-18T17:27:00Z,220.73,NPR,DEBIT,COMPLETED,Daily Commute,Bus,Transport
a6db5f64-20ac-4100-870b-59288aca7f41,ACC-STUDENT-002,2025-04-23T20:29:00Z,348.8,NPR,DEBIT,COMPLETED,Dinner,Bakery,Food
4b3a3223-5ba6-4f26-aa4a-c0c08a4ba927,ACC-STUDENT-001,2025-11-02T18:30:00Z,861.03,NPR,DEBIT,COMPLETED,Movie Ticket,One Cinemas,Entertainment
e8c8ec1a-891f-4504-a837-32edbc640089,ACC-STUDENT-005,2025-04-01T09:34:00Z,400.37,NPR,DEBIT,COMPLETED,Taxi Ride,Sajha Yatayat,Transport
9726c30c-ec35-4707-99f2-603ec54fb1e7,ACC-STUDENT-002,2025-10-09T17:19:00Z,275.17,NPR,DEBIT,COMPLETED,Daily Commute,Pathao,Transport
65113f81-08d2-4f10-bb92-a2ab481a7946,ACC-STUDENT-004,2025-05-20T09:24:00Z,319.47,NPR,DEBIT,COMPLETED,Daily Commute,InDrive,Transport
0ea0e182-a970-48a4-9155-b8fd4522db00,ACC-STUDENT-005,2026-01-09T13:05:00Z,512.98,NPR,DEBIT,COMPLETED,Dinner,,Food
8f14b2aa-2a26-46be-8b7d-3134551dabcd,ACC-STUDENT-001,2025-04-12T19:20:00Z,216.69,NPR,DEBIT,COMPLETED,Dinner,Burger House,Food
c65f22c4-5714-4123-b16b-5709ebf73969,ACC-STUDENT-003,2025-01-28T09:37:00Z,359.65,NPR,DEBIT,COMPLETED,Taxi Ride,Sajha Yatayat,Transport
15a22545-bdc2-422d-979d-05fe08f6fdd4,ACC-STUDENT-002,2025-10-15T17:36:00Z,426.25,NPR,DEBIT,COMPLETED,Daily Commute,InDrive,Transport
5ae7f768-7c3f-4e0d-8f61-88ac5130aa3c,ACC-STUDENT-004,2025-04-22T13:03:00Z,226.64,NPR,DEBIT,COMPLETED,Lunch,Bakery,food
61b5fddf-1960-4e7e-8d51-3eda82a6e728,ACC-STUDENT-004,2025-08-20T18:57:00Z,339.28,NPR,DEBIT,COMPLETED,Bus Ticket,Microbus,Transport
67cb465a-d06a-40b6-befa-77f5d0b642c0,ACC-STUDENT-002,2025-12-31T19:51:00Z,671.12,NPR,DEBIT,COMPLETED,Snacks,Restaurant,Food
4a90cb65-dfd4-42b9-a319-b03996fcc00c,ACC-STUDENT-002,2025/02/14,678.54,NPR,DEBIT,COMPLETED,Burger & Fries,Restaurant,Food
d1f27069-6470-4e7a-ab30-d94437432484,ACC-STUDENT-001,2025-11-02T12:00:00Z,3478.41,NPR,DEBIT,COMPLETED,Monthly Supplies,Local Grocery,Groceries
35b07a0f-6c37-48c2-9d13-af30c94c161b,ACC-STUDENT-002,2025-09-12T19:50:00Z,336.48,NPR,DEBIT,COMPLETED,,Canteen,Food
0ce4626b-0887-4681-81cb-76d0f2406575,ACC-STUDENT-003,2025-04-28T20:05:00Z,237.15,NPR,DEBIT,COMPLETED,Meals,Local Eatery,food
5efe68a2-8cdb-4f32-8026-e99d5327b0a3,ACC-STUDENT-003,2025-06-10T09:15:00Z,186.8,NPR,DEBIT,COMPLETED,Bus Ticket,Bus,Transport
eec7844e-5ba1-49f6-8afd-e9cdd94d888f,ACC-STUDENT-005,2025-11-08T12:00:00Z,3944.77,NPR,DEBIT,COMPLETED,Dairy Products,Saleways,Groceries
0037d3c2-1ad3-4ed1-9e5a-703e244d3895,ACC-STUDENT-002,2025-05-22T08:30:00Z,275.11,NPR,DEBIT,COMPLETED,Chiya,Coffee Point,Coffee
5d64eb3e-46a6-4564-8ad6-fa09d52c3a14,ACC-STUDENT-004,2025-08-13T13:14:00Z,263.78,NPR,DEBIT,COMPLETED,Meals,Bakery,food
4eff7fe4-967e-41a1-a476-30921e57306d,ACC-STUDENT-004,2025-06-01T18:30:00Z,787.55,NPR,DEBIT,COMPLETED,Spotify Premium,Netflix,Entertainment
c2bdc690-eece-4fc1-92f7-03f711a74cd3,ACC-STUDENT-004,2025-02-01T12:00:00Z,2611.22,NPR,DEBIT,COMPLETED,Vegetables & Fruits,Fresh Vegetable Vendor,Groceries
4828cfdd-c861-477c-8dd7-e14396f5940b,ACC-STUDENT-002,2025-02-17T19:35:00Z,191.28,NPR,DEBIT,COMPLETED,Coke and Momo,Bakery,Food
ee063395-d1e6-4121-8031-3454d47b9cc4,ACC-STUDENT-004,2025-08-05T17:32:00Z,326.38,NPR,DEBIT,COMPLETED,Bus Ticket,Microbus,Transport
bc00d0ec-c571-4c09-b798-34c81bf5695e,ACC-STUDENT-002,2025-12-22T09:37:00Z,245.2,NPR,DEBIT,COMPLETED,Taxi Ride,Bus,Transport
b1ebb716-0973-4e48-97b9-9536544b4be3,ACC-STUDENT-005,2025-02-02T18:30:00Z,928.0,NPR,DEBIT,COMPLETED,Popcorn & Soda,Gaming Zone,Entertainment
48ba4159-19e7-4b47-bcf7-44bc6a58c739,ACC-STUDENT-004,2025-01-24T14:30:00Z,5774.26,NPR,CREDIT,COMPLETED,Monthly Allowance,,Income
33177bff-68d5-4539-a0fb-3063b6de6504,ACC-STUDENT-001,2025-09-17T19:13:00Z,731.31,NPR,DEBIT,COMPLETED,Dinner,Cafe,Food
f4b35192-f99b-4bcd-9f7a-a42631a744e3,ACC-STUDENT-004,2025-10-02T13:26:00Z,581.52,NPR,DEBIT,COMPLETED,Meals,Restaurant,Food
59ece0b2-bcf7-43e6-9f52-f0cf508d73f5,ACC-STUDENT-004,2025-10-23T09:23:00Z,102.3,NPR,DEBIT,COMPLETED,Bus Ticket,Local Taxi,Transport
6739ba3f-302f-4a14-a780-1c7db31d13de,ACC-STUDENT-002,2025-03-10T18:27:00Z,482.61,NPR,DEBIT,COMPLETED,Bus Ticket,Sajha Yatayat,Transport
faf4c6bf-b887-4742-b859-a267e63c4ab4,ACC-STUDENT-005,2025-10-05T12:00:00Z,3948.34,NPR,DEBIT,COMPLETED,Vegetables & Fruits,Fresh Vegetable Vendor,Groceries
87afa036-7590-4c51-a591-99d62c638358,ACC-STUDENT-002,2025-07-07T18:28:00Z,337.51,NPR,DEBIT,COMPLETED,Bus Ticket,Bus,Transport
e8a625e6-8203-43e8-aa3d-f9d106a7f03e,ACC-STUDENT-001,2025-05-23T12:25:00Z,396.52,NPR,DEBIT,COMPLETED,Burger & Fries,Bakery,FOOD
cb1d47cf-9b6b-4e19-8032-119e63f9c6fb,ACC-STUDENT-004,2025/03/11,218.42,NPR,DEBIT,COMPLETED,Micro Fare,,Transport
3e64a669-39e3-42ac-a1d7-93eca8ad28f2,ACC-STUDENT-001,2026-01-08T08:30:00Z,268.38,NPR,DEBIT,COMPLETED,Americano,Red Mug Cafe,Coffee
8c651f81-d714-439f-964d-b6a4d56059f6,ACC-STUDENT-005,2025-03-28T18:11:00Z,488.44,NPR,DEBIT,COMPLETED,Taxi Ride,Pathao,Transport
6a8d0c7c-a957-4464-8d2b-0b9950cbe5dc,ACC-STUDENT-002,2025-09-18T08:30:00Z,168.46,NPR,DEBIT,COMPLETED,Iced Coffee,Red Mug Cafe,Coffee
0778d49f-0ec4-43a1-bcc4-305e5a8ebb98,ACC-STUDENT-003,2025-11-06T17:24:00Z,469.04,NPR,DEBIT,COMPLETED,Bus Ticket,InDrive,Transport
69288b3d-754f-4fbb-b3f9-c9e03ac2c072,ACC-STUDENT-003,2025-11-28T09:14:00Z,106.11,NPR,DEBIT,COMPLETED,Daily Commute,Pathao,Transport
fb379c1b-c292-42a5-bc5f-82b88a60698a,ACC-STUDENT-003,2025-07-15T09:32:00Z,108.0,NPR,DEBIT,COMPLETED,Bus Ticket,Bus,Transport
605183d0-974c-4c62-8da5-7d437afd9745,ACC-STUDENT-001,2025-04-26T19:30:00Z,680.24,NPR,DEBIT,COMPLETED,Dinner,Restaurant,Food
c31ff742-e8a9-4080-bb7e-841b6a64ed14,ACC-STUDENT-002,2025-09-20T12:55:00Z,238.93,NPR,DEBIT,COMPLETED,Dinner,Burger House,Food
1b3aacb6-a59d-4bf0-92df-dae35be060e3,ACC-STUDENT-001,2025-11-28T18:25:00Z,257.5,NPR,DEBIT,COMPLETED,,Microbus,Transport
9069c61b-b43c-4576-a41c-3d63429dc4b4,ACC-STUDENT-005,2025-02-10T14:30:00Z,7808.31,NPR,CREDIT,COMPLETED,Freelance Project,Scholarship,Income
fa9bfcf4-426d-4408-9158-bcdc5270ed7d,ACC-STUDENT-003,2025-06-29T18:30:00Z,401.93,NPR,DEBIT,COMPLETED,Spotify Premium,One Cinemas,Entertainment
ab0d2d77-4ca0-4194-b2c7-b3eb60eaa97c,ACC-STUDENT-005,2025-01-24T17:38:00Z,172.39,NPR,DEBIT,COMPLETED,Micro Fare,Microbus,Transport
d8d9c635-0a2c-4124-978a-135789466c10,ACC-STUDENT-003,2025-09-04T09:49:00Z,238.43,NPR,DEBIT,COMPLETED,Taxi Ride,Bus,Transport
3d5af1d2-9ef3-4849-bddd-33a37ebcc504,ACC-STUDENT-002,2025-09-11T08:30:00Z,160.26,NPR,DEBIT,COMPLETED,Iced Coffee,Beans Cafe,COFFEE
fc2a41d7-de62-44e6-a48a-bc44458b7a96,ACC-STUDENT-002,2025-06-10T19:55:00Z,557.05,NPR,DEBIT,COMPLETED,Burger & Fries,Local Eatery,Food
a0fb9adc-a9b2-448e-a442-f884772f36dc,ACC-STUDENT-001,2025-11-06T08:30:00Z,259.38,NPR,DEBIT,COMPLETED,Americano,Red Mug Cafe,Coffee
b2baf9ff-2ce5-44a4-88c9-e401f6a7800b,ACC-STUDENT-002,2025-12-04T18:46:00Z,282.42,NPR,DEBIT,COMPLETED,Ride Sharing,Pathao,Transport
39dedcea-2bcc-4a6a-84f0-8212c4f0eb7e,ACC-STUDENT-001,2025-01-20T19:32:00Z,645.28,NPR,DEBIT,COMPLETED,Burger & Fries,Canteen,Food
2c3b51bd-2f77-4bd9-9d75-21a9ab53be01,ACC-STUDENT-002,2025-08-16T12:00:00Z,4377.27,NPR,DEBIT,COMPLETED,Monthly Supplies,Saleways,Groceries
2ee8697f-8377-43b1-8593-62b52ce1a4eb,ACC-STUDENT-002,2025-04-22T19:25:00Z,395.52,NPR,DEBIT,COMPLETED,Snacks,Bakery,Food
94580388-6258-4390-a63b-f6939619eabc,ACC-STUDENT-001,2025-08-03T13:07:00Z,388.28,NPR,DEBIT,COMPLETED,Coke and Momo,Boba Shop,Food
ccffb3d1-5a4f-440c-b382-820a5a2517a7,ACC-STUDENT-005,2025-12-10T18:10:00Z,266.34,NPR,DEBIT,COMPLETED,Taxi Ride,Sajha Yatayat,Transport
c0968f53-dce3-432c-997d-473090118800,ACC-STUDENT-003,2025-02-21T18:43:00Z,146.45,NPR,DEBIT,COMPLETED,Bus Ticket,Local Taxi,Transport
ce8f306d-64e8-4e11-995d-bb61f8478c14,ACC-STUDENT-002,2025-02-02T17:38:00Z,472.69,NPR,DEBIT,COMPLETED,Bus Ticket,Microbus,Transport
9c23ebe1-ce23-42d5-bf76-bbd6a2c88d43,ACC-STUDENT-005,2025-02-23T09:41:00Z,401.97,NPR,DEBIT,COMPLETED,Bus Ticket,InDrive,Transport
a212255d-9ba3-4772-bf31-43938433d77e,ACC-STUDENT-002,2025-12-07T18:30:00Z,482.39,NPR,DEBIT,COMPLETED,Spotify Premium,QFX Cinemas,Entertainment
28be7582-2982-44ee-8775-8e201ff7aa7d,ACC-STUDENT-003,2025-12-05T11:15:00Z,1523.93,NPR,DEBIT,COMPLETED,WiFi Internet,Worldlink,Utilities
eefc7e7c-3e78-4d1d-a453-6d180265c8e8,ACC-STUDENT-002,2025-10-29T08:30:00Z,233.76,NPR,DEBIT,COMPLETED,Chiya,Himalayan Java,Coffee
27a96bbf-382d-4c53-9955-c26fc5669f22,ACC-STUDENT-001,2025-05-27T13:43:00Z,530.82,NPR,DEBIT,COMPLETED,Snacks,,Food
c67f15dd-2248-4255-9c4f-2e36523f98fa,ACC-STUDENT-004,2025-03-07T20:27:00Z,437.05,NPR,DEBIT,COMPLETED,Coke and Momo,Canteen,Food
e9f879d2-644d-4465-9cc3-078cb34e0981,ACC-STUDENT-002,2025-03-04T18:39:00Z,234.33,NPR,DEBIT,COMPLETED,Ride Sharing,Sajha Yatayat,Transport
bce7bd90-27a8-422a-8dae-39335c34d28d,ACC-STUDENT-003,2025-11-12T09:59:00Z,471.22,NPR,DEBIT,COMPLETED,Taxi Ride,Microbus,Transport
44e4c8df-6c79-45ab-b176-8d5077c15af1,ACC-STUDENT-001,2025-04-03T18:28:00Z,69.66,NPR,DEBIT,COMPLETED,Taxi Ride,,Transport
74f33324-aa4f-4002-9b00-487ddd3f81f9,ACC-STUDENT-003,2025-10-02T09:29:00Z,81.9,NPR,DEBIT,COMPLETED,Micro Fare,InDrive,Transport
993df827-afb3-4a12-bd2c-7475a3783e56,ACC-STUDENT-004,2025-07-22T18:56:00Z,269.14,NPR,DEBIT,COMPLETED,Taxi Ride,Local Taxi,Transport
c85c3ec4-924b-4553-9904-159a8920b681,ACC-STUDENT-002,2026-01-08T09:42:00Z,299.51,NPR,DEBIT,COMPLETED,Taxi Ride,Pathao,Transport
9ed7347b-88ba-4e52-80d7-12666aaabb6a,ACC-STUDENT-002,2025-02-01T09:00:00Z,34952.07,NPR,CREDIT,COMPLETED,Monthly Allowance,Family Transfer,Income
e8deb9d8-13b3-41cb-a38a-baaf008a2ef4,ACC-STUDENT-004,2025-12-07T18:30:00Z,490.41,NPR,DEBIT,COMPLETED,Movie Ticket,,Entertainment
9a48ca28-3b40-4523-9431-cb4fc2da87e5,ACC-STUDENT-001,2025-07-03T08:30:00Z,137.16,NPR,DEBIT,COMPLETED,Cappuccino,Coffee Point,Coffee
4d3f02c1-7304-45b2-b6bf-07496335d7c2,ACC-STUDENT-005,2025-02-23T18:30:00Z,562.55,NPR,DEBIT,COMPLETED,Movie Ticket,Netflix,Entertainment
50b20e05-c45c-435c-b1ce-1ae84aa9f79d,ACC-STUDENT-004,2025-04-06T18:58:00Z,471.26,NPR,DEBIT,COMPLETED,Micro Fare,InDrive,Transport
ad84a3c7-40fe-4053-8ef6-cc17e2f16e77,ACC-STUDENT-005,2025-10-15T19:34:00Z,436.17,NPR,DEBIT,COMPLETED,Snacks,Burger House,Food
03715675-d405-4277-8c20-c1bc765e6382,ACC-STUDENT-004,2025-09-13 12:00:00,2928.71,NPR,DEBIT,COMPLETED,Monthly Supplies,Local Grocery,Groceries
b873f986-8d3d-4cce-8c1c-afa5451c2ce8,ACC-STUDENT-003,2025-09-13T09:02:00Z,436.03,NPR,DEBIT,COMPLETED,Daily Commute,InDrive,Transport
a3d80416-55ff-4686-b291-291759288109,ACC-STUDENT-004,2025-05-26T18:43:00Z,419.59,NPR,DEBIT,COMPLETED,Micro Fare,Bus,Transport
5cb50c4e-7942-4fa2-be18-7a2457c78eda,ACC-STUDENT-003,2025-04-30T12:01:00Z,787.82,NPR,DEBIT,COMPLETED,Dinner,Cafe,Food
c6c358a8-b9c0-4ea1-95cf-bb0417d79468,ACC-STUDENT-005,2025-07-09T19:53:00Z,255.58,NPR,DEBIT,COMPLETED,Dinner,Restaurant,Food
e17635f5-63df-470d-a969-d5d638c08353,ACC-STUDENT-002,2025-12-30T19:15:00Z,776.98,NPR,DEBIT,COMPLETED,Breakfast,Local Eatery,Food
90d20dc6-6f3c-45d9-b445-2489511d06db,ACC-STUDENT-004,2025-10-10T17:45:00Z,373.07,NPR,DEBIT,COMPLETED,Taxi Ride,Microbus,Transport
29a4e202-339b-49c3-bfd2-b1f88e97025c,ACC-STUDENT-004,2025-09-19T17:10:00Z,499.25,NPR,DEBIT,COMPLETED,Ride Sharing,Microbus,Transport
ac8e14f2-f599-4608-b777-bd1ed7ee3fd4,ACC-STUDENT-004,2025-03-03T09:16:00Z,103.6,NPR,DEBIT,COMPLETED,Daily Commute,Bus,Transport
17b6b0cd-837e-450b-8508-b1611a6f7636,ACC-STUDENT-004,2025-02-07T20:26:00Z,153.05,NPR,DEBIT,COMPLETED,Lunch,Restaurant,Food
d79aedfa-7e6b-4c5e-9303-49ea135ecec8,ACC-STUDENT-005,2025-11-27T17:02:00Z,390.35,NPR,DEBIT,COMPLETED,Daily Commute,Bus,Transport
dfa7ff4f-98f4-4a9a-aaa7-b109ec894c6d,ACC-STUDENT-001,2025-07-29T12:30:00Z,184.89,NPR,DEBIT,COMPLETED,Coke and Momo,Local Eatery,Food
582abfa5-1492-462a-80b4-051dc815bdab,ACC-STUDENT-004,2025-03-23T13:49:00Z,454.19,NPR,DEBIT,COMPLETED,Breakfast,Canteen,Food
84b21ce5-4ad0-4c3f-9f2f-90f8c80c2fe1,ACC-STUDENT-003,2025-07-11T09:13:00Z,378.02,NPR,DEBIT,COMPLETED,Taxi Ride,InDrive,Transport
bcf34657-1602-46b4-a078-adb907cefff4,ACC-STUDENT-004,2025-12-11T17:53:00Z,210.87,NPR,DEBIT,COMPLETED,Ride Sharing,Microbus,Transport
13ba0041-395a-4054-87d4-0811cf0d37b8,ACC-STUDENT-004,2025-03-07T09:35:00Z,112.08,NPR,DEBIT,COMPLETED,Daily Commute,Pathao,Transport
a6329282-5e02-46c4-a153-1bcdc87ade09,ACC-STUDENT-003,2025-03-20T08:30:00Z,197.91,NPR,DEBIT,COMPLETED,Chiya,Coffee Point,Coffee
c2d1f689-75cd-4a30-a594-ac688dd94ff2,ACC-STUDENT-003,2025-11-18T13:45:00Z,208.27,NPR,DEBIT,COMPLETED,,Bakery,Food
5fcc7a9b-9692-4da2-90e6-de935f524012,ACC-STUDENT-004,2025-02-23T12:00:00Z,"Rs. 1,932.21",NPR,DEBIT,COMPLETED,Vegetables & Fruits,Big Mart,Groceries
c983299f-84fe-4624-af54-5b8ba9c4f438,ACC-STUDENT-002,2025-10-03T18:13:00Z,389.77,NPR,DEBIT,COMPLETED,,InDrive,Transport
d9b4a83c-6359-4b72-b380-7e6342f24d8e,ACC-STUDENT-005,2025-10-20T20:46:00Z,750.7,NPR,DEBIT,COMPLETED,Snacks,Local Eatery,Food
21115b94-996e-4bb8-9f72-954278901425,ACC-STUDENT-002,2025-10-27T17:51:00Z,87.19,NPR,DEBIT,COMPLETED,Daily Commute,Microbus,Transport
0e818f72-57d3-4b70-b100-337e75dae981,ACC-STUDENT-001,2025-06-12T12:17:00Z,713.58,NPR,DEBIT,COMPLETED,,Burger House,Food
754791e8-20d1-4fc8-bab7-c8b32cc7665f,ACC-STUDENT-001,2025-06-12T13:15:00Z,245.06,NPR,DEBIT,COMPLETED,Dinner,Boba Shop,Food
eb8c6eee-40c4-41ab-b644-33e4601b3f4e,ACC-STUDENT-004,2025-12-24T13:23:00Z,667.46,NPR,DEBIT,COMPLETED,Lunch,Canteen,Food
ac9d1235-fd77-42c0-943f-7a9be9d70336,ACC-STUDENT-005,2025-12-31T13:15:00Z,710.98,NPR,DEBIT,COMPLETED,Meals,Bakery,Food
36f666a4-db44-4d30-b988-1bb69658e41d,ACC-STUDENT-005,2025-02-06T18:54:00Z,174.99,NPR,DEBIT,COMPLETED,Daily Commute,Sajha Yatayat,Transport
6582160a-8049-48bc-99f3-724d9d16d178,ACC-STUDENT-005,2025-04-01T20:53:00Z,768.29,NPR,DEBIT,COMPLETED,Snacks,Local Eatery,Food
83a4c443-9009-463a-b15a-e0777964b412,ACC-STUDENT-001,2025-08-22T12:58:00Z,485.96,NPR,DEBIT,COMPLETED,Breakfast,Restaurant,FOOD
51ee3914-7e93-4412-b41b-8a691453b23d,ACC-STUDENT-005,2025-02-27T08:30:00Z,244.89,NPR,DEBIT,COMPLETED,Chiya,Himalayan Java,COFFEE
6c02b315-fec4-4acc-bcde-1ddd7ab35c6d,ACC-STUDENT-004,2025-07-21T19:09:00Z,745.6,NPR,DEBIT,COMPLETED,Burger & Fries,Burger House,Food
12759490-cabc-4517-8816-b15c41c63a5d,ACC-STUDENT-001,2025-07-18T20:07:00Z,419.39,NPR,DEBIT,COMPLETED,Lunch,Local Eatery,Food
0faf5a10-3250-44eb-b13a-879da7ec459d,ACC-STUDENT-004,2025-10-15T08:30:00Z,117.9,NPR,DEBIT,COMPLETED,Latte,Local Tea Stall,Coffee
75bd2b90-0cde-4419-982b-88dfe77fa8e9,ACC-STUDENT-002,2025-09-24T09:07:00Z,483.31,NPR,DEBIT,COMPLETED,Taxi Ride,Sajha Yatayat,Transport
52aa1dc7-6c81-42de-be96-579827fee87b,ACC-STUDENT-001,2025-04-29T18:21:00Z,295.82,NPR,DEBIT,COMPLETED,Taxi Ride,InDrive,Transport
cb499847-ebc2-479d-a4c4-54b0afeedeec,ACC-STUDENT-001,2025-05-01 13:06:00,550.19,NPR,DEBIT,COMPLETED,Burger & Fries,Cafe,food
ab76237c-9475-447b-9efb-afb4c2199729,ACC-STUDENT-002,2025-10-01T09:00:00Z,32847.72,NPR,CREDIT,COMPLETED,Monthly Allowance,,income
81f3b9b6-b1da-4c18-8194-cda614a31667,ACC-STUDENT-004,2025-11-17T20:42:00Z,182.26,NPR,DEBIT,COMPLETED,Dinner,Burger House,Food
04b89bf1-d681-434b-9f5c-dd5f575ad577,ACC-STUDENT-002,2025-04-10T12:15:00Z,725.6,NPR,DEBIT,COMPLETED,Lunch,Restaurant,Food
b67d865f-be68-4006-b452-f09a8dc6b52d,ACC-STUDENT-005,2025-07-24T08:30:00Z,212.62,NPR,DEBIT,COMPLETED,Chiya,Coffee Point,Coffee
e65b5ba7-e7c0-4a87-9786-aeb00890a8dc,ACC-STUDENT-003,2025-10-30T20:25:00Z,255.43,NPR,DEBIT,COMPLETED,Burger & Fries,Canteen,Food
f6882db4-18ec-4b78-b5e0-a5665561cf88,ACC-STUDENT-001,2025-10-10T18:38:00Z,249.36,NPR,DEBIT,COMPLETED,Taxi Ride,Local Taxi,Transport
0fe8d5e4-7d4e-41da-b6c6-e32a3c342d79,ACC-STUDENT-005,2025-07-29T12:01:00Z,487.71,NPR,DEBIT,COMPLETED,Coke and Momo,Burger House,Food
1081626e-36a6-4300-81be-9c842bcebb70,ACC-STUDENT-005,2025-10-06T18:18:00Z,90.44,NPR,DEBIT,COMPLETED,Taxi Ride,Pathao,Transport
6ee62b86-ec27-429a-bfd5-c931c7a2002e,ACC-STUDENT-004,2025-11-19T17:54:00Z,420.78,NPR,DEBIT,COMPLETED,Daily Commute,Pathao,Transport
6ed8544d-cfb8-4dcc-8f3e-bf55708b5465,ACC-STUDENT-001,2025-04-25T17:59:00Z,325.88,NPR,DEBIT,COMPLETED,Ride Sharing,Sajha Yatayat,Transport
3c458a32-98a8-4aa4-9693-61c2f745af10,ACC-STUDENT-003,2025-12-29T08:30:00Z,177.7,NPR,DEBIT,COMPLETED,Americano,Coffee Point,Coffee
9a50e48b-de76-4783-85b3-4ee89af2a8cd,ACC-STUDENT-004,2025-12-11T13:20:00Z,210.95,NPR,DEBIT,COMPLETED,Snacks,Burger House,Food
f718242a-6e75-4027-b9f9-350cf1e4c441,ACC-STUDENT-001,2025-12-29T18:57:00Z,240.72,NPR,DEBIT,COMPLETED,Micro Fare,Pathao,Transport
10d5ec0f-b995-4e61-be36-ca3f8f9c2580,ACC-STUDENT-004,2025-07-14T08:30:00Z,172.08,NPR,DEBIT,COMPLETED,Chiya,Red Mug Cafe,Coffee
c33bb02c-3adf-4412-9f48-c705b0eead79,ACC-STUDENT-003,2025-11-17T20:50:00Z,773.75,NPR,DEBIT,COMPLETED,Breakfast,Local Eatery,Food
a74db1cf-08a7-4510-9716-705f8f4ac4c4,ACC-STUDENT-005,2025-04-20T18:30:00Z,760.04,NPR,DEBIT,COMPLETED,Movie Ticket,QFX Cinemas,Entertainment
ef67ad56-1e33-48b0-ba73-7e1153435068,ACC-STUDENT-002,2026-01-05T12:19:00Z,380.85,NPR,DEBIT,COMPLETED,Coke and Momo,Bakery,Food
30b958d5-0021-4de4-8f3e-94bf2d6db7fc,ACC-STUDENT-003,2025/08/31,467.94,NPR,DEBIT,COMPLETED,Daily Commute,Local Taxi,transport
47d90dad-b379-41c0-860b-1352d8acfe76,ACC-STUDENT-002,2025-08-08T12:13:00Z,333.96,NPR,DEBIT,COMPLETED,Burger & Fries,Canteen,Food
d02f6a08-fcf5-4376-be24-3430116e448b,ACC-STUDENT-001,2025-08-20T17:50:00Z,307.7,NPR,DEBIT,COMPLETED,Taxi Ride,Bus,Transport
56842de6-98ed-4650-829f-572c53ff3059,ACC-STUDENT-005,2025-09-01T08:30:00Z,281.61,NPR,DEBIT,COMPLETED,Latte,Coffee Point,Coffee
ea97ea3a-253f-40ad-a185-29baa6763ed5,ACC-STUDENT-003,2025-10-09T09:43:00Z,366.21,NPR,DEBIT,COMPLETED,Ride Sharing,Microbus,Transport
44f34af7-97ba-42a8-8728-adecaa2f94eb,ACC-STUDENT-005,2025-12-27T12:30:00Z,293.92,NPR,DEBIT,COMPLETED,Lunch,,Food
86b17c8d-2e4f-4629-8758-0ca375f0523d,ACC-STUDENT-005,2025-08-22T19:26:00Z,0.0,NPR,DEBIT,COMPLETED,Meals,Restaurant,Food
b9900fee-c338-4bee-aa2f-6f9aed8a7355,ACC-STUDENT-002,2025-04-28T19:11:00Z,607.63,NPR,DEBIT,COMPLETED,Lunch,Bakery,Food
ccc00436-26f3-4151-8332-143546d1a70d,ACC-STUDENT-001,2025-04-28T12:12:00Z,162.31,NPR,DEBIT,COMPLETED,Dinner,Bakery,Food
fd6f9df2-8b45-42ac-9b2b-31b1a61df715,ACC-STUDENT-005,2025-07-21T17:32:00Z,434.78,NPR,DEBIT,COMPLETED,Micro Fare,InDrive,Transport
d41d7cfa-d475-443f-85f8-ad38c3bf4f17,ACC-STUDENT-004,2025-04-11T09:47:00Z,235.94,NPR,DEBIT,COMPLETED,Bus Ticket,InDrive,Transport
aafe58cc-979b-4881-ab92-162a73cb4458,ACC-STUDENT-001,2025-02-26T08:30:00Z,156.2,NPR,DEBIT,COMPLETED,Latte,Beans Cafe,Coffee
c7b11f39-e053-44e0-a73f-c14d8bd8e244,ACC-STUDENT-005,2025-06-20T13:24:00Z,790.19,NPR,DEBIT,COMPLETED,Meals,Canteen,Food
d71e2d3b-5092-490f-b2ad-015d872c169d,ACC-STUDENT-003,2025-05-28T18:30:00Z,274.3,NPR,DEBIT,COMPLETED,Ride Sharing,InDrive,Transport
1b6d5801-cdc9-48c3-939e-b4f6d363f925,ACC-STUDENT-004,2026-01-08T09:48:00Z,143.23,NPR,DEBIT,COMPLETED,Daily Commute,Sajha Yatayat,Transport
6de057ff-3061-4050-88ad-e772d1741cf5,ACC-STUDENT-001,2025/05/10,4391.35,NPR,DEBIT,COMPLETED,Rice and Oil,Local Grocery,Groceries
3946d7a4-999d-41c4-8a87-e1342ab8a056,ACC-STUDENT-005,2025-09-08T08:30:00Z,267.18,NPR,DEBIT,COMPLETED,Cappuccino,Coffee Point,Coffee
8588cca5-fdb8-48c2-b791-4f64d3391a7e,ACC-STUDENT-003,2025-09-09T16:20:00Z,2645.09,NPR,DEBIT,COMPLETED,Gift for Mom,Bhatbhateni Fashion,SHOPPING
6ae67ba1-15a1-4516-bb12-f887d03eeec0,ACC-STUDENT-004,2025-04-03T13:56:00Z,437.5,NPR,DEBIT,COMPLETED,Breakfast,Canteen,Food
7cba5ace-b709-4dff-844d-451da51e01e4,ACC-STUDENT-003,2025-10-13T09:34:00Z,184.95,NPR,DEBIT,COMPLETED,Bus Ticket,Bus,Transport
be1286c6-0b1a-43ee-8a76-0296bc0c032f,ACC-STUDENT-003,2025-07-21 08:30:00,284.57,NPR,DEBIT,COMPLETED,Americano,Coffee Point,coffee
e1c0b7c2-e20c-4820-8a56-c728eb38f5e6,ACC-STUDENT-001,2025-10-31T09:11:00Z,396.12,NPR,DEBIT,COMPLETED,Daily Commute,Sajha Yatayat,Transport
318067ff-6c0e-4c12-832b-32f62cfdfb6c,ACC-STUDENT-004,2025-04-25T17:38:00Z,488.22,NPR,DEBIT,COMPLETED,Taxi Ride,Microbus,Transport
5575206b-4ce0-4a63-97e7-50c9703c7d89,ACC-STUDENT-001,2025-09-12T17:59:00Z,493.0,NPR,DEBIT,COMPLETED,Bus Ticket,Microbus,Transport
f5ab92e2-6585-4e71-803c-a460da782af6,ACC-STUDENT-004,2025-01-20T09:32:00Z,197.46,NPR,DEBIT,COMPLETED,Taxi Ride,,Transport
3d9756d0-c4df-4c2b-a637-2ef7da85cff2,ACC-STUDENT-001,2025-02-05T11:15:00Z,2092.91,NPR,DEBIT,COMPLETED,WiFi Internet,Worldlink,Utilities
dfbd49b3-80f5-46d5-8bdb-c04bfa5ced20,ACC-STUDENT-002,2025-10-07T17:37:00Z,378.2,NPR,DEBIT,COMPLETED,Taxi Ride,InDrive,Transport
5499b650-5150-410d-b01d-0023d6d2242a,ACC-STUDENT-004,2025-10-05T11:15:00Z,1960.45,NPR,DEBIT,COMPLETED,,Worldlink,Utilities
f736ccc9-b326-4a6e-9e19-cd48f5aa6ea1,ACC-STUDENT-005,2025-08-20T17:17:00Z,198.23,NPR,DEBIT,COMPLETED,Taxi Ride,Sajha Yatayat,Transport
d14eca50-60be-4216-8e27-7fc436eab49b,ACC-STUDENT-005,2025-09-01T17:50:00Z,Rs. 312.7,NPR,DEBIT,COMPLETED,Taxi Ride,Sajha Yatayat,Transport
6e17e965-329c-4eac-b07b-900640eed194,ACC-STUDENT-005,2025-06-26T08:30:00Z,146.63,NPR,DEBIT,COMPLETED,Latte,Coffee Point,Coffee
4662f93f-145e-4b15-a2a3-61defba9e15b,ACC-STUDENT-001,2025-08-25T20:43:00Z,226.9,NPR,DEBIT,COMPLETED,Meals,Burger House,Food
dcdd48b1-5688-4390-9785-f0c2a7fb4dab,ACC-STUDENT-002,2025-10-15T08:30:00Z,149.67,NPR,DEBIT,COMPLETED,Cappuccino,Local Tea Stall,Coffee
6277eeda-86c5-490b-911d-fdba30ece762,ACC-STUDENT-004,2025-03-10T09:03:00Z,169.03,NPR,DEBIT,COMPLETED,Micro Fare,Bus,Transport
4de50851-1329-4a8f-8ed9-1069f7dd454b,ACC-STUDENT-004,2025-01-13T08:30:00Z,316.37,NPR,DEBIT,COMPLETED,,Red Mug Cafe,Coffee
1e68b33a-8495-4c13-8f88-2ab8afe6c84d,ACC-STUDENT-005,2025-04-19T19:45:00Z,297.27,NPR,DEBIT,COMPLETED,Meals,Bakery,Food
8df93dd7-ebb0-4977-80c8-347d6b9a362b,ACC-STUDENT-005,2025-03-27T17:33:00Z,483.47,NPR,DEBIT,COMPLETED,Ride Sharing,Microbus,Transport
771d3319-3909-45b8-b7e3-dc29fe8418ca,ACC-STUDENT-003,2025-10-30T08:30:00Z,341.34,NPR,DEBIT,COMPLETED,Cappuccino,Beans Cafe,Coffee
f90edcf1-02dc-405b-ba66-6f0af1986d65,ACC-STUDENT-004,2025-10-22T20:55:00Z,658.68,NPR,DEBIT,COMPLETED,,Canteen,Food
618999cd-7620-4d70-89d6-d87958e3cbe5,ACC-STUDENT-001,2025-05-16T08:30:00Z,150.83,NPR,DEBIT,COMPLETED,Americano,Local Tea Stall,Coffee
747efc77-c404-4e92-8941-708c2a13f1ef,ACC-STUDENT-001,2025-05-06T17:15:00Z,251.03,NPR,DEBIT,COMPLETED,Taxi Ride,Local Taxi,Transport
9b35c566-7961-4343-a04a-661ecae66e5e,ACC-STUDENT-004,2025-10-16T17:39:00Z,143.91,NPR,DEBIT,COMPLETED,Micro Fare,InDrive,Transport
759f7cb2-1873-49e3-97bd-f9488b5a3c7a,ACC-STUDENT-005,2025-10-18T12:00:00Z,1617.67,NPR,DEBIT,COMPLETED,Monthly Supplies,Big Mart,Groceries
3db2b611-559b-45d2-8f3f-e06110a50374,ACC-STUDENT-004,2025-04-09T20:46:00Z,284.06,NPR,DEBIT,COMPLETED,Meals,Burger House,Food
189b0295-3bf3-4f68-99d8-1040e32d4449,ACC-STUDENT-003,2025-02-03T09:45:00Z,478.13,NPR,DEBIT,COMPLETED,Daily Commute,Sajha Yatayat,Transport
7974a42c-a710-45e7-9a8c-44f7865b92f2,ACC-STUDENT-005,2025-08-24T14:30:00Z,7184.98,NPR,CREDIT,COMPLETED,Monthly Allowance,Scholarship,Income
26092bf6-2900-40c8-80b0-ff5dbfd1ac6f,ACC-STUDENT-004,2025-05-30T09:00:00Z,222.72,NPR,DEBIT,COMPLETED,Micro Fare,Bus,Transport
c768d59e-56c3-40df-be76-a4df232f7489,ACC-STUDENT-003,2025-09-19T13:57:00Z,509.47,NPR,DEBIT,COMPLETED,Dinner,Burger House,Food
c07c66e7-e75e-40ac-83ca-30366b0a4a3f,ACC-STUDENT-002,2025-02-24T18:22:00Z,449.45,NPR,DEBIT,COMPLETED,Micro Fare,Pathao,Transport
50fd53f3-659f-411f-b765-adfafc360e3f,ACC-STUDENT-005,2025-05-23T20:13:00Z,797.99,NPR,DEBIT,COMPLETED,Lunch,Boba Shop,Food
727d3e2f-e54d-481a-b28f-748a7c7779d5,ACC-STUDENT-004,2025-05-09T13:32:00Z,718.36,NPR,DEBIT,COMPLETED,Coke and Momo,Restaurant,FOOD
14101f8e-ffa9-40ad-9057-9fb1d1ed8fd1,ACC-STUDENT-003,2025-12-28T12:00:00Z,2668.39,NPR,DEBIT,COMPLETED,Rice and Oil,Big Mart,Groceries
95abd190-bee6-4bcb-ad6f-15fdafe028d5,ACC-STUDENT-004,2025-12-11T17:44:00Z,64.06,NPR,DEBIT,COMPLETED,Micro Fare,Pathao,Transport
9d9addfc-6af0-486b-8bec-6799e9042fbd,ACC-STUDENT-005,2025-11-02T10:00:00Z,12887.66,NPR,DEBIT,COMPLETED,House Rent,Rent House Ltd,Utilities
14684df4-aa01-4385-82e0-31d99765248e,ACC-STUDENT-002,2025-11-05T17:18:00Z,387.89,NPR,DEBIT,COMPLETED,Micro Fare,Microbus,Transport
bae21a4a-b338-464e-8c8e-4df873ba3fa9,ACC-STUDENT-002,2025-11-29T12:00:00Z,3116.43,NPR,DEBIT,COMPLETED,Rice and Oil,Fresh Vegetable Vendor,Groceries
9d7da436-6343-43a3-99d8-e9e992e822a7,ACC-STUDENT-004,2025-12-18T08:30:00Z,103.95,NPR,DEBIT,COMPLETED,Latte,Coffee Point,Coffee
1412f864-eea0-4197-bc00-e90efacec7a2,ACC-STUDENT-001,2025-05-28T12:08:00Z,206.74,NPR,DEBIT,COMPLETED,Snacks,Bakery,Food
f390b3bf-5ff9-4a57-9776-fae3f044651a,ACC-STUDENT-001,2025-03-03T08:30:00Z,202.0,NPR,DEBIT,COMPLETED,Latte,Himalayan Java,Coffee
bfdb6d28-4dcf-43b2-b2a3-a26a4ffa89f0,ACC-STUDENT-005,2025-05-24T20:44:00Z,512.19,NPR,DEBIT,COMPLETED,Meals,Local Eatery,Food
10039c3d-e9d9-4384-8d9e-805f6368bbdb,ACC-STUDENT-005,2025-11-12T13:30:00Z,717.31,NPR,DEBIT,COMPLETED,Meals,Bakery,Food
5c69378c-c198-4216-8d4f-47d201868735,ACC-STUDENT-002,2025-08-29T09:08:00Z,247.35,NPR,DEBIT,COMPLETED,Taxi Ride,Bus,Transport
400775d3-b5b0-48a2-9c4a-3d1b32fe44c6,ACC-STUDENT-002,2025-08-01T08:30:00Z,223.4,NPR,DEBIT,COMPLETED,Iced Coffee,Himalayan Java,Coffee
1a096bc3-5469-4d0c-b404-01872c3b6af3,ACC-STUDENT-003,2025-05-27T18:54:00Z,466.09,NPR,DEBIT,COMPLETED,Ride Sharing,Pathao,Transport
af9dd879-1b7f-4a25-bee0-c97d056a6fa7,ACC-STUDENT-001,2025-09-24T19:56:00Z,439.18,NPR,DEBIT,COMPLETED,Breakfast,Restaurant,Food
0dd7ec65-b2e2-4680-bd99-53f2f41cfa26,ACC-STUDENT-004,2025-12-27T12:00:00Z,2613.94,NPR,DEBIT,COMPLETED,Weekly Groceries,Fresh Vegetable Vendor,Groceries
9e6ecbea-a399-493d-a3c3-c826806b255a,ACC-STUDENT-002,2025-10-19T12:32:00Z,652.72,NPR,DEBIT,COMPLETED,Dinner,Cafe,Food
3eb80cbb-d774-46c4-a025-bb792640d83b,ACC-STUDENT-003,2025-11-25T12:16:00Z,259.67,NPR,DEBIT,COMPLETED,Lunch,Burger House,Food
8cc75c1a-6ccb-4db7-abb2-399f4bb958fd,ACC-STUDENT-005,2025-03-26T13:34:00Z,499.92,NPR,DEBIT,COMPLETED,Dinner,,Food
6ffccbde-7043-4f60-9203-1372ea65e080,ACC-STUDENT-002,2025-05-24T12:05:00Z,633.22,NPR,DEBIT,COMPLETED,Burger & Fries,Bakery,Food
218093dc-d05e-4c5a-ba01-8ab7a913d52b,ACC-STUDENT-002,2025-03-24T17:19:00Z,321.5,NPR,DEBIT,COMPLETED,Taxi Ride,Local Taxi,Transport
a7c18305-0d66-4e78-816e-9a47f1b189b4,ACC-STUDENT-003,2025-05-13T18:22:00Z,93.24,NPR,DEBIT,COMPLETED,Micro Fare,InDrive,Transport
bcd2a770-215a-41b5-beb9-389a3e30e4f9,ACC-STUDENT-004,2025-11-05T08:30:00Z,116.63,NPR,DEBIT,COMPLETED,Chiya,Coffee Point,Coffee
7f5b9454-816f-4e69-b2c1-5f2d7472d229,ACC-STUDENT-002,2025-08-10T14:30:00Z,5179.08,NPR,CREDIT,COMPLETED,Freelance Project,Tutoring,Income
26289ef7-a247-4a1b-b486-ea94baed0711,ACC-STUDENT-001,2025-08-19T20:11:00Z,789.24,NPR,DEBIT,COMPLETED,Meals,Cafe,Food
2eb55ebd-054c-4cfa-afe6-bdf62b123e4c,ACC-STUDENT-002,2025-03-11T08:30:00Z,333.38,NPR,DEBIT,COMPLETED,Iced Coffee,Beans Cafe,Coffee
105fd862-e8b8-4024-9176-9bd6505cecbd,ACC-STUDENT-005,2025-12-09T08:30:00Z,217.9,NPR,DEBIT,COMPLETED,Iced Coffee,,Coffee
6b7ca45e-5300-4c76-b0de-27fba95b9880,ACC-STUDENT-004,2025-04-15T13:08:00Z,450.31,NPR,DEBIT,COMPLETED,Lunch,Boba Shop,Food
8c651f81-d714-439f-964d-b6a4d56059f6,ACC-STUDENT-005,2025-03-28T18:11:00Z,488.44,NPR,DEBIT,COMPLETED,Taxi Ride,Pathao,Transport
fa2f9261-9bdc-4aac-a04c-73208f854d9d,ACC-STUDENT-004,2025-04-25T08:30:00Z,123.52,NPR,DEBIT,COMPLETED,Latte,Red Mug Cafe,Coffee
601746e7-482c-4d85-bffb-a2f65e79004d,ACC-STUDENT-003,2025-07-26T16:20:00Z,5554.83,NPR,DEBIT,COMPLETED,Gift for Mom,Miniso,Shopping
eafff3cf-b35e-4546-8997-a7f5bd3e261b,ACC-STUDENT-001,2025-09-03T18:16:00Z,Rs. 310.38,NPR,DEBIT,COMPLETED,Bus Ticket,Pathao,Transport
bfdb9eff-88c5-4dcf-b8d4-f67241498ad3,ACC-STUDENT-002,2025-02-10T13:27:00Z,559.95,NPR,DEBIT,COMPLETED,Meals,Canteen,Food
5cad1e92-ae6c-439c-8018-41614dd9a897,ACC-STUDENT-002,2025-02-04T19:39:00Z,689.23,NPR,DEBIT,COMPLETED,Dinner,Local Eatery,Food
bc3fd6bb-47e2-4361-9bee-2f2d2d5c89e2,ACC-STUDENT-002,2025-09-08T09:10:00Z,215.74,NPR,DEBIT,COMPLETED,Taxi Ride,Pathao,Transport
817738a5-175f-4fb7-bb0d-20a56a6afc55,ACC-STUDENT-002,2025-04-17T09:40:00Z,392.77,NPR,DEBIT,COMPLETED,Taxi Ride,Microbus,Transport
f43b23d8-4b75-464a-8438-245f1e627667,ACC-STUDENT-005,2025-11-19T19:25:00Z,430.93,NPR,DEBIT,COMPLETED,Burger & Fries,Cafe,Food
f4ca9f68-78f4-4481-b5ff-e8f5ff426562,ACC-STUDENT-001,2025-05-08T19:04:00Z,746.21,NPR,DEBIT,COMPLETED,Meals,Canteen,Food
1f1b651a-09bf-4f9a-9e9c-0181071083d3,ACC-STUDENT-001,2025-09-19 20:20:00,597.99,NPR,DEBIT,COMPLETED,Meals,Burger House,Food
f60dde05-1940-4a4d-9443-d220b28bf22b,ACC-STUDENT-003,2025-10-10T13:28:00Z,735.73,NPR,DEBIT,COMPLETED,Breakfast,Boba Shop,Food
92b2fa3e-66b1-4f03-a1fe-e7b696b32893,ACC-STUDENT-001,2025-12-09T13:13:00Z,243.01,NPR,DEBIT,COMPLETED,Dinner,Local Eatery,Food
f81bd7e8-c9e8-49d8-8004-b0879151283f,ACC-STUDENT-004,2025-04-22T09:38:00Z,398.69,NPR,DEBIT,COMPLETED,Taxi Ride,Microbus,Transport
442e65fc-59d9-4f31-aa5c-d3e61d6ac350,ACC-STUDENT-004,2025-06-13T09:03:00Z,178.28,NPR,DEBIT,COMPLETED,Bus Ticket,Pathao,Transport
3042bec9-3ee1-4a40-b70d-0a0e7bc23fc2,ACC-STUDENT-002,2025-09-04T08:30:00Z,229.73,NPR,DEBIT,COMPLETED,Latte,Local Tea Stall,Coffee
87031147-fba3-48af-9c5f-ff17b1d27b3b,ACC-STUDENT-001,2025/05/26,634.55,NPR,DEBIT,COMPLETED,Dinner,Canteen,Food
fd27f9c0-6dc2-40b3-9b5a-ed9e28427c7b,ACC-STUDENT-002,2025-07-15T13:34:00Z,696.3,NPR,DEBIT,COMPLETED,Coke and Momo,Boba Shop,Food
526b683e-9583-4119-814f-f318409bdf85,ACC-STUDENT-001,2025-07-30T19:55:00Z,615.18,NPR,DEBIT,COMPLETED,Breakfast,Canteen,Food
d17acc08-ae3e-4873-9984-1d599f4664aa,ACC-STUDENT-004,2026-01-11T12:28:00Z,675.67,NPR,DEBIT,COMPLETED,Meals,Boba Shop,Food
92965d55-d2ca-4a63-a445-1f0309d34dd1,ACC-STUDENT-002,2025-07-16T08:30:00Z,135.46,NPR,DEBIT,COMPLETED,Chiya,Red Mug Cafe,Coffee
e7fe171b-b331-475e-bf59-fc58a3bc9e01,ACC-STUDENT-003,2025-02-14T08:30:00Z,168.19,NPR,DEBIT,COMPLETED,Chiya,Local Tea Stall,COFFEE
dcc8310f-6047-47c2-a5c9-27928f6c5a4d,ACC-STUDENT-005,2025-03-02T12:16:00Z,448.74,NPR,DEBIT,COMPLETED,Burger & Fries,Burger House,Food
ce03a94a-9625-4310-b6fd-3e9217f7a650,ACC-STUDENT-005,2025-05-29T08:30:00Z,312.0,NPR,DEBIT,COMPLETED,Americano,Red Mug Cafe,Coffee
df567a1b-5ebb-4c60-81ef-998374637cc4,ACC-STUDENT-002,2025-06-25T20:02:00Z,181.23,NPR,DEBIT,COMPLETED,Meals,Restaurant,Food
648faa28-43f1-47a5-9d5e-1c9a1247d620,ACC-STUDENT-004,2025-11-01T09:00:00Z,29473.79,NPR,CREDIT,COMPLETED,Monthly Allowance,Family Transfer,Income
2f4a1c79-b265-40aa-9145-9cc97399860d,ACC-STUDENT-002,2025-12-15T08:00:00Z,277.78,NPR,DEBIT,COMPLETED,Spotify Premium,Spotify,Entertainment
6e9c3603-a6db-4359-9150-c58f2c7b731d,ACC-STUDENT-003,2025-05-15T08:30:00Z,109.15,NPR,DEBIT,COMPLETED,Americano,Coffee Point,Coffee
9c7dc6f4-0ebf-4424-b6a7-7f88aa5b4b90,ACC-STUDENT-003,2025-10-20T20:56:00Z,0.0,NPR,DEBIT,COMPLETED,Burger & Fries,Cafe,Food
b2a9d03d-f9d7-4d48-98ca-8de3661d1202,ACC-STUDENT-001,2025-09-10T20:23:00Z,219.28,NPR,DEBIT,COMPLETED,Snacks,Burger House,Food
89414dd4-f74c-4e6d-912d-ba7eceaff52b,ACC-STUDENT-001,2025-06-17T18:36:00Z,53.81,NPR,DEBIT,COMPLETED,Ride Sharing,Sajha Yatayat,Transport
c13c5348-5227-4171-b970-fe0ce2e3b913,ACC-STUDENT-003,2025-11-28T08:30:00Z,159.31,NPR,DEBIT,COMPLETED,,Coffee Point,Coffee
d906728d-16cc-4742-a708-0efeff9e662d,ACC-STUDENT-004,2025-04-04T09:28:00Z,343.72,NPR,DEBIT,COMPLETED,Micro Fare,Microbus,Transport
146ff7fa-a940-4689-81e9-6232c8fc8f5f,ACC-STUDENT-003,2025-11-13T08:30:00Z,330.19,NPR,DEBIT,COMPLETED,Iced Coffee,Red Mug Cafe,Coffee
3b00762f-8c6c-4c49-9b3a-8ad485e4e690,ACC-STUDENT-005,2025-01-27T18:59:00Z,475.4,NPR,DEBIT,COMPLETED,Daily Commute,Local Taxi,Transport
fb818cc0-a61b-4c2c-b284-2f095508b3a5,ACC-STUDENT-005,2025-03-05T11:15:00Z,1483.83,NPR,DEBIT,COMPLETED,WiFi Internet,Worldlink,Utilities
c0882071-eae7-4aea-8324-2116c0220a90,ACC-STUDENT-004,2025-06-24T12:00:00Z,708.73,NPR,DEBIT,COMPLETED,Burger & Fries,Canteen,Food
b9b3c579-ee01-4ffe-a2f5-965e514dfba4,ACC-STUDENT-003,2025-04-23T08:30:00Z,233.52,NPR,DEBIT,COMPLETED,Cappuccino,Beans Cafe,Coffee
17641839-b942-4dc6-a1b9-756c26ef2c0d,ACC-STUDENT-002,2025-12-25T17:28:00Z,402.67,NPR,DEBIT,COMPLETED,Taxi Ride,Sajha Yatayat,Transport
ae4fb153-6d76-4bdc-88bd-ffedd693630e,ACC-STUDENT-001,2025-11-05T11:15:00Z,1883.01,NPR,DEBIT,COMPLETED,WiFi Internet,Worldlink,Utilities
6837d8d0-d32a-40fd-a48a-57b327fb4780,ACC-STUDENT-002,2025-07-18T08:30:00Z,290.24,NPR,DEBIT,COMPLETED,Latte,Beans Cafe,coffee
0ebd07bd-aa74-4d00-a9fa-cdc0b8126489,ACC-STUDENT-002,2025-12-26T13:35:00Z,651.03,NPR,DEBIT,COMPLETED,Burger & Fries,Burger House,Food
43133afd-856f-4ffe-bda3-4cffbb89f8bf,ACC-STUDENT-004,2025-09-26T17:18:00Z,102.95,NPR,DEBIT,COMPLETED,Taxi Ride,Sajha Yatayat,Transport
097ab517-e96c-4320-b411-101249b2e55f,ACC-STUDENT-001,2025/03/21,243.1,NPR,DEBIT,COMPLETED,Bus Ticket,InDrive,Transport
3e44ca37-f087-474e-835d-fdc382c369e4,ACC-STUDENT-001,2025-11-28T17:17:00Z,411.04,NPR,DEBIT,COMPLETED,Taxi Ride,Microbus,Transport
431bc1c4-aa95-40f2-b2c1-28a32da17636,ACC-STUDENT-005,2025-03-21T09:15:00Z,146.03,NPR,DEBIT,COMPLETED,Taxi Ride,Sajha Yatayat,Transport
62eb7e9a-ec1a-42bc-8aab-9d227bf2dc60,ACC-STUDENT-004,2025-04-26T19:40:00Z,668.63,NPR,DEBIT,COMPLETED,Dinner,Burger House,Food
01cf3db2-0512-4673-a3d4-eac86986824a,ACC-STUDENT-004,2025-10-02 10:00:00,13362.08,NPR,DEBIT,COMPLETED,,Rent House Ltd,Utilities
0588fb5f-b102-498e-93b5-6a05927a9d78,ACC-STUDENT-004,2025-10-28T19:58:00Z,422.55,NPR,DEBIT,COMPLETED,Burger & Fries,Burger House,Food
0e614035-93d0-4ae3-a2fd-1da7ffe17182,ACC-STUDENT-003,2025-04-26T19:01:00Z,371.12,NPR,DEBIT,COMPLETED,Snacks,Boba Shop,Food
ac351b4e-bf8c-4f4f-b747-7e599fece3ca,ACC-STUDENT-005,2025-01-14T12:29:00Z,464.25,NPR,DEBIT,COMPLETED,Breakfast,Cafe,Food
4f8b3f40-e77b-4641-8b0a-fecf5b391fbd,ACC-STUDENT-004,2025-12-03T17:21:00Z,376.05,NPR,DEBIT,COMPLETED,Taxi Ride,Sajha Yatayat,Transport
74b5bbe8-c4a0-41c3-a05b-1c16b93a9efb,ACC-STUDENT-004,2025-01-19T12:00:00Z,631.66,NPR,DEBIT,COMPLETED,Snacks,Cafe,Food
205324d4-818c-4e34-aa52-c6efbf94f00d,ACC-STUDENT-003,2025-06-11T19:15:00Z,459.98,NPR,DEBIT,COMPLETED,Coke and Momo,Local Eatery,Food
d099fa26-4826-48a2-bdce-284ae4ce7d7d,ACC-STUDENT-005,2025-07-14T09:05:00Z,498.79,NPR,DEBIT,COMPLETED,Daily Commute,InDrive,Transport
980484d7-f6d3-4748-85f8-1a332d09b132,ACC-STUDENT-004,2025-03-05T12:58:00Z,537.87,NPR,DEBIT,COMPLETED,Breakfast,Local Eatery,Food
27925af2-76c8-4cdb-bab0-71b070f22cef,ACC-STUDENT-005,2025-05-15T08:00:00Z,450.2,NPR,DEBIT,COMPLETED,Spotify Premium,Spotify,entertainment
f771d13c-fdee-4c4a-a8f8-7ea2bdeaa954,ACC-STUDENT-003,2025-07-08T19:25:00Z,256.87,NPR,DEBIT,COMPLETED,Meals,Burger House,food
d955a3e6-1fe4-4c2a-811c-5ba5942aa77b,ACC-STUDENT-002,2025-06-09T19:05:00Z,765.18,NPR,DEBIT,COMPLETED,Burger & Fries,Restaurant,Food
c8a257af-c70a-42bf-bd55-8306eed3baa0,ACC-STUDENT-001,2025-07-02T20:51:00Z,233.71,NPR,DEBIT,COMPLETED,Breakfast,Boba Shop,Food
f14caae2-33bb-4255-8c99-1e572c4ea232,ACC-STUDENT-003,2025-02-18T08:30:00Z,203.16,NPR,DEBIT,COMPLETED,Americano,Local Tea Stall,Coffee
0c156191-9b15-4137-8c6c-f54d53cd142f,ACC-STUDENT-004,2025-03-21T12:49:00Z,636.99,NPR,DEBIT,COMPLETED,Coke and Momo,Boba Shop,Food
836e8156-4fc9-4a12-98ce-9ffd045f7ac7,ACC-STUDENT-001,2025-06-23T09:23:00Z,107.12,NPR,DEBIT,COMPLETED,Taxi Ride,Microbus,Transport
6979b910-41ec-40e7-ab29-821ed70d9109,ACC-STUDENT-004,2025-12-29T08:30:00Z,307.3,NPR,DEBIT,COMPLETED,Iced Coffee,Coffee Point,Coffee
d38a87ef-3c94-4df2-addc-443a0ef18966,ACC-STUDENT-001,2025-03-23T19:49:00Z,761.91,NPR,DEBIT,COMPLETED,Burger & Fries,Canteen,Food
eb885bb6-49f7-400e-8c24-2e6e6b30e90d,ACC-STUDENT-004,2025-07-05 11:15:00,2489.05,NPR,DEBIT,COMPLETED,WiFi Internet,Worldlink,Utilities
a36db6a3-bd17-4f18-b7ab-de404257894c,ACC-STUDENT-001,2025-05-09T12:02:00Z,Rs. 425.4,NPR,DEBIT,COMPLETED,Coke and Momo,Canteen,Food
5d200632-7eef-433d-a727-4fd5c84da895,ACC-STUDENT-002,2025-02-20T12:45:00Z,182.77,NPR,DEBIT,COMPLETED,Snacks,Boba Shop,Food
6ff04e9f-940a-4fff-bf83-971bfb57e0c1,ACC-STUDENT-001,2025-03-28T08:30:00Z,240.93,NPR,DEBIT,COMPLETED,Cappuccino,Local Tea Stall,Coffee
26d45ee8-c829-4ca7-a25a-e03fd9d8b27d,ACC-STUDENT-005,2025-08-19T19:28:00Z,348.28,NPR,DEBIT,COMPLETED,Meals,Restaurant,Food
35a6996a-725a-44b2-bf34-e51085ce712d,ACC-STUDENT-002,2025-05-02T19:01:00Z,561.96,NPR,DEBIT,COMPLETED,Breakfast,Canteen,Food
4be050b1-0a82-4629-beae-7263f6592c67,ACC-STUDENT-002,2025-05-13T08:30:00Z,160.21,NPR,DEBIT,COMPLETED,Iced Coffee,Beans Cafe,Coffee
4bece999-864d-4955-915d-75c01010cb0e,ACC-STUDENT-002,2025-12-15T20:35:00Z,789.8,NPR,DEBIT,COMPLETED,Meals,Boba Shop,Food
c3e75866-2331-44de-ad24-c1af6436acb2,ACC-STUDENT-004,2025-05-26T08:30:00Z,114.2,NPR,DEBIT,COMPLETED,Latte,Local Tea Stall,Coffee
a82ff133-fead-43d4-98ba-42563ed6ab81,ACC-STUDENT-001,2025-04-21T08:30:00Z,0.0,NPR,DEBIT,COMPLETED,Iced Coffee,Red Mug Cafe,Coffee
014d37d3-9e7e-4a26-b9fb-951a4ec3d91d,ACC-STUDENT-004,2025-07-14T20:27:00Z,631.85,NPR,DEBIT,COMPLETED,,Cafe,Food
03e3f89a-8cca-4c46-bb0e-95ff3c6c0bd5,ACC-STUDENT-002,2025-04-07T09:23:00Z,283.34,NPR,DEBIT,COMPLETED,Ride Sharing,Local Taxi,Transport
24c8ce22-0e6b-4a84-8bcd-ce38827cba26,ACC-STUDENT-003,2025-11-28T13:07:00Z,541.7,NPR,DEBIT,COMPLETED,Coke and Momo,Boba Shop,Food
eff175b5-9e2d-4155-8a65-4b07bf35b9ab,ACC-STUDENT-005,2026-01-12T19:57:00Z,369.99,NPR,DEBIT,COMPLETED,Meals,Cafe,Food
79151eb4-056d-4a15-83fc-1881150e40e1,ACC-STUDENT-003,2025-03-06T20:40:00Z,Rs. 549.62,NPR,DEBIT,COMPLETED,Meals,Burger House,Food
1f95f389-d491-44da-b7ba-ada4ab83a008,ACC-STUDENT-002,2025-03-15T19:02:00Z,332.49,NPR,DEBIT,COMPLETED,Coke and Momo,Burger House,Food
7b7f42b9-e1d9-47c1-9d4b-09b3cacb0990,ACC-STUDENT-004,2025-12-11T08:30:00Z,289.15,NPR,DEBIT,COMPLETED,Americano,Coffee Point,COFFEE
c9854d00-f2a0-4ff4-8635-d2a2386cd1ce,ACC-STUDENT-005,2025-07-05T16:20:00Z,2722.72,NPR,DEBIT,COMPLETED,Saree for Mother,Local Store,SHOPPING
82ac89d2-77df-444c-a310-500f5883f795,ACC-STUDENT-005,2025-09-14T16:20:00Z,4701.32,NPR,DEBIT,COMPLETED,Birthday Gift,Daraz,Shopping
0290e825-62dc-439a-bdd0-8ef0cf708f4b,ACC-STUDENT-002,2025-05-24T17:32:00Z,358.3,NPR,DEBIT,COMPLETED,Bus Ticket,Microbus,Transport
9b66e99e-c35f-4114-9647-b65680baa5c3,ACC-STUDENT-004,2025-02-21T20:07:00Z,520.16,NPR,DEBIT,COMPLETED,Burger & Fries,Boba Shop,Food
0bfe6c16-720a-4547-9d55-f5a18a6f7934,ACC-STUDENT-004,2026-01-12T08:30:00Z,284.76,NPR,DEBIT,COMPLETED,Chiya,Local Tea Stall,Coffee
b25ac807-85d5-4ddd-b65d-c44b5159c42e,ACC-STUDENT-005,2025-02-19T18:47:00Z,-465.68,NPR,DEBIT,COMPLETED,Ride Sharing,Bus,Transport
bfa0a1fd-1198-4f19-aa2d-08750f97b1f8,ACC-STUDENT-005,2025-10-01T08:30:00Z,191.91,NPR,DEBIT,COMPLETED,Americano,Coffee Point,Coffee
9f385d3d-5076-4aa6-99e6-a8f35803d0ef,ACC-STUDENT-001,2025-04-27T18:30:00Z,1172.01,NPR,DEBIT,COMPLETED,Bowling Session,Spotify,Entertainment
0eb8844d-996e-469f-8b0f-faf4a3fa6fed,ACC-STUDENT-005,2026-01-10T12:00:00Z,4403.11,NPR,DEBIT,COMPLETED,Rice and Oil,Saleways,Groceries
828f6d26-4512-4578-bf5e-130c7fdbe9fd,ACC-STUDENT-005,2025-07-28T20:31:00Z,649.3,NPR,DEBIT,COMPLETED,Burger & Fries,Boba Shop,Food
2b9f1d40-4037-4af6-aad3-25ebfabdd2fb,ACC-STUDENT-005,2025-01-25T12:00:00Z,4212.92,NPR,DEBIT,COMPLETED,Monthly Supplies,Saleways,Groceries
c3ee3495-1333-401f-967a-1a9eb7a5e42c,ACC-STUDENT-005,2025-09-08T12:25:00Z,572.57,NPR,DEBIT,COMPLETED,Meals,Boba Shop,Food
d225604f-38ab-4fbd-b44d-b13a570f90be,ACC-STUDENT-002,2026-01-04T12:00:00Z,2741.13,NPR,DEBIT,COMPLETED,Vegetables & Fruits,Big Mart,Groceries
9a940b46-d986-40e8-a03c-3b9c43f3ea00,ACC-STUDENT-004,2025/07/16,639.47,NPR,DEBIT,COMPLETED,Dinner,Local Eatery,Food
38ed6a58-d932-4c89-b954-8b9827f73518,ACC-STUDENT-005,2025-10-03T19:18:00Z,239.82,NPR,DEBIT,COMPLETED,Meals,Burger House,Food
0d28dd2c-7e09-4188-97d5-62bee0bc9a04,ACC-STUDENT-003,2025-05-27T18:22:00Z,403.94,NPR,DEBIT,COMPLETED,Daily Commute,InDrive,Transport
9c681457-7531-4c76-b8ca-5d4b30969d76,ACC-STUDENT-005,2025-10-26T09:09:00Z,301.78,NPR,DEBIT,COMPLETED,Taxi Ride,Microbus,Transport
a041aac3-30ec-4519-87fd-9345a8898060,ACC-STUDENT-002,2025-08-26T17:32:00Z,151.36,NPR,DEBIT,COMPLETED,Taxi Ride,Sajha Yatayat,Transport
19b8e236-ff24-4cee-b5e0-7d73cad01e91,ACC-STUDENT-001,2025-07-14T19:19:00Z,304.41,NPR,DEBIT,COMPLETED,Meals,Bakery,Food
5ba6ce4c-2250-458b-8311-92ab6edbf561,ACC-STUDENT-002,2025-12-14T18:30:00Z,660.61,NPR,DEBIT,COMPLETED,Movie Ticket,Spotify,Entertainment
5baee33e-de15-4410-a0d7-4ba360807946,ACC-STUDENT-003,2025-02-01T18:05:00Z,412.46,NPR,DEBIT,COMPLETED,Taxi Ride,InDrive,Transport
5fd849c2-a880-4683-903f-963e3a576114,ACC-STUDENT-005,2025-05-05T13:08:00Z,387.88,NPR,DEBIT,COMPLETED,Burger & Fries,Cafe,Food
d682ddb4-f76a-47dc-953b-e7166559b1a2,ACC-STUDENT-005,2025-04-17T09:22:00Z,105.44,NPR,DEBIT,COMPLETED,Bus Ticket,InDrive,Transport
06574e08-c0da-4b7b-8f1f-62ca55dc293d,ACC-STUDENT-004,2025-08-06T13:06:00Z,359.89,NPR,DEBIT,COMPLETED,Dinner,Burger House,Food
8ae9d101-534e-4e36-b42b-9fa0ccc0f755,ACC-STUDENT-002,2025-10-31T13:40:00Z,470.74,NPR,DEBIT,COMPLETED,Dinner,Restaurant,Food
753a12ab-6deb-486d-a4aa-cdc881fbfa24,ACC-STUDENT-004,2025-11-28T18:45:00Z,337.37,NPR,DEBIT,COMPLETED,Bus Ticket,Sajha Yatayat,Transport
1123506e-43f0-4082-b6ce-6968cabf605b,ACC-STUDENT-003,2025-10-24T09:17:00Z,175.44,NPR,DEBIT,COMPLETED,Taxi Ride,Microbus,Transport
05eea5f0-dda8-4aa1-9906-d734bdba0153,ACC-STUDENT-003,2026-01-09T17:43:00Z,355.87,NPR,DEBIT,COMPLETED,Taxi Ride,InDrive,Transport
703727e5-9299-4900-a159-6825b5f6e881,ACC-STUDENT-004,2025-06-06T18:23:00Z,160.7,NPR,DEBIT,COMPLETED,Daily Commute,Sajha Yatayat,Transport
162d8742-aeea-4113-95a4-a07cabc9e1c6,ACC-STUDENT-004,2025-04-14T08:30:00Z,149.57,NPR,DEBIT,COMPLETED,Latte,,Coffee
8b98bf82-2495-48e7-8bed-1787f43a6a52,ACC-STUDENT-002,2025-03-06T18:02:00Z,271.16,NPR,DEBIT,COMPLETED,Daily Commute,Local Taxi,Transport
d9628e19-17a3-467c-aa86-cb0fd74e3562,ACC-STUDENT-002,2025-11-18T18:17:00Z,91.11,NPR,DEBIT,COMPLETED,Ride Sharing,Microbus,Transport
2ea923c2-1d39-4168-82a3-32a3db6ec569,ACC-STUDENT-003,2026-01-07T17:23:00Z,363.17,NPR,DEBIT,COMPLETED,Micro Fare,InDrive,Transport
b2a97f2b-98f6-474b-a519-72715755136f,ACC-STUDENT-001,2025-12-25T19:28:00Z,500.91,NPR,DEBIT,COMPLETED,Lunch,Local Eatery,Food
57c4a7f2-1f95-4ccf-b665-1b69686c2e5c,ACC-STUDENT-003,2025-01-31T09:44:00Z,352.36,NPR,DEBIT,COMPLETED,Micro Fare,Local Taxi,Transport
281f5508-b29e-4aad-864b-bc0fb565e772,ACC-STUDENT-003,2025/03/14,389.04,NPR,DEBIT,COMPLETED,Taxi Ride,Pathao,Transport
22a7a584-6825-45e4-8321-6a8613b62ce2,ACC-STUDENT-005,2025-08-21T09:44:00Z,254.16,NPR,DEBIT,COMPLETED,Daily Commute,Microbus,Transport
3f7ddc90-814f-48ac-9c40-aef0199058e0,ACC-STUDENT-005,2025-01-19T12:00:00Z,3360.12,NPR,DEBIT,COMPLETED,Weekly Groceries,Big Mart,Groceries
ad970f52-1276-4800-bb5a-743f9fabe4b6,ACC-STUDENT-004,2025-03-26T18:42:00Z,393.54,NPR,DEBIT,COMPLETED,Bus Ticket,Local Taxi,Transport
f62b1761-93ea-4a1f-8c27-d2e41151400c,ACC-STUDENT-004,2025-10-14T17:13:00Z,200.88,NPR,DEBIT,COMPLETED,Ride Sharing,Pathao,Transport
227431e3-4e84-43ce-bd51-ef134c495fc8,ACC-STUDENT-003,2025-05-22T13:34:00Z,508.98,NPR,DEBIT,COMPLETED,Dinner,Local Eatery,food
fec64d24-72e7-484a-b2e7-28b50ddbe3b9,ACC-STUDENT-005,2025-05-08T08:30:00Z,259.34,NPR,DEBIT,COMPLETED,Chiya,Coffee Point,Coffee
2358dc22-566f-4875-9cbc-14111ea5d65c,ACC-STUDENT-005,2026-01-10T19:45:00Z,441.39,NPR,DEBIT,COMPLETED,Burger & Fries,Restaurant,Food
4832d5a0-c50e-4269-a60a-aa49cc71827e,ACC-STUDENT-002,2025-05-15T18:07:00Z,389.08,NPR,DEBIT,COMPLETED,Ride Sharing,Microbus,transport
c4fd8c3f-d6ee-4f9e-8cc8-d72725d06bd0,ACC-STUDENT-003,2025-03-16T12:00:00Z,-2798.22,NPR,DEBIT,COMPLETED,Weekly Groceries,Local Grocery,Groceries
f9079eca-d5f1-4a27-bc66-4e076dd3d8cc,ACC-STUDENT-005,2025-03-02T12:00:00Z,3892.92,NPR,DEBIT,COMPLETED,Rice and Oil,Big Mart,Groceries
38b374ba-e7ac-4d66-a639-849f9514018f,ACC-STUDENT-005,2025-12-21T12:00:00Z,2797.05,NPR,DEBIT,COMPLETED,Vegetables & Fruits,Big Mart,Groceries
923023d5-c191-4e19-878c-a9affc11c2b8,ACC-STUDENT-002,2025-12-09T07:00:00Z,9280.32,NPR,DEBIT,COMPLETED,Pokhara Trip,Resort Pokhara,travel
f37290d1-dfa7-4f9d-8888-7fe52722390f,ACC-STUDENT-002,2026-01-04T18:07:00Z,199.31,NPR,DEBIT,COMPLETED,Daily Commute,Sajha Yatayat,Transport
be0746fd-81e5-4e6a-9759-45f434304d23,ACC-STUDENT-005,2025-04-15T09:38:00Z,278.36,NPR,DEBIT,COMPLETED,Micro Fare,InDrive,Transport
7f6a8466-15f3-4e71-b989-a0408e751c57,ACC-STUDENT-004,2025-12-10T18:12:00Z,299.3,NPR,DEBIT,COMPLETED,Taxi Ride,Local Taxi,Transport
3a1c3e59-8cf9-4447-b1fe-fd424dcfba12,ACC-STUDENT-001,2025-08-04T17:42:00Z,95.44,NPR,DEBIT,COMPLETED,Bus Ticket,Local Taxi,Transport
daf9b461-bc1e-4bb2-b5f1-547c24873309,ACC-STUDENT-003,2025-05-18T12:00:00Z,2176.88,NPR,DEBIT,COMPLETED,,Bhatbhateni,Groceries
6f7f7faf-ff08-4e1f-9d81-931acb15b738,ACC-STUDENT-005,2025-06-16T17:44:00Z,85.21,NPR,DEBIT,COMPLETED,Ride Sharing,Local Taxi,Transport
581c6910-cf3d-4dbe-aa82-9316b1db79c1,ACC-STUDENT-004,2025-11-22T12:47:00Z,350.48,NPR,DEBIT,COMPLETED,Coke and Momo,Bakery,Food
5b4f262f-74d1-4697-ae6e-99cd2c78094d,ACC-STUDENT-001,2025/02/03,136.91,NPR,DEBIT,COMPLETED,Taxi Ride,Local Taxi,Transport
676e9e0a-7b97-4fa0-a373-7929bf179992,ACC-STUDENT-005,2025-10-01T17:43:00Z,463.42,NPR,DEBIT,COMPLETED,Taxi Ride,Bus,Transport
05fd9ef5-e9c5-439b-b120-c2e0bcd0ac1d,ACC-STUDENT-001,2025-12-11T16:20:00Z,3501.69,NPR,DEBIT,COMPLETED,Gift for Mom,Daraz,Shopping
e4aea0b7-a3cc-4aaf-bd18-8df2edf5f3fa,ACC-STUDENT-003,2025-01-14T17:44:00Z,54.6,NPR,DEBIT,COMPLETED,Micro Fare,Sajha Yatayat,Transport
54ee3ab7-210d-4ae5-a8fd-d5f81184fb81,ACC-STUDENT-001,2025-11-26T17:48:00Z,497.11,NPR,DEBIT,COMPLETED,Micro Fare,Pathao,Transport
25f6490f-663d-4f8c-baee-804d9470f66e,ACC-STUDENT-001,2025-12-28T09:31:00Z,192.99,NPR,DEBIT,COMPLETED,Bus Ticket,InDrive,Transport
3a55765c-43ad-404d-a2d8-9569f1225b9b,ACC-STUDENT-005,2025-12-24T18:15:00Z,-173.78,NPR,DEBIT,COMPLETED,Micro Fare,Local Taxi,Transport
98912c22-97b9-4c4d-a9c3-01285987a95c,ACC-STUDENT-005,2025-03-17T09:53:00Z,312.02,NPR,DEBIT,COMPLETED,Bus Ticket,Bus,transport
9208a9e5-2fe2-4bbf-86cd-9afc2e1661d2,ACC-STUDENT-003,2025-08-12T18:55:00Z,287.66,NPR,DEBIT,COMPLETED,Taxi Ride,Sajha Yatayat,Transport
9f53d970-3961-4d3a-8205-15fff52e08dc,ACC-STUDENT-004,2025-02-12T17:48:00Z,263.7,NPR,DEBIT,COMPLETED,Daily Commute,Local Taxi,Transport
8726c52b-fd6d-405b-8bfb-3fdea01acd02,ACC-STUDENT-002,2025-04-01T16:20:00Z,3417.46,NPR,DEBIT,COMPLETED,T-shirt,Miniso,Shopping
63213684-78b4-4617-9ce9-f2c0cded5e1b,ACC-STUDENT-004,2025-01-15T08:30:00Z,287.53,NPR,DEBIT,COMPLETED,Iced Coffee,Beans Cafe,Coffee
92aae1b9-8b16-4662-917d-faa37d1ddcc1,ACC-STUDENT-003,2025-11-29T20:51:00Z,749.08,NPR,DEBIT,COMPLETED,Snacks,Canteen,Food
514a5396-0040-4647-8815-274e9574a9cd,ACC-STUDENT-004,2025-05-22T09:12:00Z,472.77,NPR,DEBIT,COMPLETED,Daily Commute,Bus,Transport
99a30ce8-6d7d-4082-80e0-f9a104eac731,ACC-STUDENT-002,2025-01-24T13:59:00Z,424.86,NPR,DEBIT,COMPLETED,,Canteen,Food
2717a804-a0e6-458e-9e9c-0ba4ddbbbf29,ACC-STUDENT-003,2025-04-16T13:46:00Z,197.74,NPR,DEBIT,COMPLETED,Breakfast,Restaurant,Food
e44d4ca6-ca79-4537-b107-693636fd7c40,ACC-STUDENT-001,2025-05-20T16:20:00Z,2118.71,NPR,DEBIT,COMPLETED,Gift for Mom,Bhatbhateni Fashion,Shopping
8d68c2bc-a3d3-4f50-ad99-11c8aaf9c3c0,ACC-STUDENT-001,2025-11-19T16:20:00Z,1993.64,NPR,DEBIT,COMPLETED,T-shirt,Clothing Shop,Shopping
306003e4-1e15-4b82-a010-a05f033b8d82,ACC-STUDENT-003,2025-01-24T14:30:00Z,4032.27,NPR,CREDIT,COMPLETED,Tutoring fee,Family Transfer,Income
492b01bb-c157-42c7-9374-e54b993e1ab9,ACC-STUDENT-004,2025-07-27T13:29:00Z,422.99,NPR,DEBIT,COMPLETED,Snacks,Restaurant,food
ae344677-ace7-46bd-96a5-5aa667fb9165,ACC-STUDENT-001,2025-07-18T08:30:00Z,197.02,NPR,DEBIT,COMPLETED,Iced Coffee,Coffee Point,Coffee
9e6ae393-48ba-4883-9e2a-f05de2f237fc,ACC-STUDENT-002,2025-03-24T20:11:00Z,308.05,NPR,DEBIT,COMPLETED,Breakfast,Canteen,Food
59551a87-0ab5-40f0-9638-abe6ecb26f17,ACC-STUDENT-004,2025-11-16T20:34:00Z,366.5,NPR,DEBIT,COMPLETED,,Local Eatery,Food
e2eb6ec3-c627-4775-bcbd-7ccdf5fcc7d5,ACC-STUDENT-005,2025-06-16T19:42:00Z,308.34,NPR,DEBIT,COMPLETED,Burger & Fries,Cafe,Food
e96a75a3-feee-4f21-bc06-1fbffb020b81,ACC-STUDENT-003,2025-03-24T18:10:00Z,451.35,NPR,DEBIT,COMPLETED,Ride Sharing,Local Taxi,Transport
3b90014d-eda6-4e49-806d-2b91ca3f57dc,ACC-STUDENT-003,2025/09/22,413.49,NPR,DEBIT,COMPLETED,Bus Ticket,Local Taxi,Transport
9182e0c0-f1da-4b01-a5d4-1cab006fc2d0,ACC-STUDENT-004,2025-08-29T09:54:00Z,383.08,NPR,DEBIT,COMPLETED,Ride Sharing,Pathao,Transport
9d40f206-9530-4c0b-bec4-a5ec368c8b55,ACC-STUDENT-001,2025-07-13T20:45:00Z,170.15,NPR,DEBIT,COMPLETED,Coke and Momo,Cafe,Food
555a8920-3fa9-4413-8e13-7509e645b7f9,ACC-STUDENT-001,2025-12-30T09:35:00Z,257.95,NPR,DEBIT,COMPLETED,Bus Ticket,Pathao,Transport
9b51b2a0-7a92-4fdb-a0cd-45001f1e42d8,ACC-STUDENT-004,2025-06-18T12:05:00Z,279.8,NPR,DEBIT,COMPLETED,Breakfast,Cafe,Food
7aba0dd2-05ac-4d6a-906d-c3abbf14cb79,ACC-STUDENT-001,2025-06-01T18:30:00Z,312.01,NPR,DEBIT,COMPLETED,Bus Ticket,InDrive,Transport
a32756de-2e56-4f7e-b9a4-6f4cd8d31370,ACC-STUDENT-002,2025-04-03T13:45:00Z,542.62,NPR,DEBIT,COMPLETED,Lunch,Boba Shop,Food
388421f0-a0b3-4977-87ca-4afb65fe27a0,ACC-STUDENT-002,2025-02-25T19:33:00Z,371.46,NPR,DEBIT,COMPLETED,Coke and Momo,Cafe,Food
c5872687-eccb-4cfd-8f11-482a7ab90a86,ACC-STUDENT-003,2025-05-16T08:30:00Z,289.33,NPR,DEBIT,COMPLETED,Americano,Local Tea Stall,Coffee
2769e431-8d3d-4357-aeca-d7b252349adf,ACC-STUDENT-004,2025-12-04T19:59:00Z,718.1,NPR,DEBIT,COMPLETED,Lunch,Burger House,Food
21c6c250-661c-44f2-ab19-4f5c476c980a,ACC-STUDENT-003,2025-07-21T17:01:00Z,Rs. 289.63,NPR,DEBIT,COMPLETED,Micro Fare,Sajha Yatayat,Transport
8b73d5f0-229a-4a5d-8a2d-4f83294d871f,ACC-STUDENT-003,2025-11-14T20:10:00Z,740.48,NPR,DEBIT,COMPLETED,Lunch,Canteen,Food
5178f608-5a1a-4ee9-aa17-b8e0cf54bffc,ACC-STUDENT-004,2025-03-24T14:30:00Z,3137.45,NPR,CREDIT,COMPLETED,Tutoring fee,Freelance Work,Income
52df5e26-ca49-47cf-9067-6ba109e43779,ACC-STUDENT-004,2025-07-27T12:00:00Z,3428.48,NPR,DEBIT,COMPLETED,Dairy Products,Local Grocery,Groceries
4969e42d-0eed-49a0-92ac-ff2e59970f71,ACC-STUDENT-003,2025-07-07T19:17:00Z,313.28,NPR,DEBIT,COMPLETED,Burger & Fries,Bakery,Food
87fc65d7-2123-4a51-a2ab-b0e966f37ef5,ACC-STUDENT-001,2025-11-11T13:20:00Z,280.36,NPR,DEBIT,COMPLETED,Dinner,Restaurant,Food
41c7e5b8-1729-45ba-a044-d240510e268e,ACC-STUDENT-003,2025-01-22T17:08:00Z,375.49,NPR,DEBIT,COMPLETED,Ride Sharing,Pathao,Transport
241445bf-076d-4231-aeb1-46b4ab22e55b,ACC-STUDENT-002,2025-04-24T08:30:00Z,176.95,NPR,DEBIT,COMPLETED,Cappuccino,Himalayan Java,Coffee
2dc88d81-7774-4014-9983-f24a920e50f5,ACC-STUDENT-002,2025-11-24T09:52:00Z,366.95,NPR,DEBIT,COMPLETED,Ride Sharing,Microbus,Transport
b6ce4fa3-bff5-46d6-ab9b-1f18169bafae,ACC-STUDENT-005,2025-04-17T20:29:00Z,533.02,NPR,DEBIT,COMPLETED,Coke and Momo,Boba Shop,Food
d31bd4c0-6c45-410f-ae20-53d3f79ce745,ACC-STUDENT-003,2025-05-31T12:00:00Z,2381.5,NPR,DEBIT,COMPLETED,Weekly Groceries,Bhatbhateni,Groceries
7adf5fc1-f049-4c71-8c80-79d901526ae3,ACC-STUDENT-004,2025-02-03T19:52:00Z,497.76,NPR,DEBIT,COMPLETED,Meals,Boba Shop,Food
34667963-60bf-46c9-9533-925aecc25535,ACC-STUDENT-005,2025-07-20T09:59:00Z,410.15,NPR,DEBIT,COMPLETED,Taxi Ride,Pathao,TRANSPORT
592c5f7f-6bd9-4158-b42c-cbe72a5bb9cf,ACC-STUDENT-005,2025-10-27T09:36:00Z,354.5,NPR,DEBIT,COMPLETED,Micro Fare,Pathao,Transport
05706297-b35a-471a-b916-75cd70f7c7b7,ACC-STUDENT-004,2025-08-11T12:04:00Z,430.8,NPR,DEBIT,COMPLETED,Lunch,Local Eatery,Food
6b0e6b70-5353-408c-aa3f-bef15bd14370,ACC-STUDENT-005,2025-01-15T18:54:00Z,475.29,NPR,DEBIT,COMPLETED,Daily Commute,Microbus,Transport
5cc1ce0f-e71f-48a0-8234-d8063c8b64ab,ACC-STUDENT-002,2025-02-11T09:32:00Z,98.43,NPR,DEBIT,COMPLETED,Micro Fare,Sajha Yatayat,Transport
e2053695-213a-4b48-a489-ecedc9a74d72,ACC-STUDENT-002,2025-06-14T12:00:00Z,3974.77,NPR,DEBIT,COMPLETED,Weekly Groceries,Fresh Vegetable Vendor,Groceries
cdcb60e7-8703-41cf-b14e-6d778fb5fb42,ACC-STUDENT-002,2025-06-02T12:55:00Z,183.12,NPR,DEBIT,COMPLETED,Snacks,Local Eatery,Food
2019446b-d9ba-4c1c-ac50-ad2495c25742,ACC-STUDENT-004,2025-01-29T13:19:00Z,493.73,NPR,DEBIT,COMPLETED,Lunch,Burger House,Food
49f6d198-75fc-4590-908e-dfc8972c551a,ACC-STUDENT-002,2025-03-02T10:00:00Z,13808.19,NPR,DEBIT,COMPLETED,House Rent,Rent House Ltd,Utilities
98cd42fb-8640-4307-8a03-bc954c47a895,ACC-STUDENT-001,2025-01-24T08:30:00Z,124.23,NPR,DEBIT,COMPLETED,,Beans Cafe,Coffee
a09f4006-9af1-4079-b091-a62c47359329,ACC-STUDENT-001,2025-05-22T13:06:00Z,746.73,NPR,DEBIT,COMPLETED,Burger & Fries,Cafe,FOOD
24e653d5-f493-4da1-8ec5-e50e832ca9b1,ACC-STUDENT-002,2025-11-06T12:06:00Z,407.24,NPR,DEBIT,COMPLETED,,Canteen,Food
e9ef9ff1-5595-4f8b-9d76-d8bdf5b59264,ACC-STUDENT-003,2025-11-06 19:15:00,433.78,NPR,DEBIT,COMPLETED,Burger & Fries,Bakery,Food
312a3c7c-e698-45a4-a16f-c56cabe3eab9,ACC-STUDENT-003,2025-06-23T09:59:00Z,109.7,NPR,DEBIT,COMPLETED,Taxi Ride,Local Taxi,Transport
05edf540-f9b3-4b10-ab76-fbd63ebaf378,ACC-STUDENT-001,2026-01-08T12:48:00Z,790.0,NPR,DEBIT,COMPLETED,Meals,Bakery,Food
c8406f0e-4a7c-4a0f-ac6c-92c2d5411a78,ACC-STUDENT-004,2025-10-07T12:28:00Z,252.66,NPR,DEBIT,COMPLETED,Snacks,Restaurant,Food
fcb97410-fce7-4e00-9c89-62aca9590214,ACC-STUDENT-004,2025-06-17T20:02:00Z,478.63,NPR,DEBIT,COMPLETED,Burger & Fries,Local Eatery,Food
8c530f48-6283-4a07-960a-44c563608ed5,ACC-STUDENT-003,2025-08-29T12:28:00Z,326.07,NPR,DEBIT,COMPLETED,Burger & Fries,Boba Shop,Food
c9b3f426-84dd-4936-93ed-1da11c246099,ACC-STUDENT-002,2025-09-05T12:29:00Z,0.0,NPR,DEBIT,COMPLETED,Dinner,Bakery,Food
993a1927-7a46-4465-ad23-fc99869f99f3,ACC-STUDENT-003,2025-01-23T18:56:00Z,120.52,NPR,DEBIT,COMPLETED,Micro Fare,InDrive,Transport
66a88e8a-4446-47d3-b83e-025e28a684c9,ACC-STUDENT-004,2025-02-14T18:13:00Z,121.8,NPR,DEBIT,COMPLETED,Taxi Ride,Pathao,Transport
97cdd8df-716b-4bdd-8ce2-369ba8007fce,ACC-STUDENT-005,2025-11-27T17:37:00Z,0.0,NPR,DEBIT,COMPLETED,Ride Sharing,Microbus,Transport
2711b3b2-a842-43cd-bb2c-9866fd460d58,ACC-STUDENT-002,2025-05-01T09:00:00Z,32613.64,NPR,CREDIT,COMPLETED,Monthly Allowance,Family Transfer,Income
5160c411-a642-4651-a9fc-a0e713729bd6,ACC-STUDENT-004,2025-09-12T18:15:00Z,305.46,NPR,DEBIT,COMPLETED,Taxi Ride,Microbus,Transport
9d93d13f-b6be-43a0-8c92-214dd51f38ff,ACC-STUDENT-002,2025-05-03T12:00:00Z,3475.02,NPR,DEBIT,COMPLETED,Weekly Groceries,Local Grocery,Groceries
ebb90d5a-81fe-4315-9837-14fc51ac2dd9,ACC-STUDENT-004,2025-10-01T08:30:00Z,204.78,NPR,DEBIT,COMPLETED,Iced Coffee,Coffee Point,Coffee
1bda2c27-7d27-4590-8e6f-4c8c24fc33fc,ACC-STUDENT-005,2025-01-24T08:30:00Z,185.88,NPR,DEBIT,COMPLETED,Iced Coffee,Beans Cafe,coffee
e9e74f1b-7c84-4640-ac76-51921f4f4728,ACC-STUDENT-003,2025-10-31T20:14:00Z,605.28,NPR,DEBIT,COMPLETED,Lunch,Canteen,Food
10402a66-3625-4226-969f-fbe1dff1bb95,ACC-STUDENT-001,2025-04-30T17:07:00Z,308.06,NPR,DEBIT,COMPLETED,Bus Ticket,Sajha Yatayat,Transport
0d62f1d5-6b57-44c3-9b2c-b2b4905a628a,ACC-STUDENT-004,2025-12-02T09:44:00Z,414.04,NPR,DEBIT,COMPLETED,Micro Fare,Microbus,Transport
516b0088-2eb4-4d60-90ed-36162805a37d,ACC-STUDENT-001,2025-02-24T20:28:00Z,740.53,NPR,DEBIT,COMPLETED,Dinner,Boba Shop,Food
dc57bdde-1e22-49d2-bcab-1b11cfca8aeb,ACC-STUDENT-004,2025-06-08T17:31:00Z,138.4,NPR,DEBIT,COMPLETED,Ride Sharing,Bus,Transport
cec1f512-2436-48bb-a26c-776d559a6e84,ACC-STUDENT-005,2025-09-24T08:30:00Z,222.26,NPR,DEBIT,COMPLETED,,Coffee Point,Coffee
ae3ecd24-35fc-41a2-9d0e-59e536e3fcd8,ACC-STUDENT-005,2025-03-12T20:40:00Z,605.33,NPR,DEBIT,COMPLETED,Snacks,Cafe,FOOD
48a8522a-5ac2-431e-bead-4d4597d7c447,ACC-STUDENT-001,2025-08-06T12:49:00Z,482.61,NPR,DEBIT,COMPLETED,Coke and Momo,Burger House,Food
8709eaec-3783-4cb9-a1e4-045b344d393a,ACC-STUDENT-003,2025-06-26T08:30:00Z,168.85,NPR,DEBIT,COMPLETED,Americano,Red Mug Cafe,Coffee
96d0c684-d7dd-443c-95bf-be7eb05b521b,ACC-STUDENT-003,2025-10-23T09:51:00Z,279.08,NPR,DEBIT,COMPLETED,Taxi Ride,Local Taxi,Transport
249b694f-f7dd-4149-91a8-7d9b4882aa74,ACC-STUDENT-004,2025-06-12T19:22:00Z,504.0,NPR,DEBIT,COMPLETED,Meals,Burger House,Food
68412104-cf03-4b38-8af6-182985c2e82c,ACC-STUDENT-004,2025-08-07T19:02:00Z,352.27,NPR,DEBIT,COMPLETED,,Local Eatery,Food
1ac0815e-f8e8-4a69-ac23-1a70cb6a4a3b,ACC-STUDENT-001,2025-05-09T09:59:00Z,262.43,NPR,DEBIT,COMPLETED,Taxi Ride,Sajha Yatayat,Transport
1347faa9-2594-43c8-a5da-df8752b1a957,ACC-STUDENT-001,2025-01-20T08:30:00Z,280.18,NPR,DEBIT,COMPLETED,Cappuccino,Beans Cafe,COFFEE
7f0acb3a-d518-41f4-9772-816713b9735e,ACC-STUDENT-001,2025-10-23T19:28:00Z,502.45,NPR,DEBIT,COMPLETED,Lunch,Burger House,Food
2b3f42e9-b2f4-4ca3-80d0-00ddcef8b709,ACC-STUDENT-002,2025-11-21T08:30:00Z,240.32,NPR,DEBIT,COMPLETED,,Local Tea Stall,Coffee
a585ac82-6ee8-4abe-8492-bc88d6f17b90,ACC-STUDENT-002,2025-12-30T17:26:00Z,300.35,NPR,DEBIT,COMPLETED,Bus Ticket,Pathao,Transport
79fc6487-ae30-4e61-a4cf-3c55d2d9739e,ACC-STUDENT-002,2025-11-15T20:30:00Z,552.0,NPR,DEBIT,COMPLETED,Lunch,Restaurant,Food
70bbd868-865d-4269-b81d-ca3690ebea59,ACC-STUDENT-005,2025-02-05T08:30:00Z,147.56,NPR,DEBIT,COMPLETED,Iced Coffee,,Coffee
3bb773bd-6002-4555-9821-bc81f3f50429,ACC-STUDENT-001,2025-01-26 09:24:00,169.34,NPR,DEBIT,COMPLETED,Micro Fare,Local Taxi,Transport
ecb8c59b-0292-4b73-baf3-b4201bfe78e1,ACC-STUDENT-003,2025-03-18T13:22:00Z,782.02,NPR,DEBIT,COMPLETED,Lunch,Boba Shop,Food
b24a9b18-768b-41fa-ac6c-565ef161f528,ACC-STUDENT-003,2025-08-18T08:30:00Z,128.48,NPR,DEBIT,COMPLETED,Cappuccino,Local Tea Stall,Coffee
e8116a58-4352-477b-869c-0782e37c9de5,ACC-STUDENT-003,2025-05-12T08:30:00Z,124.71,NPR,DEBIT,COMPLETED,Cappuccino,Beans Cafe,Coffee
af9e991d-1b2c-4458-b765-8196b7772a68,ACC-STUDENT-003,2025-08-16T12:00:00Z,-3439.75,NPR,DEBIT,COMPLETED,Dairy Products,Local Grocery,Groceries
e21e8ca4-7dcc-440d-9d11-e5bbde22b4e7,ACC-STUDENT-004,2025-06-02T12:20:00Z,280.09,NPR,DEBIT,COMPLETED,Burger & Fries,Burger House,Food
558de985-94f2-4a0e-9654-2bdb1df9bf72,ACC-STUDENT-001,2025-01-16T19:22:00Z,286.18,NPR,DEBIT,COMPLETED,Dinner,Burger House,Food
01a4464e-e571-4f8d-85c8-c8ce541cd8d9,ACC-STUDENT-001,2025-12-09T08:30:00Z,101.59,NPR,DEBIT,COMPLETED,Latte,Himalayan Java,Coffee
39933f97-53f2-4651-8c91-94b740daff42,ACC-STUDENT-002,2025-07-15T08:00:00Z,493.1,NPR,DEBIT,COMPLETED,Spotify Premium,Spotify,Entertainment
02452baa-c333-4fc4-8610-27b0ceb631b7,ACC-STUDENT-002,2025-12-16T18:09:00Z,293.37,NPR,DEBIT,COMPLETED,Bus Ticket,,Transport
e4481e6d-b1a2-41b8-8ed0-1cfdaef72b4c,ACC-STUDENT-003,2025-03-27T12:31:00Z,433.59,NPR,DEBIT,COMPLETED,Snacks,Bakery,Food
3de5f74e-5b2b-45b3-a710-5d739d7ad4ec,ACC-STUDENT-003,2026-01-04T09:29:00Z,381.73,NPR,DEBIT,COMPLETED,Daily Commute,InDrive,Transport
fc1aeedd-5297-45d7-b6a9-b26fe8434221,ACC-STUDENT-001,2025-10-30T19:20:00Z,599.62,NPR,DEBIT,COMPLETED,Coke and Momo,Boba Shop,Food
89774d61-ed2a-4bb1-9945-f92ea192c92b,ACC-STUDENT-003,2025-12-31T17:26:00Z,59.42,NPR,DEBIT,COMPLETED,Ride Sharing,Microbus,Transport
2286ecec-8acf-4dc8-9dbc-496cdecbe896,ACC-STUDENT-003,2025-04-30T12:31:00Z,350.45,NPR,DEBIT,COMPLETED,Dinner,,Food
e09e4b69-70e2-4c3c-94bd-d57b98438d0d,ACC-STUDENT-001,2025-10-10T13:35:00Z,411.01,NPR,DEBIT,COMPLETED,Dinner,Burger House,Food
5f71e101-af6b-480d-b99b-0849076721bb,ACC-STUDENT-003,2025-04-03T19:25:00Z,308.92,NPR,DEBIT,COMPLETED,Meals,Cafe,Food
afbc9591-f6e5-4f6a-868b-9e70d189d05e,ACC-STUDENT-003,2025-05-09T08:30:00Z,100.76,NPR,DEBIT,COMPLETED,Iced Coffee,Red Mug Cafe,Coffee
6726f7ca-9fad-4e38-9378-9520dbd3d2ed,ACC-STUDENT-003,2025-08-08T09:23:00Z,249.27,NPR,DEBIT,COMPLETED,Taxi Ride,Local Taxi,Transport
3f3a442b-e818-4766-8a31-2205dded2754,ACC-STUDENT-004,2025-08-01T20:47:00Z,286.59,NPR,DEBIT,COMPLETED,Burger & Fries,Canteen,Food
7978692a-161c-4f4f-b318-43e8d08b0519,ACC-STUDENT-001,2025-08-11T17:47:00Z,344.02,NPR,DEBIT,COMPLETED,Daily Commute,Sajha Yatayat,Transport
c99f4d1c-1a03-4405-958f-7cc5ed784dc7,ACC-STUDENT-004,2025-06-02T18:05:00Z,119.64,NPR,DEBIT,COMPLETED,Ride Sharing,Sajha Yatayat,Transport
d274551a-fa74-40d7-89d7-754e8c0cd70b,ACC-STUDENT-002,2025-02-20T08:30:00Z,185.08,NPR,DEBIT,COMPLETED,Chiya,Himalayan Java,Coffee
de79fa59-610d-4b83-9e5b-b3916b05ec9c,ACC-STUDENT-003,2025-03-31T12:20:00Z,706.01,NPR,DEBIT,COMPLETED,Breakfast,Restaurant,Food
4c703246-73c6-475c-af05-7bc199de6015,ACC-STUDENT-004,2025-02-06T20:18:00Z,309.96,NPR,DEBIT,COMPLETED,Coke and Momo,Local Eatery,Food
b67c5c86-5e5e-417a-8ea6-ebf25b724c7a,ACC-STUDENT-001,2025-09-29T20:15:00Z,256.13,NPR,DEBIT,COMPLETED,Coke and Momo,Burger House,Food
7f494a59-0c16-4798-ac15-44d81131f5d2,ACC-STUDENT-005,2025-04-03T20:24:00Z,243.85,NPR,DEBIT,COMPLETED,,Restaurant,Food
c773ac60-5c8c-4611-8788-bfbe03c2f79b,ACC-STUDENT-004,2025-03-09T18:30:00Z,1158.38,NPR,DEBIT,COMPLETED,Popcorn & Soda,Fuzz Factory,Entertainment
7d6c3b79-e274-4395-8116-c70a4c7d4289,ACC-STUDENT-005,2025-09-09T08:30:00Z,173.96,NPR,DEBIT,COMPLETED,Latte,Himalayan Java,Coffee
fe4205f0-3bed-4724-8d6f-7f6c544590cc,ACC-STUDENT-004,2025-12-25T17:27:00Z,266.96,NPR,DEBIT,COMPLETED,Daily Commute,Bus,Transport
df355c8c-8144-4126-8c71-3a79c2b9cade,ACC-STUDENT-003,2025-03-02T13:52:00Z,664.98,NPR,DEBIT,COMPLETED,Breakfast,Burger House,Food
38575ea3-2078-4690-95cf-6a6fdcd80950,ACC-STUDENT-002,2025-04-14T08:30:00Z,258.7,NPR,DEBIT,COMPLETED,Cappuccino,Himalayan Java,Coffee
3638c12c-8bbb-4857-91e6-e2457ea795ef,ACC-STUDENT-005,2025-01-16T17:20:00Z,188.84,NPR,DEBIT,COMPLETED,Daily Commute,Bus,Transport
6beaa93c-2d6b-4b45-bacc-696755bc0f21,ACC-STUDENT-001,2025/09/04,343.17,NPR,DEBIT,COMPLETED,Latte,Coffee Point,Coffee
02664050-e4df-4f8a-8e0b-45c413edbe5b,ACC-STUDENT-002,2025-01-31T17:47:00Z,272.38,NPR,DEBIT,COMPLETED,,Sajha Yatayat,Transport
1be4d2e4-accc-4494-b3f1-2a43a126757f,ACC-STUDENT-003,2025-11-24T08:30:00Z,207.03,NPR,DEBIT,COMPLETED,Chiya,Himalayan Java,Coffee
250f1261-f955-4b2d-900b-06b72bf72cd5,ACC-STUDENT-005,2025-07-26T12:53:00Z,422.01,NPR,DEBIT,COMPLETED,Meals,Bakery,Food
f04dab3e-e2bc-46b8-b59e-027c79317547,ACC-STUDENT-001,2025-09-11T12:47:00Z,299.35,NPR,DEBIT,COMPLETED,Breakfast,Burger House,Food
451c92b0-51b4-407b-af82-32f3b504b8b6,ACC-STUDENT-001,2025-10-22T19:51:00Z,190.31,NPR,DEBIT,COMPLETED,Dinner,Bakery,FOOD
66108ae9-37d2-4ea6-8729-5965be36cecc,ACC-STUDENT-004,2025-10-12T12:18:00Z,365.47,NPR,DEBIT,COMPLETED,Dinner,Bakery,Food
3141142b-2af2-407c-ada5-9b154a77bcc9,ACC-STUDENT-004,2025-03-15T08:00:00Z,451.57,NPR,DEBIT,COMPLETED,Spotify Premium,Spotify,Entertainment
8723e70a-63e8-41e2-9ba4-f1cc6013d00f,ACC-STUDENT-002,2025-04-17T18:59:00Z,487.57,NPR,DEBIT,COMPLETED,Ride Sharing,Local Taxi,Transport
5b8c3fd9-2491-40ab-a0f8-08ddc3b173db,ACC-STUDENT-002,2025-04-25T09:07:00Z,396.94,NPR,DEBIT,COMPLETED,Micro Fare,Sajha Yatayat,Transport
534a9c68-a394-45d8-a722-46aa85ee504d,ACC-STUDENT-003,2025-06-22T18:30:00Z,859.01,NPR,DEBIT,COMPLETED,Spotify Premium,One Cinemas,Entertainment
1d643b40-4a0d-4c28-92d4-d72f5782b713,ACC-STUDENT-004,2025-11-17T17:17:00Z,143.81,NPR,DEBIT,COMPLETED,Ride Sharing,Sajha Yatayat,Transport
e047d03b-836a-42b3-8606-75ffb2e28d7e,ACC-STUDENT-002,2025-01-25T12:00:00Z,1934.73,NPR,DEBIT,COMPLETED,Monthly Supplies,Saleways,Groceries
c6bc8a9b-beee-4731-a0c7-eb7ce6f6bbbe,ACC-STUDENT-004,2025-12-25T08:30:00Z,203.83,NPR,DEBIT,COMPLETED,Americano,Red Mug Cafe,Coffee
371284a0-66f8-47fe-b7c1-ba6140b61b1e,ACC-STUDENT-003,2025-07-08T09:34:00Z,392.67,NPR,DEBIT,COMPLETED,Micro Fare,Pathao,Transport
dce17dcb-4478-410f-9657-5c1be494c9ce,ACC-STUDENT-004,2025-10-20T12:19:00Z,414.42,NPR,DEBIT,COMPLETED,Lunch,,Food
7b1a802d-0d79-4e36-87e5-460e26061bb3,ACC-STUDENT-004,2025-12-03T08:30:00Z,325.32,NPR,DEBIT,COMPLETED,Iced Coffee,Beans Cafe,Coffee
cea28294-f3a4-4d63-b64c-87b22abc0159,ACC-STUDENT-003,2025-07-09T19:33:00Z,545.16,NPR,DEBIT,COMPLETED,Coke and Momo,Restaurant,Food
a6c7426d-0608-4a6f-bcc0-15a166ac1bca,ACC-STUDENT-005,2025-03-05T08:30:00Z,152.42,NPR,DEBIT,COMPLETED,Iced Coffee,Coffee Point,Coffee
d1ce86bf-e163-4272-8744-118408060632,ACC-STUDENT-001,2025-08-03T12:24:00Z,719.75,NPR,DEBIT,COMPLETED,Dinner,Boba Shop,Food
f8e581d8-57da-49a9-994a-b2b319432e55,ACC-STUDENT-005,2025-05-21T20:09:00Z,560.98,NPR,DEBIT,COMPLETED,Snacks,Cafe,Food
d0a61b04-f560-449b-84c5-8e61ca1449a8,ACC-STUDENT-003,2025-07-26T12:00:00Z,2060.38,NPR,DEBIT,COMPLETED,Vegetables & Fruits,Local Grocery,Groceries
bb5542b4-db6d-48b2-b498-daf04cb6b441,ACC-STUDENT-003,2025-11-11T12:44:00Z,493.87,NPR,DEBIT,COMPLETED,Breakfast,Restaurant,Food
7f3601a8-c4ac-4adb-a20a-ad1b71369e3c,ACC-STUDENT-002,2025-11-20T20:00:00Z,313.64,NPR,DEBIT,COMPLETED,Snacks,Local Eatery,Food
0cdc14d7-ed0d-4fd9-920a-948834ce620e,ACC-STUDENT-002,2025-01-19T19:39:00Z,484.99,NPR,DEBIT,COMPLETED,Coke and Momo,Boba Shop,Food
4fc84d86-19e5-4064-8447-5bc4f71189a2,ACC-STUDENT-005,2025-09-22T20:11:00Z,242.39,NPR,DEBIT,COMPLETED,Breakfast,Restaurant,Food
90787f67-9eac-4c02-ad33-e01b4afa31e5,ACC-STUDENT-005,2025-06-23T13:08:00Z,792.09,NPR,DEBIT,COMPLETED,Breakfast,Local Eatery,Food
85d12d55-39e2-4a7e-918a-81e9b18cb00b,ACC-STUDENT-004,2025-06-16T08:30:00Z,197.94,NPR,DEBIT,COMPLETED,Latte,Coffee Point,Coffee
38bbe13e-cedf-49ba-b204-7231fa3f3286,ACC-STUDENT-005,2025-04-05T12:00:00Z,1749.94,NPR,DEBIT,COMPLETED,Weekly Groceries,Saleways,Groceries
d258cf90-7820-4afb-8bc9-65b8dcd65ff3,ACC-STUDENT-001,2025-10-18T12:00:00Z,3809.04,NPR,DEBIT,COMPLETED,Vegetables & Fruits,Saleways,Groceries
40838d78-1fd9-4480-8b78-83c9683628a9,ACC-STUDENT-005,2025-08-10T19:01:00Z,622.23,NPR,DEBIT,COMPLETED,Meals,Restaurant,Food
8c5b4ed4-5cac-40f2-b5ef-bace0a9f7913,ACC-STUDENT-005,2025-05-16T17:26:00Z,160.71,NPR,DEBIT,COMPLETED,Micro Fare,Bus,Transport
4e63028a-c73a-42c6-8a80-9a9485381de9,ACC-STUDENT-005,2025-03-24T08:30:00Z,104.82,NPR,DEBIT,COMPLETED,Iced Coffee,Beans Cafe,Coffee
df2ef09d-4a97-4421-8b50-db75b9aefa92,ACC-STUDENT-004,2025-02-26T08:30:00Z,289.36,NPR,DEBIT,COMPLETED,Chiya,Coffee Point,Coffee
01b6ef65-62d7-4790-9991-7e75b2232d35,ACC-STUDENT-003,2025-09-17T09:56:00Z,304.96,NPR,DEBIT,COMPLETED,Ride Sharing,InDrive,Transport
94d7e744-ffbc-4d08-99f3-b24d802f4625,ACC-STUDENT-002,2025-12-09T18:24:00Z,393.13,NPR,DEBIT,COMPLETED,Bus Ticket,Pathao,Transport
3211f872-b96c-4017-b992-f84301d348bd,ACC-STUDENT-003,2026-01-07T12:45:00Z,684.24,NPR,DEBIT,COMPLETED,Lunch,Burger House,Food
10a7ffd5-a4be-4e26-956e-376047bb3145,ACC-STUDENT-001,2025-12-14T18:10:00Z,405.3,NPR,DEBIT,COMPLETED,Bus Ticket,Pathao,Transport
1bd4be94-4f12-4be1-b016-76781fd4cf6f,ACC-STUDENT-004,2025-04-02T09:30:00Z,Rs. 349.06,NPR,DEBIT,COMPLETED,Daily Commute,Pathao,Transport
b700a1bf-da0a-4b61-a1f9-18233e4dd5ad,ACC-STUDENT-002,2025-03-14T08:30:00Z,250.33,NPR,DEBIT,COMPLETED,Iced Coffee,Red Mug Cafe,Coffee
49e65fcd-e27c-4092-be48-686bbd340d2a,ACC-STUDENT-002,2025/06/02,491.06,NPR,DEBIT,COMPLETED,Ride Sharing,Local Taxi,Transport
8f0dafc7-f19e-4406-a14f-714ff9664729,ACC-STUDENT-001,2025-10-26T19:11:00Z,703.88,NPR,DEBIT,COMPLETED,Snacks,Bakery,Food
2abb1c14-fc63-41e8-b1c1-18e49400bbcc,ACC-STUDENT-001,2025/02/20,160.08,NPR,DEBIT,COMPLETED,Iced Coffee,Local Tea Stall,Coffee
5e872279-ce1d-4fdd-80b1-d43595e6ff6e,ACC-STUDENT-002,2025-01-31T08:30:00Z,122.27,NPR,DEBIT,COMPLETED,Chiya,Red Mug Cafe,Coffee
4ae4bdbf-0f49-4bab-bf6c-c66617a8e7aa,ACC-STUDENT-005,2025-10-02T17:59:00Z,306.69,NPR,DEBIT,COMPLETED,Bus Ticket,Local Taxi,Transport
994db861-8e99-484f-82e2-59cd6bae4d4b,ACC-STUDENT-004,2025-06-25T09:08:00Z,438.37,NPR,DEBIT,COMPLETED,Micro Fare,Local Taxi,Transport
b7f4d120-e369-4962-bd0b-10e412d5ca62,ACC-STUDENT-001,2025-09-22T12:44:00Z,256.17,NPR,DEBIT,COMPLETED,Lunch,Boba Shop,Food
7b0df277-18e5-4ec3-83e9-7d7550af0fa5,ACC-STUDENT-003,2025-03-08T20:06:00Z,156.69,NPR,DEBIT,COMPLETED,Lunch,Local Eatery,Food
56ecdc29-51f1-4eac-88f0-91bb32643660,ACC-STUDENT-005,2025-04-12T12:00:00Z,4362.51,NPR,DEBIT,COMPLETED,Dairy Products,Local Grocery,Groceries
4d723820-4c90-40c3-b473-332daf54da5e,ACC-STUDENT-004,2025-06-03T12:50:00Z,348.22,NPR,DEBIT,COMPLETED,Coke and Momo,Burger House,Food
8bd6ff68-b9d1-4ad2-a97a-3f588404cce4,ACC-STUDENT-005,2025-11-02T18:56:00Z,75.63,NPR,DEBIT,COMPLETED,Taxi Ride,Pathao,Transport
3967066e-5d51-4412-b51a-961e0f3d7544,ACC-STUDENT-005,2025-05-13T13:45:00Z,682.31,NPR,DEBIT,COMPLETED,Lunch,Canteen,Food
2144be4d-949f-4245-b8e6-ce6a23228d08,ACC-STUDENT-003,2025-07-14T20:00:00Z,326.59,NPR,DEBIT,COMPLETED,Lunch,Cafe,Food
6395f833-30d5-4511-a212-2bd14b380392,ACC-STUDENT-001,2025-12-17T17:29:00Z,397.33,NPR,DEBIT,COMPLETED,Micro Fare,Pathao,Transport
300a08e6-ff78-4ac0-86a3-6857a746021e,ACC-STUDENT-003,2026-01-05T17:48:00Z,333.12,NPR,DEBIT,COMPLETED,Taxi Ride,InDrive,Transport
6f36f3a4-1cc1-419f-bac1-c35877c5e9e9,ACC-STUDENT-005,2025-07-24T09:37:00Z,159.36,NPR,DEBIT,COMPLETED,Taxi Ride,Local Taxi,Transport
e92803b2-d0ea-4a3d-b2f4-871f4f919f58,ACC-STUDENT-004,2025-03-03T12:33:00Z,488.71,NPR,DEBIT,COMPLETED,Breakfast,Boba Shop,Food
3515ac79-4ef4-4185-a493-55327ba1a27a,ACC-STUDENT-005,2025-05-09T12:36:00Z,174.66,NPR,DEBIT,COMPLETED,Coke and Momo,Canteen,Food
d3a5e8d4-cdac-4fb5-a2bf-617772239df3,ACC-STUDENT-001,2025-12-27T09:38:00Z,338.59,NPR,DEBIT,COMPLETED,Bus Ticket,InDrive,Transport
d8e6225d-83cc-46d6-a5c6-20a242e04d76,ACC-STUDENT-002,2025-10-17T17:22:00Z,310.41,NPR,DEBIT,COMPLETED,Taxi Ride,Microbus,Transport
eb767f9d-e517-4986-a62e-3c2c2c04c224,ACC-STUDENT-003,2025-02-21T08:30:00Z,171.35,NPR,DEBIT,COMPLETED,Americano,Local Tea Stall,Coffee
54a01c91-8000-4c65-9ab8-f7fab61ce387,ACC-STUDENT-001,2025-04-01T18:05:00Z,189.31,NPR,DEBIT,COMPLETED,Micro Fare,Microbus,Transport
fdc5b2b1-886a-44ed-9f59-7cebacbca3cf,ACC-STUDENT-001,2025-11-02T10:00:00Z,10960.8,NPR,DEBIT,COMPLETED,House Rent,Rent House Ltd,UTILITIES
0043b197-673e-4eb1-9fef-1251956a7d92,ACC-STUDENT-001,2025-12-23T18:59:00Z,122.36,NPR,DEBIT,COMPLETED,Bus Ticket,Local Taxi,Transport
4f9f2fb3-265c-46cb-ad32-14be9e2790c9,ACC-STUDENT-001,2025-10-24T13:20:00Z,695.69,NPR,DEBIT,COMPLETED,Lunch,Burger House,Food
ac67e20d-acdb-46e5-b142-86eb044222f8,ACC-STUDENT-003,2025-12-25T18:01:00Z,340.84,NPR,DEBIT,COMPLETED,Bus Ticket,Local Taxi,Transport
8ba9b7ea-d787-4dd6-ba8a-72e76cfbc987,ACC-STUDENT-002,2025-12-26T09:21:00Z,208.31,NPR,DEBIT,COMPLETED,Bus Ticket,Microbus,Transport
0304ece8-c793-4b8f-a67d-ffc288bfcecf,ACC-STUDENT-004,2025-05-05T08:30:00Z,202.59,NPR,DEBIT,COMPLETED,Americano,Coffee Point,Coffee
1efffa42-9754-476b-846a-5672adf7d80a,ACC-STUDENT-001,2025-11-07T08:30:00Z,256.8,NPR,DEBIT,COMPLETED,Cappuccino,Beans Cafe,Coffee
e6b1b122-9502-42f6-954f-674560c43e31,ACC-STUDENT-004,2025-10-09T09:36:00Z,157.71,NPR,DEBIT,COMPLETED,Ride Sharing,Pathao,Transport
07e68722-f643-451b-b5cf-c5cde2199988,ACC-STUDENT-001,2025-04-03T09:10:00Z,131.38,NPR,DEBIT,COMPLETED,Bus Ticket,Pathao,Transport
dd1967ac-76c5-4ab3-8361-2a1b39ce520a,ACC-STUDENT-001,2025-11-03T12:49:00Z,344.54,NPR,DEBIT,COMPLETED,Dinner,Bakery,Food
fe6f2f92-0554-4e52-94ed-dff9401c4c53,ACC-STUDENT-002,2025-01-15T18:04:00Z,441.02,NPR,DEBIT,COMPLETED,Daily Commute,Local Taxi,Transport
464d87d1-ffae-45dc-b6f3-8936d244cb40,ACC-STUDENT-001,2025-10-13T09:02:00Z,257.17,NPR,DEBIT,COMPLETED,Ride Sharing,Pathao,Transport
f966c824-4695-4481-aac5-871785c995ef,ACC-STUDENT-002,2025-11-12T17:13:00Z,169.03,NPR,DEBIT,COMPLETED,Taxi Ride,Microbus,Transport
b7047fa7-0188-4c89-97da-367eb85b2cbc,ACC-STUDENT-005,2025-02-25T19:51:00Z,274.39,NPR,DEBIT,COMPLETED,Snacks,Canteen,Food
c8d48bff-e1f0-46af-987a-c27b77ff6a89,ACC-STUDENT-002,2025-07-12T16:20:00Z,5175.18,NPR,DEBIT,COMPLETED,Books,Bhatbhateni Fashion,Shopping
98870793-e674-40b4-bdd3-80860b99b826,ACC-STUDENT-004,2025-08-25T09:06:00Z,375.39,NPR,DEBIT,COMPLETED,Bus Ticket,Sajha Yatayat,Transport
70a48e61-6f80-46bd-9778-ff81a29826ec,ACC-STUDENT-001,2026-01-05T18:48:00Z,402.81,NPR,DEBIT,COMPLETED,,Bus,Transport
ccf7ddde-23ea-4b71-8526-6588d91669cb,ACC-STUDENT-001,2025-07-10T14:30:00Z,6644.15,NPR,CREDIT,COMPLETED,Tutoring fee,Scholarship,Income
e84f6f36-67b8-4fa3-a02d-320cfa824e96,ACC-STUDENT-004,2025-09-11T08:30:00Z,305.16,NPR,DEBIT,COMPLETED,Chiya,Coffee Point,Coffee
78fd9ba3-72dc-436f-9e30-01c5294df9b0,ACC-STUDENT-002,2025-05-17T18:34:00Z,279.77,NPR,DEBIT,COMPLETED,Daily Commute,Microbus,Transport
c3461e19-5efb-4fcc-89e4-27e9dd1377a7,ACC-STUDENT-002,2025-02-06T12:33:00Z,648.45,NPR,DEBIT,COMPLETED,Lunch,Bakery,Food
1696686c-c963-4853-b29b-babd10869eee,ACC-STUDENT-005,2025-05-12T08:30:00Z,217.2,NPR,DEBIT,COMPLETED,Latte,Beans Cafe,Coffee
761fc39f-1b7a-43b1-8a35-421238e3c2e9,ACC-STUDENT-002,2025-04-02T08:30:00Z,168.25,NPR,DEBIT,COMPLETED,Americano,Red Mug Cafe,Coffee
66806c16-6b48-40d0-a7bd-e68053af5173,ACC-STUDENT-002,2025-04-22T09:48:00Z,221.64,NPR,DEBIT,COMPLETED,Daily Commute,Local Taxi,Transport
0b4a61fc-8549-4a99-96b2-e4514de57252,ACC-STUDENT-003,2025-10-11T19:28:00Z,561.92,NPR,DEBIT,COMPLETED,Burger & Fries,Restaurant,Food
ecaec70b-1d32-4026-9f97-f4246f9d0011,ACC-STUDENT-002,2025-11-05T08:30:00Z,233.06,NPR,DEBIT,COMPLETED,Latte,Local Tea Stall,Coffee
33ce3959-bea4-4927-afdf-e5f38af191c3,ACC-STUDENT-002,2025-09-30 13:52:00,631.34,NPR,DEBIT,COMPLETED,Dinner,Boba Shop,Food
baca7e7a-de28-42c6-b3a8-57b120aa8c32,ACC-STUDENT-005,2025-02-12T17:04:00Z,147.33,NPR,DEBIT,COMPLETED,Daily Commute,InDrive,Transport
4ad1773a-566a-4b1c-9953-6f8852b915db,ACC-STUDENT-003,2025-06-23T09:12:00Z,139.3,NPR,DEBIT,COMPLETED,Micro Fare,Pathao,Transport
aa22a035-77c4-4339-9e4a-b20bdf68a4f9,ACC-STUDENT-003,2025-06-26T09:53:00Z,122.66,NPR,DEBIT,COMPLETED,Daily Commute,Sajha Yatayat,Transport
88ca7112-c7a7-4420-9559-05c77bfa6f69,ACC-STUDENT-002,2025-01-13T09:11:00Z,300.5,NPR,DEBIT,COMPLETED,Taxi Ride,Microbus,Transport
adaa11c1-5e27-46e2-b866-4ab7de10eea4,ACC-STUDENT-001,2025-06-27T19:00:00Z,643.3,NPR,DEBIT,COMPLETED,Snacks,Boba Shop,Food
e05d9ce8-7a09-4719-88b2-80a139d7f86e,ACC-STUDENT-002,2025-11-06 09:55:00,121.6,NPR,DEBIT,COMPLETED,Micro Fare,InDrive,Transport
cc47950b-393d-4682-9aaf-b0f5efb086e1,ACC-STUDENT-001,2026-01-06T17:22:00Z,122.25,NPR,DEBIT,COMPLETED,Bus Ticket,Microbus,Transport
e20521cd-31ee-4260-bdc9-754c67ce0baa,ACC-STUDENT-005,2025-02-24T16:20:00Z,3584.86,NPR,DEBIT,COMPLETED,Saree for Mother,Clothing Shop,Shopping
981bd08b-9001-42e2-8191-0d01732a03ff,ACC-STUDENT-005,2025-05-04T12:41:00Z,342.94,NPR,DEBIT,COMPLETED,Dinner,Bakery,Food
121e57dd-18b7-4701-9297-d45e7b655c01,ACC-STUDENT-002,2025-07-27T20:42:00Z,229.54,NPR,DEBIT,COMPLETED,Burger & Fries,Cafe,Food
9800a405-48d3-4b68-ae30-f524844edacd,ACC-STUDENT-003,2025-01-24T13:09:00Z,417.34,NPR,DEBIT,COMPLETED,Snacks,Cafe,Food
fac2173e-2315-4d58-88fc-1d61b4cf9d14,ACC-STUDENT-001,2025-03-31T19:23:00Z,746.66,NPR,DEBIT,COMPLETED,Snacks,Bakery,Food
e848f22f-4577-4cb5-a748-6929c3c2ff44,ACC-STUDENT-001,2025-07-13T12:00:00Z,1725.01,NPR,DEBIT,COMPLETED,Weekly Groceries,Saleways,groceries
8788e13f-2b08-4db6-8c0f-ffb4d74282e4,ACC-STUDENT-004,2025-10-07T13:57:00Z,723.14,NPR,DEBIT,COMPLETED,,Local Eatery,Food
36b934c4-1768-4a76-a494-d5a42b76b0fb,ACC-STUDENT-003,2025-05-27T12:35:00Z,614.29,NPR,DEBIT,COMPLETED,Coke and Momo,Bakery,Food
7ea340b5-dac8-49d1-8f70-254bd432e8c4,ACC-STUDENT-003,2025-09-12T17:38:00Z,497.45,NPR,DEBIT,COMPLETED,Ride Sharing,Local Taxi,Transport
6804ca47-7bf1-450a-aa8c-d84be39b0e67,ACC-STUDENT-005,2025-06-09T17:26:00Z,404.06,NPR,DEBIT,COMPLETED,Ride Sharing,Local Taxi,Transport
844909d2-2b2c-4633-8f92-9c894fa098b1,ACC-STUDENT-004,2025-06-01T13:23:00Z,745.64,NPR,DEBIT,COMPLETED,Snacks,Canteen,Food
6eb4622e-dee2-4fd5-89d5-8265b6d35f70,ACC-STUDENT-004,2025-02-17T13:11:00Z,422.49,NPR,DEBIT,COMPLETED,Meals,Local Eatery,food
ff19cfcc-68b0-4c28-b420-56e793293036,ACC-STUDENT-005,2025-10-25T12:00:00Z,2870.44,NPR,DEBIT,COMPLETED,Dairy Products,Local Grocery,Groceries
00f91a83-081c-4e8c-a4fe-5a26caa929d6,ACC-STUDENT-002,2025-08-10T18:30:00Z,519.59,NPR,DEBIT,COMPLETED,Netflix Subscription,QFX Cinemas,Entertainment
4e35b177-eb2a-4a77-a5df-74c25b8e0595,ACC-STUDENT-004,2025-05-22T19:56:00Z,652.06,NPR,DEBIT,COMPLETED,Coke and Momo,Burger House,Food
9faa8041-177c-495c-a862-d0294c5e4298,ACC-STUDENT-004,2026-01-01T17:46:00Z,152.16,NPR,DEBIT,COMPLETED,Daily Commute,Local Taxi,Transport
db089b3e-34eb-4bb4-a6b3-c59eb7e74c4e,ACC-STUDENT-002,2025-08-31T19:23:00Z,657.14,NPR,DEBIT,COMPLETED,Dinner,Boba Shop,Food
de0aef44-2c1b-4a22-8cad-dd0fb0cb7e36,ACC-STUDENT-001,2025-01-21T09:48:00Z,289.72,NPR,DEBIT,COMPLETED,Ride Sharing,Pathao,Transport
f345ed39-4e35-4323-b0ad-18c6e8bce5a5,ACC-STUDENT-002,2025-08-09T12:00:00Z,1758.01,NPR,DEBIT,COMPLETED,Rice and Oil,Big Mart,Groceries
240e667b-cf67-4fc2-ae0d-56cd7e0fedc1,ACC-STUDENT-004,2025-01-21T12:16:00Z,441.35,NPR,DEBIT,COMPLETED,Dinner,Restaurant,Food
b72152e6-f6da-489c-9f0f-5519950c0e3a,ACC-STUDENT-005,2025-08-05T11:15:00Z,1795.59,NPR,DEBIT,COMPLETED,WiFi Internet,Worldlink,Utilities
73b03f32-0d00-4a39-8f27-19376a413868,ACC-STUDENT-003,2025-07-04T12:59:00Z,550.13,NPR,DEBIT,COMPLETED,Dinner,Bakery,Food
a65aee98-f6d0-4a64-92e6-d5ce7dcb1a36,ACC-STUDENT-003,2025-12-23T08:30:00Z,315.05,NPR,DEBIT,COMPLETED,Cappuccino,Local Tea Stall,coffee
20dcac29-e7b1-45cd-84fe-689df1757b00,ACC-STUDENT-001,2025-02-20T12:05:00Z,341.25,NPR,DEBIT,COMPLETED,Snacks,Burger House,Food
064af7fc-3bed-4c3e-9a32-fedaca50ab9c,ACC-STUDENT-004,2025-10-08T12:22:00Z,594.92,NPR,DEBIT,COMPLETED,Burger & Fries,Cafe,Food
736476eb-ff21-4b7f-9652-ab8ac7dd451c,ACC-STUDENT-005,2025-12-27T09:22:00Z,50.59,NPR,DEBIT,COMPLETED,Micro Fare,Pathao,Transport
45c64d91-5e39-41c1-a9a6-0aa6705b0d28,ACC-STUDENT-004,2025-08-01T09:00:00Z,25773.94,NPR,CREDIT,COMPLETED,Monthly Allowance,Family Transfer,Income
68cdca23-1bbf-41a6-a9cd-f003a00587a0,ACC-STUDENT-001,2025-01-17T19:53:00Z,649.4,NPR,DEBIT,COMPLETED,Meals,Cafe,Food
0840fa4d-2325-4e48-93b3-75a8c6f691b0,ACC-STUDENT-005,2025-05-13T09:22:00Z,70.17,NPR,DEBIT,COMPLETED,Daily Commute,Sajha Yatayat,Transport
1451f807-9e7f-4484-8fc1-1ff4710601ef,ACC-STUDENT-004,2025-06-26T17:48:00Z,198.58,NPR,DEBIT,COMPLETED,Micro Fare,Pathao,Transport
09cc0524-de59-4051-ab68-f7e1b2d97113,ACC-STUDENT-002,2025-03-16T12:00:00Z,3155.36,NPR,DEBIT,COMPLETED,Dairy Products,Fresh Vegetable Vendor,Groceries
38bcf5b2-2ec6-40b4-b43a-aeb743ef5180,ACC-STUDENT-002,2025-11-08T12:00:00Z,3240.47,NPR,DEBIT,COMPLETED,Monthly Supplies,Local Grocery,Groceries
504da114-eab3-4274-b67a-a35ab53b0833,ACC-STUDENT-003,2025-05-19T09:44:00Z,415.67,NPR,DEBIT,COMPLETED,Taxi Ride,Microbus,Transport
bf9450c2-0ffa-4269-812e-677f7e2e92bd,ACC-STUDENT-004,2025-02-12T08:30:00Z,152.07,NPR,DEBIT,COMPLETED,Cappuccino,Coffee Point,Coffee
6e842583-71e1-46ff-ba9c-507b530f8ca9,ACC-STUDENT-002,2025-11-02T10:00:00Z,13021.12,NPR,DEBIT,COMPLETED,House Rent,Rent House Ltd,Utilities
da40833c-7f4a-449b-bc7c-660965bc8077,ACC-STUDENT-001,2025-04-30T16:20:00Z,3058.64,NPR,DEBIT,COMPLETED,Shopping,Miniso,Shopping
a992c65a-7e6a-4867-bb57-69b12a2e480b,ACC-STUDENT-005,2025-11-11T20:58:00Z,742.66,NPR,DEBIT,COMPLETED,Meals,Local Eatery,Food
e6b4cd1c-9e3a-4023-a074-601db7318694,ACC-STUDENT-005,2025-05-15T17:59:00Z,392.94,NPR,DEBIT,COMPLETED,Daily Commute,InDrive,Transport
bb286ccd-4dd0-47f6-8268-d2cae1b84fc5,ACC-STUDENT-001,2025-10-04T12:03:00Z,381.09,NPR,DEBIT,COMPLETED,Lunch,Burger House,Food
933ba22a-0976-46c4-b2bd-6e7ea7834ee3,ACC-STUDENT-005,2025-11-10T09:32:00Z,244.89,NPR,DEBIT,COMPLETED,Micro Fare,Bus,Transport
7927e537-26dc-40f9-9cc4-9f7e8900ea71,ACC-STUDENT-004,2025-07-23T17:31:00Z,338.1,NPR,DEBIT,COMPLETED,Ride Sharing,InDrive,TRANSPORT
c65be94c-9270-472c-b9a8-c3574f834529,ACC-STUDENT-002,2025-09-08T18:23:00Z,261.81,NPR,DEBIT,COMPLETED,Taxi Ride,InDrive,TRANSPORT
3637baf6-2d16-4f19-81de-1c9cb26de3ca,ACC-STUDENT-003,2025-10-17T13:50:00Z,293.86,NPR,DEBIT,COMPLETED,Dinner,Boba Shop,Food
17cf2f4a-d3ef-4ab8-b4d6-d28227d8df8c,ACC-STUDENT-005,2025-08-11T19:57:00Z,555.84,NPR,DEBIT,COMPLETED,,Bakery,Food
d0620707-c2ff-4a0b-a3a5-d3f20de029a5,ACC-STUDENT-005,2025-04-14T12:29:00Z,536.33,NPR,DEBIT,COMPLETED,Breakfast,Local Eatery,Food
186fe234-3e52-4fdb-834f-ca454f2d5d39,ACC-STUDENT-003,2025-10-27T12:15:00Z,392.4,NPR,DEBIT,COMPLETED,Lunch,Canteen,Food
bf4a8b1f-39ed-4bfb-93f7-714803d2a63a,ACC-STUDENT-001,2025-06-14T12:00:00Z,3233.8,NPR,DEBIT,COMPLETED,Dairy Products,Local Grocery,Groceries
a6cd2866-1652-4f55-b5b9-917ad22538a5,ACC-STUDENT-003,2025-11-24T18:46:00Z,219.19,NPR,DEBIT,COMPLETED,Ride Sharing,InDrive,Transport
901369e0-2ac3-4f9a-b225-c72495a3ca50,ACC-STUDENT-001,2026-01-04T13:59:00Z,161.3,NPR,DEBIT,COMPLETED,Dinner,Restaurant,Food
377b65ee-7d34-4f85-821d-c308d9fd5088,ACC-STUDENT-004,2025-05-01T18:02:00Z,58.44,NPR,DEBIT,COMPLETED,Ride Sharing,InDrive,Transport
d41e4b0e-a486-4115-a276-da44e0a10e26,ACC-STUDENT-002,2025-02-07T20:29:00Z,558.43,NPR,DEBIT,COMPLETED,Dinner,Local Eatery,food
7f970580-aca7-4bd4-83d7-05338e8ce7f8,ACC-STUDENT-004,2025-02-13T19:12:00Z,483.22,NPR,DEBIT,COMPLETED,Coke and Momo,Boba Shop,FOOD
3cdd0479-bd24-4056-a843-fb0296f2b7f6,ACC-STUDENT-004,2025-05-30T09:10:00Z,482.56,NPR,DEBIT,COMPLETED,Bus Ticket,InDrive,Transport
bed1b4ca-48e6-4c81-a30e-791538d5ca86,ACC-STUDENT-002,2025-06-02T08:30:00Z,136.55,NPR,DEBIT,COMPLETED,Americano,Coffee Point,Coffee
c10a8650-f93c-4e98-a49f-f1cd7dc1afed,ACC-STUDENT-003,2025-04-26T09:51:00Z,280.59,NPR,DEBIT,COMPLETED,,Pathao,Transport
b36d6992-a9c0-4275-8437-b411f3193284,ACC-STUDENT-002,2025-02-20T13:54:00Z,598.59,NPR,DEBIT,COMPLETED,Burger & Fries,Local Eatery,Food
6fdccff6-f9ab-407d-966e-f90996b30fd7,ACC-STUDENT-004,2025-10-22T13:04:00Z,235.14,NPR,DEBIT,COMPLETED,Meals,Restaurant,Food
2f6dc362-c945-4c87-9e63-5d9b6e57e636,ACC-STUDENT-005,2025-12-13T18:21:00Z,310.72,NPR,DEBIT,COMPLETED,,Microbus,Transport
e6e0fb55-8612-4c7b-a2e0-4255e29bba73,ACC-STUDENT-003,2025-12-22T13:12:00Z,784.51,NPR,DEBIT,COMPLETED,Dinner,Restaurant,Food
98939e30-37ac-4a8d-8a0c-31d66494ac91,ACC-STUDENT-001,2026-01-05 13:19:00,231.47,NPR,DEBIT,COMPLETED,,Canteen,Food
b711ec6f-a2a7-4713-ae04-991ded0e3030,ACC-STUDENT-002,2025-05-09T12:51:00Z,366.54,NPR,DEBIT,COMPLETED,Breakfast,Burger House,Food
af2997f2-34a8-49bd-b3c6-b24f0e258815,ACC-STUDENT-001,2025-10-08T17:51:00Z,0.0,NPR,DEBIT,COMPLETED,Taxi Ride,InDrive,Transport
1a625940-9d04-4bba-9085-b3965f28155b,ACC-STUDENT-004,2025-10-06T09:20:00Z,338.02,NPR,DEBIT,COMPLETED,Ride Sharing,InDrive,TRANSPORT
f9888bd3-05e6-4caa-8e47-47a20bbb83d2,ACC-STUDENT-005,2025-09-28T09:31:00Z,253.43,NPR,DEBIT,COMPLETED,Taxi Ride,Bus,Transport
7e1afe7d-cd81-45db-a9d4-5e9d254f79bc,ACC-STUDENT-005,2025-07-01T09:00:00Z,34613.01,NPR,CREDIT,COMPLETED,Monthly Allowance,Family Transfer,Income
92b628f1-14ec-4bed-bb87-bd1ead5653b6,ACC-STUDENT-005,2025-08-30T18:37:00Z,261.42,NPR,DEBIT,COMPLETED,Daily Commute,Pathao,Transport
ad637b1d-2036-4fe3-89e6-1c57cc31995f,ACC-STUDENT-001,2025-05-09T08:30:00Z,239.7,NPR,DEBIT,COMPLETED,Chiya,Himalayan Java,Coffee
6b128aec-042a-45eb-9ede-d68546805836,ACC-STUDENT-002,2025-08-17T16:20:00Z,3752.87,NPR,DEBIT,COMPLETED,Gift for Mom,Daraz,Shopping
da574264-f64f-428c-9b36-eb6c87ff55f4,ACC-STUDENT-005,2025-10-29T20:42:00Z,394.43,NPR,DEBIT,COMPLETED,Coke and Momo,Burger House,Food
6998c212-605c-4239-8ec6-06c29733d263,ACC-STUDENT-002,2025-07-23T12:51:00Z,471.06,NPR,DEBIT,COMPLETED,Meals,Restaurant,Food
67a1febe-b9fb-4012-a821-308637547282,ACC-STUDENT-001,2025-03-01T12:00:00Z,2443.55,NPR,DEBIT,COMPLETED,Rice and Oil,Bhatbhateni,Groceries
cc36c70b-e81e-46ef-ad9b-dfe3339844dc,ACC-STUDENT-003,2026-01-10T12:24:00Z,340.43,NPR,DEBIT,COMPLETED,Burger & Fries,Local Eatery,Food
ec58543e-8331-444c-b3af-63eba6c15361,ACC-STUDENT-001,2025-09-24T18:15:00Z,347.91,NPR,DEBIT,COMPLETED,Daily Commute,Pathao,Transport
4d2fd82f-8c05-4967-9723-1b71d3d77036,ACC-STUDENT-001,2025-04-24T12:25:00Z,183.25,NPR,DEBIT,COMPLETED,Burger & Fries,,Food
64b48c4e-c533-4eb7-b54e-24405c7135e2,ACC-STUDENT-004,2025-07-15T08:30:00Z,199.42,NPR,DEBIT,COMPLETED,Iced Coffee,Coffee Point,Coffee
4e8f017c-6c94-4cf0-80ef-6b0e6f32a1a6,ACC-STUDENT-004,2025-03-19T12:52:00Z,764.88,NPR,DEBIT,COMPLETED,Snacks,Cafe,Food
a324fd84-2a01-4767-be90-f64364783c53,ACC-STUDENT-001,2025-08-15T09:12:00Z,144.37,NPR,DEBIT,COMPLETED,Taxi Ride,Microbus,Transport
d096e300-ed83-49b5-9173-051a0f75efb8,ACC-STUDENT-003,2025-04-24T12:04:00Z,788.83,NPR,DEBIT,COMPLETED,Breakfast,Canteen,Food
5dc15ab9-66ff-4a0d-88a1-786f789e87a8,ACC-STUDENT-002,2025-01-21T09:51:00Z,422.25,NPR,DEBIT,COMPLETED,Micro Fare,Sajha Yatayat,Transport
fa98eefe-0313-40e3-b290-bad9393b40c0,ACC-STUDENT-003,2025-04-11T08:30:00Z,107.65,NPR,DEBIT,COMPLETED,Chiya,Himalayan Java,Coffee
c5c428ed-5f79-4a94-93c8-5061d9d0f313,ACC-STUDENT-001,2025-04-11T17:11:00Z,273.29,NPR,DEBIT,COMPLETED,Micro Fare,Local Taxi,Transport
45b75acd-f0af-4fdf-b78b-f746c597f957,ACC-STUDENT-004,2025-08-15T12:41:00Z,692.18,NPR,DEBIT,COMPLETED,Dinner,Canteen,Food
dde53147-d647-413e-87b4-849b1189ddd2,ACC-STUDENT-001,2025-07-21T18:32:00Z,231.52,NPR,DEBIT,COMPLETED,Bus Ticket,InDrive,Transport
f40958d0-f0f9-4612-87de-3dc28e48a965,ACC-STUDENT-002,2025-07-25T09:46:00Z,456.02,NPR,DEBIT,COMPLETED,Taxi Ride,InDrive,Transport
453c2c07-363b-4b77-9549-ce5ea079fdfd,ACC-STUDENT-003,2025-11-09T13:45:00Z,676.24,NPR,DEBIT,COMPLETED,Snacks,Local Eatery,Food
12187dfc-2cd2-42d3-b239-502d85e7b7ec,ACC-STUDENT-001,2025-04-10T17:02:00Z,182.05,NPR,DEBIT,COMPLETED,Daily Commute,Pathao,Transport
b53ed57a-4ddd-4be0-8213-fdd3cb2dc8cf,ACC-STUDENT-002,2025-10-31T18:39:00Z,159.85,NPR,DEBIT,COMPLETED,Bus Ticket,InDrive,Transport
b8015db8-2698-4f6c-800a-c902db206638,ACC-STUDENT-002,2025-11-05T17:01:00Z,120.16,NPR,DEBIT,COMPLETED,Bus Ticket,Pathao,Transport
fe91d40d-00bd-4ea2-9324-24f4bb1e515c,ACC-STUDENT-003,2025-11-20T13:11:00Z,Rs. 627.26,NPR,DEBIT,COMPLETED,Dinner,Bakery,Food
86106a08-e599-4ed7-aa65-dcce79c4b809,ACC-STUDENT-003,2025-12-19T17:54:00Z,72.27,NPR,DEBIT,COMPLETED,Micro Fare,Local Taxi,Transport
6d915707-96ec-4f7d-af6b-566c33fc2c91,ACC-STUDENT-002,2025-07-09T20:26:00Z,378.62,NPR,DEBIT,COMPLETED,Breakfast,Local Eatery,Food
6b1514cc-188d-4fb5-967b-031b750dac5e,ACC-STUDENT-003,2025-09-02T10:00:00Z,8046.07,NPR,DEBIT,COMPLETED,House Rent,Rent House Ltd,Utilities
a2222a70-28b2-4541-bde1-637373f59a14,ACC-STUDENT-001,2025-08-15T08:00:00Z,470.67,NPR,DEBIT,COMPLETED,Spotify Premium,Spotify,Entertainment
471b6603-403c-4cec-bc77-c016c8428ddb,ACC-STUDENT-003,2025-11-01T09:00:00Z,28061.7,NPR,CREDIT,COMPLETED,Monthly Allowance,Family Transfer,Income
8680d54a-037e-4211-84d9-c321cfcc31c3,ACC-STUDENT-004,2025-09-13T13:43:00Z,327.86,NPR,DEBIT,COMPLETED,Breakfast,Canteen,Food
54654e53-ca8a-405e-9838-de1d5ebceda2,ACC-STUDENT-001,2026-01-03T12:00:00Z,2735.98,NPR,DEBIT,COMPLETED,Vegetables & Fruits,Bhatbhateni,Groceries
cdde2bf4-6cf4-4a08-85b6-925db7b9088f,ACC-STUDENT-004,2025-11-14T17:57:00Z,90.17,NPR,DEBIT,COMPLETED,Ride Sharing,Bus,TRANSPORT
9885a11d-2318-4126-b9a5-6428baae781f,ACC-STUDENT-005,2025-06-30T16:20:00Z,5834.29,NPR,DEBIT,COMPLETED,Gift for Mom,Miniso,Shopping
7863f567-5b1f-4f26-b284-5557a2093ca4,ACC-STUDENT-003,2025-10-18T19:15:00Z,159.06,NPR,DEBIT,COMPLETED,Meals,Canteen,Food
38934d9b-3044-4aa5-8ce4-6f4235df4ab2,ACC-STUDENT-002,2025-09-04T17:17:00Z,346.65,NPR,DEBIT,COMPLETED,Bus Ticket,Bus,Transport
febb8c21-27e2-4998-94e3-d202a316e8d4,ACC-STUDENT-004,2025-03-14T19:59:00Z,604.21,NPR,DEBIT,COMPLETED,Snacks,Cafe,Food
6653c091-4c16-4243-ab32-e1d0f64c310a,ACC-STUDENT-001,2025-06-10T20:34:00Z,292.05,NPR,DEBIT,COMPLETED,Snacks,Canteen,Food
cdc884ac-0199-4206-936d-56d229591c73,ACC-STUDENT-005,2025-07-18T08:30:00Z,243.85,NPR,DEBIT,COMPLETED,Iced Coffee,Red Mug Cafe,Coffee
f3639a61-387b-4d33-a786-f446c74ba8c3,ACC-STUDENT-001,2025-05-11T12:00:00Z,3111.78,NPR,DEBIT,COMPLETED,Dairy Products,Big Mart,Groceries
11393648-bd83-4fa3-973d-f00e81b1f98e,ACC-STUDENT-004,2025-10-17T08:30:00Z,117.89,NPR,DEBIT,COMPLETED,Chiya,Red Mug Cafe,Coffee
489087bb-3aad-4708-b284-68d78d755ee6,ACC-STUDENT-005,2025-09-09T18:56:00Z,167.93,NPR,DEBIT,COMPLETED,Ride Sharing,Bus,Transport
b7900a38-390b-4635-96f1-8ee55ba2da24,ACC-STUDENT-005,2026-01-09T12:18:00Z,233.21,NPR,DEBIT,COMPLETED,Meals,Burger House,Food
cf3a9dfa-a6ba-4215-a6e7-1abf7581f61c,ACC-STUDENT-005,2025-05-27T18:45:00Z,175.09,NPR,DEBIT,COMPLETED,Micro Fare,InDrive,Transport
f51326ce-8895-46d6-9651-821d37b22546,ACC-STUDENT-001,2025-03-13T18:08:00Z,224.89,NPR,DEBIT,COMPLETED,Taxi Ride,Microbus,Transport
7b8c0c0a-e36d-426a-b6b8-c983c9f1f27f,ACC-STUDENT-001,2025-05-27T08:30:00Z,293.39,NPR,DEBIT,COMPLETED,Americano,Beans Cafe,Coffee
f3bf33aa-6adf-469b-9a32-aa0dcffd4cd7,ACC-STUDENT-002,2025-08-12T20:51:00Z,645.95,NPR,DEBIT,COMPLETED,Burger & Fries,Bakery,food
052f76c5-8ca6-4fc3-b7fa-b153ff5ed985,ACC-STUDENT-002,2025-11-25T18:58:00Z,367.92,NPR,DEBIT,COMPLETED,Ride Sharing,Local Taxi,Transport
d145e2be-3b86-4e3a-86b2-518fb1c073a5,ACC-STUDENT-001,2025-03-25T13:24:00Z,496.18,NPR,DEBIT,COMPLETED,Lunch,Local Eatery,Food
a755d480-fd88-4464-a51f-44dce171d5cf,ACC-STUDENT-005,2025-05-29T18:56:00Z,458.7,NPR,DEBIT,COMPLETED,Taxi Ride,Bus,Transport
4cb9e2e4-f154-40ff-9767-988c7ee2cdc0,ACC-STUDENT-001,2025-11-21T18:38:00Z,468.64,NPR,DEBIT,COMPLETED,Bus Ticket,,Transport
a5a2c202-94fc-4795-9837-91919af28731,ACC-STUDENT-005,2025-02-21T19:20:00Z,446.8,NPR,DEBIT,COMPLETED,Coke and Momo,Boba Shop,Food
fa56278c-2870-442f-a6d0-0bce6751ee94,ACC-STUDENT-002,2025-05-09T13:54:00Z,626.23,NPR,DEBIT,COMPLETED,Breakfast,Cafe,Food
6444cf66-ac42-4869-8ad2-01bb1b20cf38,ACC-STUDENT-004,2025-01-16T09:20:00Z,459.57,NPR,DEBIT,COMPLETED,Bus Ticket,InDrive,Transport
42cdc63f-8829-4bfe-84f2-c55b7416ff74,ACC-STUDENT-001,2025-08-06T17:41:00Z,154.02,NPR,DEBIT,COMPLETED,Taxi Ride,Local Taxi,Transport
7f799dfa-0113-4e2c-9130-dcc8426ba436,ACC-STUDENT-001,2025-06-20T09:01:00Z,314.31,NPR,DEBIT,COMPLETED,Daily Commute,Local Taxi,Transport
23cdcdd4-95c8-4af8-a3e8-4bc891c6df9b,ACC-STUDENT-002,2025-02-19T09:21:00Z,243.78,NPR,DEBIT,COMPLETED,Bus Ticket,Pathao,Transport
8743ac38-459a-4c82-b36f-d3b1ee7db899,ACC-STUDENT-002,2025-10-12T18:55:00Z,341.4,NPR,DEBIT,COMPLETED,,Bus,Transport
7c05accd-fff2-4e8e-a796-976d66d1a4cc,ACC-STUDENT-003,2025-06-12T18:36:00Z,330.7,NPR,DEBIT,COMPLETED,Micro Fare,InDrive,Transport
883b1baa-ad88-427f-8786-4720e3b6a667,ACC-STUDENT-005,2025-12-24T20:24:00Z,552.36,NPR,DEBIT,COMPLETED,Breakfast,Local Eatery,Food
f8c0f46d-f856-4427-94a7-e72f7cd55b8d,ACC-STUDENT-002,2025-07-08T19:13:00Z,769.04,NPR,DEBIT,COMPLETED,Coke and Momo,Local Eatery,Food
f0cb2b94-9b88-4ba1-a068-85f8bd2c19c5,ACC-STUDENT-001,2025-07-14T17:52:00Z,347.91,NPR,DEBIT,COMPLETED,,Sajha Yatayat,Transport
adac61ba-5284-42ff-b0fa-51d11fd04ef3,ACC-STUDENT-001,2025-04-13T12:04:00Z,586.27,NPR,DEBIT,COMPLETED,Snacks,Restaurant,Food
390decaf-3531-430c-85c0-491c6c577e2b,ACC-STUDENT-005,2025-10-08T18:55:00Z,494.56,NPR,DEBIT,COMPLETED,Micro Fare,Bus,Transport
380147a6-65a8-4009-9be2-d292e7f6483a,ACC-STUDENT-001,2025-05-16T09:51:00Z,392.76,NPR,DEBIT,COMPLETED,Bus Ticket,Pathao,Transport
a0979ef4-019f-4319-9d32-8ece566aac3b,ACC-STUDENT-004,2025-10-10 08:30:00,115.45,NPR,DEBIT,COMPLETED,Americano,Himalayan Java,Coffee
b116e709-94e5-4083-8ba0-ea963b054fdc,ACC-STUDENT-001,2025-02-12T17:42:00Z,355.61,NPR,DEBIT,COMPLETED,Micro Fare,Microbus,Transport
831dc92d-3980-43d7-af19-013cd578dc03,ACC-STUDENT-003,2025-05-16T20:56:00Z,364.98,NPR,DEBIT,COMPLETED,,Local Eatery,Food
fe7e7091-4d73-40df-9307-f46fee7afdfc,ACC-STUDENT-004,2025-04-21T12:22:00Z,516.81,NPR,DEBIT,COMPLETED,Coke and Momo,Local Eatery,food
15ee0965-d419-45d6-bfe1-3b68ce18983d,ACC-STUDENT-002,2025-09-16T13:57:00Z,155.06,NPR,DEBIT,COMPLETED,Burger & Fries,Restaurant,Food
9e0eea74-f25d-4621-ba7d-a5735d31f579,ACC-STUDENT-002,2025-05-08T20:09:00Z,540.95,NPR,DEBIT,COMPLETED,Lunch,Burger House,Food
28c03460-458b-4c69-ac16-c76a1c683e48,ACC-STUDENT-001,2025-02-07T09:30:00Z,325.07,NPR,DEBIT,COMPLETED,Daily Commute,Sajha Yatayat,Transport
4e0c425d-2216-46f9-993a-8f1ec5269814,ACC-STUDENT-002,2025-10-06 13:10:00,490.85,NPR,DEBIT,COMPLETED,Breakfast,Bakery,Food
54f824f5-d7b7-4b17-b488-5d4e760bcd73,ACC-STUDENT-003,2025-06-22T09:46:00Z,231.45,NPR,DEBIT,COMPLETED,Micro Fare,Microbus,Transport
51db55e1-ba53-4136-8324-bd652fd8bbdb,ACC-STUDENT-004,2025-10-18T09:51:00Z,115.02,NPR,DEBIT,COMPLETED,Ride Sharing,Local Taxi,Transport
afa84ced-685b-485e-bf33-29b8dd28be7a,ACC-STUDENT-002,2025-07-15T13:15:00Z,574.14,NPR,DEBIT,COMPLETED,Lunch,Restaurant,Food
6fab235b-aaa9-4ced-b7cc-65bbd7fb22ce,ACC-STUDENT-004,2025-02-24T09:59:00Z,108.75,NPR,DEBIT,COMPLETED,Micro Fare,Bus,Transport
57014b77-c9dd-4dd0-964d-b09a5d81feb6,ACC-STUDENT-003,2025-03-23T19:53:00Z,303.64,NPR,DEBIT,COMPLETED,Meals,Local Eatery,Food
e2002bd3-dac8-499d-b309-58eef61e694f,ACC-STUDENT-001,2025-01-13T18:27:00Z,64.3,NPR,DEBIT,COMPLETED,Daily Commute,Pathao,Transport
62d39fd0-3686-421c-8ffd-f1426b347fa1,ACC-STUDENT-004,2025-05-16T19:41:00Z,706.69,NPR,DEBIT,COMPLETED,Snacks,Boba Shop,Food
df94ca27-410c-41da-8f5f-e717fa9c5e25,ACC-STUDENT-001,2025-10-03T13:40:00Z,432.21,NPR,DEBIT,COMPLETED,Meals,Cafe,Food
c0eee868-f6c0-451b-8d9a-c06dc1a2ddf5,ACC-STUDENT-005,2025-05-10T13:46:00Z,608.46,NPR,DEBIT,COMPLETED,Meals,Burger House,Food
c9f5a094-4bba-4d66-aeb1-1fa58af487aa,ACC-STUDENT-003,2025-02-16T12:00:00Z,2606.47,NPR,DEBIT,COMPLETED,Rice and Oil,Local Grocery,Groceries
de14a74e-1f84-4ac1-8501-7800c0424fc1,ACC-STUDENT-001,2025-07-02T10:00:00Z,11781.79,NPR,DEBIT,COMPLETED,House Rent,Rent House Ltd,Utilities
828e84aa-3bf0-4e53-80ad-df1e2f73d96c,ACC-STUDENT-005,2025-10-22T13:41:00Z,284.95,NPR,DEBIT,COMPLETED,Meals,Cafe,Food
c01537b3-c5e9-47cc-9378-8cc0d54145c7,ACC-STUDENT-003,2025-04-15T20:26:00Z,674.53,NPR,DEBIT,COMPLETED,Lunch,Boba Shop,Food
ca9081bf-8c91-481d-ae4e-d5f580017bd4,ACC-STUDENT-002,2025-12-01T09:25:00Z,308.63,NPR,DEBIT,COMPLETED,Daily Commute,InDrive,Transport
578cd02e-901f-42c8-a71e-a68c651d8f59,ACC-STUDENT-002,2025/04/01,283.47,NPR,DEBIT,COMPLETED,Ride Sharing,InDrive,Transport
2b189b93-d0f0-468b-80dd-814ceb11a7cc,ACC-STUDENT-005,2025-04-04T12:42:00Z,344.87,NPR,DEBIT,COMPLETED,Burger & Fries,,Food
a10cbcd8-1712-4cf8-96f6-3a33bf94b410,ACC-STUDENT-001,2025-03-15T08:00:00Z,415.69,NPR,DEBIT,COMPLETED,Spotify Premium,Spotify,Entertainment
615068cc-d72b-48ae-95a0-942806a773eb,ACC-STUDENT-001,2025-08-21T18:22:00Z,250.55,NPR,DEBIT,COMPLETED,Bus Ticket,InDrive,Transport
2f842d11-cf51-4074-b714-c48fac87e166,ACC-STUDENT-003,2025-09-20T19:26:00Z,713.13,NPR,DEBIT,COMPLETED,Burger & Fries,Restaurant,Food
e127e1c2-7a46-4e83-8a33-be3695dda8d1,ACC-STUDENT-005,2025-12-18T08:30:00Z,118.65,NPR,DEBIT,COMPLETED,Cappuccino,Coffee Point,Coffee
26f677ce-891c-4402-9b1c-c93df9ef933e,ACC-STUDENT-002,2025-08-09T17:25:00Z,485.11,NPR,DEBIT,COMPLETED,Daily Commute,Local Taxi,Transport
5f013b01-fc31-433c-a31a-09106dc6202f,ACC-STUDENT-005,2025-08-10T12:00:00Z,4279.12,NPR,DEBIT,COMPLETED,Dairy Products,Bhatbhateni,Groceries
b58f471d-538b-4441-b2ac-8ad5cb889710,ACC-STUDENT-002,2025-03-30T18:30:00Z,476.28,NPR,DEBIT,COMPLETED,Popcorn & Soda,QFX Cinemas,Entertainment
397ae991-f235-4627-86c3-269d57078d49,ACC-STUDENT-001,2025-03-03T19:32:00Z,608.52,NPR,DEBIT,COMPLETED,Snacks,Boba Shop,Food
92ee46a0-1808-4c0b-ab64-efdf6df40366,ACC-STUDENT-004,2025-09-02T08:30:00Z,228.0,NPR,DEBIT,COMPLETED,Iced Coffee,Red Mug Cafe,coffee
4d4e496f-268c-4cd7-aab9-591f7103ea82,ACC-STUDENT-003,2025-10-10T09:00:00Z,121.06,NPR,DEBIT,COMPLETED,Micro Fare,Microbus,Transport
309e15ce-bd41-48ea-834a-c2fae3927ff9,ACC-STUDENT-004,2025-11-27T09:37:00Z,480.77,NPR,DEBIT,COMPLETED,Taxi Ride,Sajha Yatayat,Transport
6c05119e-6a29-446d-ae22-fad6d468d8f3,ACC-STUDENT-005,2025-10-30T18:00:00Z,186.06,NPR,DEBIT,COMPLETED,Bus Ticket,Sajha Yatayat,Transport
06f48bcd-49de-4d3b-a612-2a3ec70ba88e,ACC-STUDENT-002,2025-08-02T10:00:00Z,13277.17,NPR,DEBIT,COMPLETED,House Rent,Rent House Ltd,Utilities
75250e34-dbba-4bc1-9c30-ea7e9bcd6f01,ACC-STUDENT-001,2025-04-01T19:05:00Z,528.78,NPR,DEBIT,COMPLETED,Lunch,Restaurant,Food
9e13bd61-a217-405e-af1d-0284bb6eb43a,ACC-STUDENT-003,2026-01-03T12:00:00Z,3126.99,NPR,DEBIT,COMPLETED,Monthly Supplies,Big Mart,Groceries
ee892913-20c3-423a-a539-358703941f9e,ACC-STUDENT-004,2025-03-30T09:19:00Z,297.48,NPR,DEBIT,COMPLETED,Daily Commute,Bus,Transport
3bda1587-026d-4ead-b185-ff35c98b284c,ACC-STUDENT-005,2025-01-27T12:05:00Z,700.08,NPR,DEBIT,COMPLETED,Burger & Fries,Bakery,Food
e0ad0714-b2a9-4b58-a70d-f6931040888e,ACC-STUDENT-003,2025-12-15T08:30:00Z,158.75,NPR,DEBIT,COMPLETED,Latte,Beans Cafe,coffee
1ffccfdc-d82f-4db4-8ac3-6e4ab32b0400,ACC-STUDENT-001,2025-05-07T08:30:00Z,129.56,NPR,DEBIT,COMPLETED,Chiya,Red Mug Cafe,Coffee
89f4d8a4-86cb-4348-b042-2494f2b985d3,ACC-STUDENT-001,2025-06-30T08:30:00Z,201.63,NPR,DEBIT,COMPLETED,Cappuccino,Beans Cafe,Coffee
055e254e-e62a-4640-b3ae-4a7d7fc75982,ACC-STUDENT-001,2025-10-02T20:24:00Z,592.94,NPR,DEBIT,COMPLETED,Dinner,Restaurant,Food
94908e55-2c34-48b3-bba1-7ea26858f09f,ACC-STUDENT-005,2025-09-16T18:25:00Z,270.08,NPR,DEBIT,COMPLETED,Taxi Ride,Microbus,Transport
a9614b2d-2073-4476-b236-916c5eff4409,ACC-STUDENT-005,2025-11-09T18:30:00Z,810.68,NPR,DEBIT,COMPLETED,Netflix Subscription,Spotify,Entertainment
1a73eab5-700f-4022-8093-1310efea6c42,ACC-STUDENT-001,2025-06-11T18:17:00Z,478.58,NPR,DEBIT,COMPLETED,Bus Ticket,Microbus,Transport
645bef88-ddff-4ba3-be2d-ba86315bf401,ACC-STUDENT-002,2025-05-24T12:00:00Z,2220.11,NPR,DEBIT,COMPLETED,Weekly Groceries,Big Mart,Groceries
8ca022a7-82ce-42dd-881f-0fb23ed97d0c,ACC-STUDENT-002,2025-06-23T13:27:00Z,755.44,NPR,DEBIT,COMPLETED,Dinner,Canteen,Food
2e37d0f3-eb2b-4ba7-a99e-e872c78d792e,ACC-STUDENT-004,2025-01-31T18:50:00Z,327.74,NPR,DEBIT,COMPLETED,Bus Ticket,Microbus,Transport
90aa8c55-ae7e-46a5-9f96-939ee1cbc189,ACC-STUDENT-003,2025-08-10T18:30:00Z,710.23,NPR,DEBIT,COMPLETED,Movie Ticket,Spotify,Entertainment
1c994636-d101-4af2-a5ab-c432a0033342,ACC-STUDENT-002,2025-10-08T09:00:00Z,402.51,NPR,DEBIT,COMPLETED,Ride Sharing,Bus,Transport
1b1e8905-c138-4eba-b2e7-dcef058a5794,ACC-STUDENT-003,2025-07-06T18:02:00Z,63.79,NPR,DEBIT,COMPLETED,Daily Commute,Pathao,Transport
a5ed3f4b-c680-4f4b-a6cb-953a2fe5d4d3,ACC-STUDENT-001,2025-06-13T12:55:00Z,653.19,NPR,DEBIT,COMPLETED,Coke and Momo,Canteen,Food
3b8872a2-22c0-4fea-b832-46c157570cf8,ACC-STUDENT-003,2025-04-18T19:58:00Z,638.48,NPR,DEBIT,COMPLETED,Breakfast,Burger House,Food
3c9836a3-d427-4f5a-8b67-985f4d1bd2ee,ACC-STUDENT-004,2025-06-26T19:59:00Z,364.1,NPR,DEBIT,COMPLETED,,Canteen,Food
c8f810fd-7295-46be-96fe-186ba98b1d36,ACC-STUDENT-004,2025-01-13T12:43:00Z,374.19,NPR,DEBIT,COMPLETED,Snacks,Boba Shop,Food
66448523-a4d1-44e4-8b39-1f3940e2f62b,ACC-STUDENT-001,2025-07-31T13:39:00Z,431.91,NPR,DEBIT,COMPLETED,Snacks,Bakery,Food
2a0466a2-1caa-418b-82ce-6bd9c085ce9b,ACC-STUDENT-005,2025-10-22T12:00:00Z,503.09,NPR,DEBIT,COMPLETED,Burger & Fries,Restaurant,Food
7db8a926-fb25-492d-b9a5-94e170d9d532,ACC-STUDENT-004,2025-06-16T17:19:00Z,168.64,NPR,DEBIT,COMPLETED,Daily Commute,InDrive,Transport
6e27dc55-2eda-477b-b125-b05e293cc19b,ACC-STUDENT-003,2025-10-30T09:26:00Z,269.08,NPR,DEBIT,COMPLETED,Bus Ticket,Bus,Transport
d75cef27-b7d2-4d01-b371-5a0ac6c1a118,ACC-STUDENT-001,2025-11-05T20:31:00Z,675.19,NPR,DEBIT,COMPLETED,Burger & Fries,Cafe,Food
fd1f3043-9718-4388-bd35-578f8717dbe6,ACC-STUDENT-001,2025-07-01T16:20:00Z,2088.22,NPR,DEBIT,COMPLETED,New Shoes,Miniso,Shopping
45da423f-c630-467e-bcee-26ab66209e58,ACC-STUDENT-001,2025-06-11T18:34:00Z,125.77,NPR,DEBIT,COMPLETED,Taxi Ride,Local Taxi,Transport
e0ce5c2a-80fb-4297-9cf2-4375b5e80a65,ACC-STUDENT-003,2025-08-21T08:30:00Z,336.7,NPR,DEBIT,COMPLETED,Chiya,Coffee Point,Coffee
0c8c481e-786a-46ef-bbb6-a89623b1d522,ACC-STUDENT-003,2025-11-12T19:58:00Z,190.26,NPR,DEBIT,COMPLETED,Breakfast,Canteen,Food
1d73a1f5-56a9-47f9-8413-97f06df068cd,ACC-STUDENT-005,2025-03-15T09:43:00Z,95.14,NPR,DEBIT,COMPLETED,Taxi Ride,InDrive,Transport
6b118177-6526-4298-a3e6-363023da254d,ACC-STUDENT-002,2025-04-09T20:38:00Z,674.92,NPR,DEBIT,COMPLETED,Burger & Fries,Restaurant,Food
92c87c84-c478-43a7-9937-d87c6205e819,ACC-STUDENT-003,2025-10-22T19:36:00Z,637.26,NPR,DEBIT,COMPLETED,Coke and Momo,Bakery,Food
b6c9e006-a92e-4bfa-bd1a-9ba937b12f1c,ACC-STUDENT-005,2025-11-05T16:20:00Z,2896.54,NPR,DEBIT,COMPLETED,Gift for Mom,Daraz,Shopping
ee8e1feb-11d7-47ad-b2db-c4e64b9532b5,ACC-STUDENT-002,2025-06-04T12:56:00Z,219.14,NPR,DEBIT,COMPLETED,Coke and Momo,Burger House,Food
8164defe-b2de-4cfc-b42f-785b4f62f334,ACC-STUDENT-001,2025-08-26T20:52:00Z,579.47,NPR,DEBIT,COMPLETED,Snacks,Cafe,Food
8a3ee105-2a17-447c-9b5d-1d9ea4989663,ACC-STUDENT-001,2025-08-26T09:47:00Z,225.95,NPR,DEBIT,COMPLETED,Bus Ticket,Local Taxi,Transport
a716b029-c14b-4a60-a338-4f7310ac26b3,ACC-STUDENT-005,2025-03-13T12:10:00Z,787.72,NPR,DEBIT,COMPLETED,Dinner,Restaurant,Food
201833fa-9a74-41d0-a41d-039b3fc3c81d,ACC-STUDENT-002,2025-06-16T09:50:00Z,50.98,NPR,DEBIT,COMPLETED,Ride Sharing,Microbus,Transport
add0f12e-f435-4fa9-9a27-8f477f303938,ACC-STUDENT-002,2025-07-23T16:20:00Z,5945.8,NPR,DEBIT,COMPLETED,Birthday Gift,Miniso,Shopping
c502901a-3435-49c2-9ac3-2f9df1557eaa,ACC-STUDENT-003,2025-07-09T09:55:00Z,496.14,NPR,DEBIT,COMPLETED,Bus Ticket,Bus,Transport
262b7307-c8a9-43b2-b1f1-d8d2fbc955d0,ACC-STUDENT-003,2025-10-19T20:20:00Z,707.19,NPR,DEBIT,COMPLETED,Breakfast,Cafe,Food
9bad20db-8703-4fb5-8658-c4c7cacae68d,ACC-STUDENT-001,2025-10-02T18:46:00Z,68.98,NPR,DEBIT,COMPLETED,,InDrive,Transport
2117e644-b7bb-4f04-824e-e5e3a00dc432,ACC-STUDENT-004,2025-01-31T08:30:00Z,161.44,NPR,DEBIT,COMPLETED,Iced Coffee,Coffee Point,Coffee
f909ef4c-bc01-4497-ae1e-749709bd16bc,ACC-STUDENT-004,2025-10-13T08:30:00Z,269.42,NPR,DEBIT,COMPLETED,Americano,Himalayan Java,Coffee
3b9272df-1b4c-476e-bf42-3c693648a362,ACC-STUDENT-005,2025-09-18T09:14:00Z,83.86,NPR,DEBIT,COMPLETED,Micro Fare,Microbus,Transport
9aa466a0-822c-4a04-bf26-badd36474b50,ACC-STUDENT-004,2025-04-02T12:52:00Z,475.03,NPR,DEBIT,COMPLETED,Meals,,Food
98787ffa-2e51-45dc-974e-f15433660be8,ACC-STUDENT-004,2025-02-18T13:03:00Z,-757.26,NPR,DEBIT,COMPLETED,Lunch,Boba Shop,Food
4a8dc132-97e0-4ab1-b74c-fdffb075d9b5,ACC-STUDENT-004,2025-03-15T17:51:00Z,144.26,NPR,DEBIT,COMPLETED,Daily Commute,Local Taxi,Transport
31cd6d6f-9b3c-461f-9fd4-d28be044f4ea,ACC-STUDENT-001,2025-10-18T13:12:00Z,595.48,NPR,DEBIT,COMPLETED,Lunch,Boba Shop,Food
cdad8f9b-8330-4ced-8da9-54230f906db8,ACC-STUDENT-005,2025/03/06,173.54,NPR,DEBIT,COMPLETED,Micro Fare,Local Taxi,Transport
b947560f-6b68-469a-9072-c3b8c12b5f68,ACC-STUDENT-003,2025-09-09T19:52:00Z,563.11,NPR,DEBIT,COMPLETED,Dinner,Restaurant,Food
5fe40788-57fa-4028-8ab4-6d76baada050,ACC-STUDENT-005,2025-08-21T20:56:00Z,746.01,NPR,DEBIT,COMPLETED,Coke and Momo,Restaurant,Food
dcf64413-3f75-4c93-b06f-94f7324ee865,ACC-STUDENT-003,2025-12-11T17:27:00Z,225.88,NPR,DEBIT,COMPLETED,Ride Sharing,Sajha Yatayat,transport
2212a7d6-4ad6-4861-9e21-a794e068f8ec,ACC-STUDENT-005,2025-04-11T13:48:00Z,562.49,NPR,DEBIT,COMPLETED,Burger & Fries,Local Eatery,food
499e1b06-b42e-4629-ae44-0186fd2d089b,ACC-STUDENT-003,2025-05-30T13:06:00Z,351.23,NPR,DEBIT,COMPLETED,Breakfast,Restaurant,Food
c560f41a-1e9e-4649-b040-e0dd297f7987,ACC-STUDENT-003,2025-06-17T08:30:00Z,324.27,NPR,DEBIT,COMPLETED,Americano,Beans Cafe,Coffee
301238c3-318b-469f-83c6-3bb04eb51b21,ACC-STUDENT-003,2025-06-30T13:14:00Z,558.96,NPR,DEBIT,COMPLETED,Dinner,Burger House,Food
5d3ec8b0-d697-415c-bbeb-eb4f8b52f09c,ACC-STUDENT-005,2025-10-28T16:20:00Z,1570.65,NPR,DEBIT,COMPLETED,Shopping,Local Store,Shopping
ef079bdf-b7d0-43d5-975b-0dfe1b3339ea,ACC-STUDENT-001,2025-11-19T12:39:00Z,791.17,NPR,DEBIT,COMPLETED,Snacks,Boba Shop,Food
476ed2e2-5c3f-4e09-bc8d-417199179f4d,ACC-STUDENT-005,2025-03-28T17:35:00Z,416.19,NPR,DEBIT,COMPLETED,Micro Fare,Bus,Transport
735a224c-34d0-433c-8c1b-70b315f9723f,ACC-STUDENT-003,2025-03-21T09:54:00Z,81.63,NPR,DEBIT,COMPLETED,Daily Commute,InDrive,Transport
1632b7be-a63a-4a16-a9e1-c33fc17e48a4,ACC-STUDENT-001,2025-09-20T17:54:00Z,230.27,NPR,DEBIT,COMPLETED,Micro Fare,Pathao,Transport
a46803fc-01c2-4dc6-83bb-126a74bbe9d1,ACC-STUDENT-005,2026-01-06T19:47:00Z,555.71,NPR,DEBIT,COMPLETED,Breakfast,Restaurant,Food
95631e53-fbf2-4f3d-ad1f-627adaebf575,ACC-STUDENT-004,2025-12-15T13:43:00Z,672.49,NPR,DEBIT,COMPLETED,Lunch,Boba Shop,Food
aa59a070-8e8f-407c-8a6e-0e21dbaf7f15,ACC-STUDENT-001,2025/06/10,499.69,NPR,DEBIT,COMPLETED,Micro Fare,Local Taxi,Transport
2a47773f-29d8-478f-8b29-8f5fe2d59a3a,ACC-STUDENT-005,2025-09-07T12:00:00Z,2401.09,NPR,DEBIT,COMPLETED,Rice and Oil,Saleways,Groceries
3a464ffb-2b89-477d-88cb-32ca24fb8582,ACC-STUDENT-004,2025-10-08T17:38:00Z,144.46,NPR,DEBIT,COMPLETED,Daily Commute,Sajha Yatayat,Transport
54cf19f2-6041-44ad-b250-e980375592d5,ACC-STUDENT-002,2025-02-23T17:25:00Z,491.88,NPR,DEBIT,COMPLETED,Ride Sharing,Sajha Yatayat,Transport
d9ded26c-e814-4cfb-a0ee-acbece721354,ACC-STUDENT-003,2025-10-07T20:58:00Z,239.63,NPR,DEBIT,COMPLETED,Meals,Restaurant,food
1f40b90e-3dcf-465a-bc4f-73e91aa699f0,ACC-STUDENT-003,2025-10-22T19:35:00Z,507.89,NPR,DEBIT,COMPLETED,Coke and Momo,Local Eatery,Food
5beb86db-0e4f-432c-b81d-b3575cdb1c04,ACC-STUDENT-004,2025-08-20T17:22:00Z,312.19,NPR,DEBIT,COMPLETED,Ride Sharing,Microbus,Transport
f7d82c09-6263-4d9e-8923-617e6324a0c8,ACC-STUDENT-002,2025-12-18T17:50:00Z,121.75,NPR,DEBIT,COMPLETED,Micro Fare,Sajha Yatayat,Transport
03e2aa68-57b8-4d6f-ab7d-d2ad272501d7,ACC-STUDENT-003,2025-05-01T12:14:00Z,181.9,NPR,DEBIT,COMPLETED,Dinner,Boba Shop,Food
80f5a3fc-6fdf-41e1-b6a6-3819067ba849,ACC-STUDENT-004,2025-02-10T12:36:00Z,262.91,NPR,DEBIT,COMPLETED,Burger & Fries,Local Eatery,Food
a1f25999-6ec4-460a-b689-54d937b5e009,ACC-STUDENT-005,2025-10-25T12:15:00Z,257.24,NPR,DEBIT,COMPLETED,Burger & Fries,Local Eatery,Food
35be740d-e625-4ea0-98cd-42496d656f39,ACC-STUDENT-001,2025-09-25T09:15:00Z,381.92,NPR,DEBIT,COMPLETED,Micro Fare,Microbus,Transport
5a45e85f-d60f-49ad-90ee-84032084bffa,ACC-STUDENT-001,2025-01-21T18:30:00Z,476.08,NPR,DEBIT,COMPLETED,Ride Sharing,Local Taxi,Transport
76ed08e9-7ab3-42af-a499-17a12c47de5d,ACC-STUDENT-002,2025-12-19T08:30:00Z,156.58,NPR,DEBIT,COMPLETED,Chiya,Red Mug Cafe,coffee
26093935-6690-4fdc-8124-19fdc15e078f,ACC-STUDENT-002,2025-11-25T19:06:00Z,198.38,NPR,DEBIT,COMPLETED,,Restaurant,Food
faa98b4f-d87d-4904-a700-77547ed155ca,ACC-STUDENT-001,2025-08-18T20:15:00Z,0.0,NPR,DEBIT,COMPLETED,Breakfast,Boba Shop,Food
0ef1e717-de00-4f84-9aa2-e10b5140f05c,ACC-STUDENT-003,2025-12-03T12:25:00Z,520.1,NPR,DEBIT,COMPLETED,Burger & Fries,Local Eatery,food
dbe7e68a-cf47-47ee-8dd0-bc39ec9390a7,ACC-STUDENT-004,2025-10-01T17:26:00Z,256.86,NPR,DEBIT,COMPLETED,Ride Sharing,Sajha Yatayat,Transport
50bbcda7-824d-477a-834f-31dfbe87e77a,ACC-STUDENT-001,2025-04-04T20:57:00Z,692.82,NPR,DEBIT,COMPLETED,Dinner,Burger House,Food
55d34c3f-459d-4911-8b42-4d8a0ba6aa1f,ACC-STUDENT-001,2025-07-29T17:56:00Z,0.0,NPR,DEBIT,COMPLETED,Daily Commute,Microbus,Transport
96c67e0c-3fab-4f4a-b682-684fb127c32a,ACC-STUDENT-005,2025-09-10T13:46:00Z,759.17,NPR,DEBIT,COMPLETED,,Cafe,Food
8e5cf9d8-5865-4bb6-824f-8fde7f130024,ACC-STUDENT-002,2025-11-05T20:02:00Z,579.45,NPR,DEBIT,COMPLETED,Burger & Fries,Canteen,Food
969caaf9-a1af-4ad7-9696-22ce0a24b265,ACC-STUDENT-005,2025-02-07T13:33:00Z,789.07,NPR,DEBIT,COMPLETED,Breakfast,Restaurant,Food
81bc3aad-506b-4d1a-aefc-50fd4bcc9c32,ACC-STUDENT-005,2025/05/15,150.45,NPR,DEBIT,COMPLETED,Taxi Ride,InDrive,Transport
d3d8bc09-6e1c-4cab-a8d2-b5214f66abef,ACC-STUDENT-001,2025-01-20T12:18:00Z,432.6,NPR,DEBIT,COMPLETED,Snacks,Canteen,Food
e737ba5a-fd12-422d-bf4e-aa11c7cdbe38,ACC-STUDENT-003,2025-02-24T09:57:00Z,104.03,NPR,DEBIT,COMPLETED,Ride Sharing,Local Taxi,Transport
5c95bc9a-5135-463e-ae0e-3b59bac986fc,ACC-STUDENT-001,2025-09-20T13:31:00Z,425.56,NPR,DEBIT,COMPLETED,Snacks,Burger House,Food
8d97b75f-3ae8-4cf6-a7df-36315f56927c,ACC-STUDENT-001,2025-09-29T20:53:00Z,395.93,NPR,DEBIT,COMPLETED,Dinner,Canteen,Food
6fbcd133-986b-46bf-9891-6c8f3ee0f0e6,ACC-STUDENT-001,2025-11-02T09:09:00Z,434.22,NPR,DEBIT,COMPLETED,Bus Ticket,InDrive,Transport
e3c7a844-2cc4-4095-9610-1eade78cd17b,ACC-STUDENT-005,2025-01-29T19:57:00Z,265.67,NPR,DEBIT,COMPLETED,Burger & Fries,Bakery,Food
345339db-b934-4cb9-a6ee-4a4ae6e6e5f0,ACC-STUDENT-001,2026-01-02T18:37:00Z,208.23,NPR,DEBIT,COMPLETED,Ride Sharing,Bus,Transport
0d8909a5-5155-40ed-a331-cb1a4866aa1b,ACC-STUDENT-004,2025-07-25T08:30:00Z,124.09,NPR,DEBIT,COMPLETED,Iced Coffee,Local Tea Stall,Coffee
08fc19dc-8634-4b67-b41e-9d46d018047d,ACC-STUDENT-005,2025/05/26,700.31,NPR,DEBIT,COMPLETED,Snacks,Burger House,Food
98ea7645-07c6-4f75-8edb-4370407fb106,ACC-STUDENT-001,2025-04-02T20:32:00Z,385.19,NPR,DEBIT,COMPLETED,Dinner,Restaurant,FOOD
7c4a330d-c7b3-4242-8717-db3f02d91d74,ACC-STUDENT-002,2025-08-21T13:12:00Z,314.12,NPR,DEBIT,COMPLETED,Snacks,Burger House,Food
7d70868a-a79d-430b-9f0e-efd7823ea8c2,ACC-STUDENT-001,2025-12-29T18:26:00Z,411.66,NPR,DEBIT,COMPLETED,Taxi Ride,Pathao,transport
b4c9880f-dc6a-4db9-bc2f-5ca4aacf1a97,ACC-STUDENT-002,2025-11-13T19:21:00Z,341.94,NPR,DEBIT,COMPLETED,Snacks,Restaurant,Food
421a4a47-735a-4c33-822c-3120847c0175,ACC-STUDENT-001,2025-06-26T08:30:00Z,101.99,NPR,DEBIT,COMPLETED,Latte,Beans Cafe,Coffee
3ea2b00c-a9bc-4bfb-8288-a8a73d0beddc,ACC-STUDENT-002,2025/02/18,360.81,NPR,DEBIT,COMPLETED,Daily Commute,Microbus,Transport
94371960-cadd-48e3-bfbc-8ce7f57253e7,ACC-STUDENT-004,2025-01-14T20:34:00Z,582.23,NPR,DEBIT,COMPLETED,Dinner,Bakery,Food
f64501c8-04d5-4e2f-a01a-11af10924180,ACC-STUDENT-001,2025-12-30 08:30:00,175.81,NPR,DEBIT,COMPLETED,Cappuccino,Beans Cafe,Coffee
cf77375a-cd5f-49ca-9c1b-ca4a57f616ab,ACC-STUDENT-004,2025-08-26T12:51:00Z,159.61,NPR,DEBIT,COMPLETED,Breakfast,Local Eatery,Food
cd9c2dfe-722a-47fc-8815-ff6e499bbf24,ACC-STUDENT-003,2025-09-29T17:03:00Z,256.71,NPR,DEBIT,COMPLETED,Ride Sharing,Pathao,Transport
efa000a7-075f-4129-a7d5-8959d5211cfa,ACC-STUDENT-002,2025-12-21T12:00:00Z,3629.28,NPR,DEBIT,COMPLETED,Monthly Supplies,,Groceries
d4e366ab-c157-43f4-ba6f-2eb6636cd1a6,ACC-STUDENT-001,2025-10-24T12:35:00Z,496.43,NPR,DEBIT,COMPLETED,Coke and Momo,Canteen,Food
1e44c56e-7a0a-4456-ab33-1a3158038621,ACC-STUDENT-004,2025/09/19,190.35,NPR,DEBIT,COMPLETED,Daily Commute,Bus,Transport
79970940-cdb6-440e-a153-27828e1d0aa3,ACC-STUDENT-004,2025-07-15T09:21:00Z,345.77,NPR,DEBIT,COMPLETED,Taxi Ride,Bus,Transport
e39b065b-007e-4fc8-ae0c-7f2907e14166,ACC-STUDENT-005,2025-10-27T18:48:00Z,230.2,NPR,DEBIT,COMPLETED,Micro Fare,Local Taxi,Transport
df21d14c-a399-458c-b317-a91b4f6565b6,ACC-STUDENT-005,2025-07-10T14:30:00Z,5516.07,NPR,CREDIT,COMPLETED,Tutoring fee,Family Transfer,Income
946c1f29-0d09-45c9-84cc-c2a5e81bc04f,ACC-STUDENT-002,2025-08-15T20:09:00Z,563.53,NPR,DEBIT,COMPLETED,Lunch,Cafe,Food
52de926b-5b43-4d9c-af7d-1eeebf1e980d,ACC-STUDENT-004,2026-01-10T20:57:00Z,779.0,NPR,DEBIT,COMPLETED,Breakfast,Cafe,Food
a13649d7-31ca-4a3b-ab47-c953cd2a2e47,ACC-STUDENT-002,2025-05-02T18:28:00Z,155.1,NPR,DEBIT,COMPLETED,Micro Fare,Sajha Yatayat,Transport
e4f5f94a-2174-4670-adbe-e61234a20820,ACC-STUDENT-005,2025-11-15T20:37:00Z,618.42,NPR,DEBIT,COMPLETED,Lunch,Canteen,Food
ffa09ec3-abad-441c-9dff-61f9a71ebe9b,ACC-STUDENT-002,2025-07-24T18:03:00Z,227.0,NPR,DEBIT,COMPLETED,Micro Fare,,Transport
d51279fd-9a9e-4bf2-be93-c8567971353a,ACC-STUDENT-001,2025-04-07T16:20:00Z,2172.84,NPR,DEBIT,COMPLETED,Gift for Mom,Bhatbhateni Fashion,Shopping
8a412a0f-dc5e-42e5-8750-e3fbd2c92b98,ACC-STUDENT-002,2025-03-24T12:08:00Z,352.58,NPR,DEBIT,COMPLETED,Snacks,Local Eatery,Food
0be980c2-17da-4814-aaff-54c4c955640f,ACC-STUDENT-002,2025-08-01T18:44:00Z,372.12,NPR,DEBIT,COMPLETED,Micro Fare,Sajha Yatayat,Transport
c6c5aa3e-0d21-4f69-8386-7d2fbc2ba331,ACC-STUDENT-001,2025-07-01T13:01:00Z,768.86,NPR,DEBIT,COMPLETED,Breakfast,Bakery,Food
7454bd97-6716-4b8e-961f-45a0bba590df,ACC-STUDENT-003,2025-08-06T09:09:00Z,495.54,NPR,DEBIT,COMPLETED,Daily Commute,Sajha Yatayat,Transport
494e048f-2a3b-451c-94ed-4669d2c5fef8,ACC-STUDENT-002,2025-11-18T16:20:00Z,4135.55,NPR,DEBIT,COMPLETED,Gift for Mom,Daraz,Shopping
67d84c3a-28d3-4ed1-aa91-e9559d944658,ACC-STUDENT-002,2025-09-03T18:24:00Z,478.61,NPR,DEBIT,COMPLETED,Taxi Ride,InDrive,Transport
6ac9cdcd-1d1d-4a43-93b7-e66510d8d7cf,ACC-STUDENT-004,2025-02-10T20:16:00Z,601.86,NPR,DEBIT,COMPLETED,Breakfast,Burger House,Food
b6cb52b2-9d5a-486e-843b-5c0a26159cad,ACC-STUDENT-005,2025-06-14T12:00:00Z,2654.18,NPR,DEBIT,COMPLETED,Monthly Supplies,Saleways,Groceries
b154dfc7-9791-4a58-a505-11197acdfde7,ACC-STUDENT-003,2025-12-02T08:30:00Z,140.28,NPR,DEBIT,COMPLETED,Iced Coffee,Red Mug Cafe,Coffee
ade2591d-c004-481a-9948-bbba91c67e59,ACC-STUDENT-003,2025-09-24T08:30:00Z,238.86,NPR,DEBIT,COMPLETED,Cappuccino,Himalayan Java,Coffee
649b862f-fa06-4236-8398-c540a8060f67,ACC-STUDENT-003,2025-02-15 17:10:00,313.92,NPR,DEBIT,COMPLETED,Taxi Ride,Bus,Transport
e6e1773f-6897-4c72-b586-23972f0ad5d6,ACC-STUDENT-004,2025-07-09T12:40:00Z,457.4,NPR,DEBIT,COMPLETED,,Restaurant,Food
70e719d6-301a-42d9-aec5-47c9bdd4917c,ACC-STUDENT-005,2025-08-16T20:43:00Z,425.79,NPR,DEBIT,COMPLETED,Burger & Fries,Local Eatery,Food
5f8183a7-3208-4b94-ab4c-a9adb8871d0a,ACC-STUDENT-005,2025-08-19T08:30:00Z,116.06,NPR,DEBIT,COMPLETED,Chiya,Local Tea Stall,Coffee
ae785fa9-c426-4f63-89bb-2a59d0ac685e,ACC-STUDENT-001,2025-06-21T13:51:00Z,251.0,NPR,DEBIT,COMPLETED,Dinner,Bakery,Food
f6581f46-e3c1-4484-b93e-7eb93141010a,ACC-STUDENT-004,2025-09-27T12:00:00Z,3072.57,NPR,DEBIT,COMPLETED,Weekly Groceries,Big Mart,Groceries
ea1f0f43-1b95-49e8-bf6e-50737fc391f4,ACC-STUDENT-002,2025-12-08T08:30:00Z,203.72,NPR,DEBIT,COMPLETED,Latte,Local Tea Stall,Coffee
57bb4cb6-ced6-436a-a2dc-06e7df3e2d3b,ACC-STUDENT-003,2025-12-01T09:36:00Z,363.18,NPR,DEBIT,COMPLETED,Ride Sharing,Local Taxi,Transport
4705cbc0-d901-44ca-9d21-5221c4a37c57,ACC-STUDENT-004,2025-05-03T12:00:00Z,2957.56,NPR,DEBIT,COMPLETED,Weekly Groceries,Saleways,Groceries
ff9d9553-5be3-4411-8399-94d457af3a38,ACC-STUDENT-005,2025-03-14T20:00:00Z,439.78,NPR,DEBIT,COMPLETED,Burger & Fries,Boba Shop,Food
b48b0812-f30f-49b0-bbfc-a315759d37dd,ACC-STUDENT-002,2025-05-10T20:25:00Z,196.69,NPR,DEBIT,COMPLETED,Coke and Momo,Restaurant,Food
f0922d58-7304-4aa3-9e0a-e632ac74fc78,ACC-STUDENT-003,2025-01-15 13:42:00,598.17,NPR,DEBIT,COMPLETED,Meals,Burger House,Food
c80ffde9-9fb5-45b8-b8c9-d7643ea96118,ACC-STUDENT-005,2025/03/17,303.65,NPR,DEBIT,COMPLETED,Ride Sharing,Microbus,Transport
a04aa953-d649-4aa1-94e8-b256daad6083,ACC-STUDENT-002,2025-05-06T18:07:00Z,307.78,NPR,DEBIT,COMPLETED,Ride Sharing,Local Taxi,Transport
cf40b4cd-c53b-44fa-8691-bae454a8547e,ACC-STUDENT-002,2025-09-05T09:28:00Z,130.91,NPR,DEBIT,COMPLETED,Taxi Ride,Local Taxi,Transport
6954a41b-838e-44e9-ba0f-9cff13707b8a,ACC-STUDENT-003,2025-07-11T08:30:00Z,221.06,NPR,DEBIT,COMPLETED,Americano,Red Mug Cafe,Coffee
68447287-6226-45d1-9611-5409a0684a00,ACC-STUDENT-002,2025-11-13T18:16:00Z,305.7,NPR,DEBIT,COMPLETED,Bus Ticket,Bus,Transport
4ab25049-59da-4733-bc34-09b8827a0cbf,ACC-STUDENT-004,2025-05-09T20:47:00Z,763.34,NPR,DEBIT,COMPLETED,Lunch,Canteen,Food
0400ac69-1b19-4ea2-bc36-e081237e71ff,ACC-STUDENT-001,2026-01-08T20:27:00Z,289.28,NPR,DEBIT,COMPLETED,Lunch,Bakery,Food
f3321f4f-ea5c-4f40-beec-69ae610e31f9,ACC-STUDENT-005,2025-05-02T19:41:00Z,523.82,NPR,DEBIT,COMPLETED,Breakfast,Bakery,Food
1ea87fd1-b9c4-4ad3-a37d-013f472e0532,ACC-STUDENT-005,2025-07-17T08:30:00Z,126.28,NPR,DEBIT,COMPLETED,Chiya,Local Tea Stall,Coffee
0294375a-ff58-4097-8624-50ebee92ab8e,ACC-STUDENT-004,2025-01-21T09:19:00Z,247.26,NPR,DEBIT,COMPLETED,Bus Ticket,,Transport
7cb2ea33-8be0-4623-b76f-8f33ae3ecc1c,ACC-STUDENT-004,2025-11-09T20:13:00Z,727.49,NPR,DEBIT,COMPLETED,Meals,Restaurant,Food
7f3df299-928a-4fc7-9f85-e4b91d709833,ACC-STUDENT-002,2025-04-04T17:28:00Z,433.82,NPR,DEBIT,COMPLETED,Daily Commute,Local Taxi,Transport
eadba381-27bc-40f3-ae32-18db6cd26e9b,ACC-STUDENT-005,2025-07-10T19:15:00Z,377.4,NPR,DEBIT,COMPLETED,,Burger House,Food
5200a13c-f1ad-4dd3-b95c-7a52e85e3bd0,ACC-STUDENT-002,2025-09-14T12:00:00Z,2909.58,NPR,DEBIT,COMPLETED,Weekly Groceries,Big Mart,Groceries
ac8ea103-b31b-41d5-a18b-5a6b611eaee0,ACC-STUDENT-002,2025-11-16T12:53:00Z,635.07,NPR,DEBIT,COMPLETED,,Boba Shop,FOOD
3e0f98c6-20f9-4be5-9804-7345d838bd90,ACC-STUDENT-001,2025-04-14T12:08:00Z,193.7,NPR,DEBIT,COMPLETED,Breakfast,Burger House,Food
79faf360-9a7d-4888-ac3c-118f48220635,ACC-STUDENT-005,2025-07-24 17:04:00,181.41,NPR,DEBIT,COMPLETED,Bus Ticket,Local Taxi,Transport
f1c3bdd4-aba7-4675-9477-bbea9358f79c,ACC-STUDENT-003,2025-06-03T09:02:00Z,447.07,NPR,DEBIT,COMPLETED,Daily Commute,Microbus,Transport
758c994f-27b7-41dd-9a22-55a8d674ddb6,ACC-STUDENT-005,2025-01-28T13:13:00Z,334.66,NPR,DEBIT,COMPLETED,Lunch,Restaurant,Food
0ee02e15-2e0a-4b50-a0e5-8c283f88fbdd,ACC-STUDENT-004,2025-02-20T16:20:00Z,5415.62,NPR,DEBIT,COMPLETED,T-shirt,Bhatbhateni Fashion,Shopping
95c14c3c-8582-4f71-876d-5d8f36db3535,ACC-STUDENT-001,2025-08-27T17:13:00Z,386.73,NPR,DEBIT,COMPLETED,Taxi Ride,Pathao,Transport
53b0aeb3-f96c-48a4-842c-9482fd6348d6,ACC-STUDENT-003,2025-05-10T19:10:00Z,462.23,NPR,DEBIT,COMPLETED,Snacks,Cafe,Food
789580ac-7c7e-48f3-afb5-08c2e672198b,ACC-STUDENT-002,2025-05-08T17:54:00Z,367.94,NPR,DEBIT,COMPLETED,Micro Fare,Microbus,Transport
80a8766d-3410-418b-9b41-67177e36c1d5,ACC-STUDENT-003,2025-08-23T20:37:00Z,763.13,NPR,DEBIT,COMPLETED,Coke and Momo,Boba Shop,Food
be7e378b-265f-4c94-8300-36916f49bda4,ACC-STUDENT-001,2025-01-24T20:29:00Z,711.49,NPR,DEBIT,COMPLETED,Meals,Burger House,Food
b2de7aa5-82ae-4621-906e-83176b59c661,ACC-STUDENT-004,2025-07-16T18:54:00Z,463.25,NPR,DEBIT,COMPLETED,Ride Sharing,Pathao,Transport
48cc7d0c-cf63-46fb-99bb-dd16375cd225,ACC-STUDENT-001,2025-09-27T16:20:00Z,5315.76,NPR,DEBIT,COMPLETED,Books,Clothing Shop,Shopping
5a2020cc-eab1-403b-96be-d92b6f207bc5,ACC-STUDENT-004,2025-02-02T18:30:00Z,685.38,NPR,DEBIT,COMPLETED,Movie Ticket,QFX Cinemas,Entertainment
395d01fd-9888-4198-b5c7-ab52897aaffe,ACC-STUDENT-004,2025-03-19T09:06:00Z,317.6,NPR,DEBIT,COMPLETED,Bus Ticket,InDrive,Transport
caed227f-b511-4c50-8b73-f730d11a3fd0,ACC-STUDENT-001,2025/10/15,358.58,NPR,DEBIT,COMPLETED,Spotify Premium,Spotify,Entertainment
0a872ab9-e4bc-45a1-b4b6-9525bdb19ab2,ACC-STUDENT-001,2025-10-17T08:30:00Z,254.0,NPR,DEBIT,COMPLETED,Cappuccino,Red Mug Cafe,Coffee
de9dcbef-07bf-4113-8429-c1c36faab58e,ACC-STUDENT-005,2025-03-02T19:19:00Z,Rs. 197.72,NPR,DEBIT,COMPLETED,Coke and Momo,Boba Shop,Food
15f9fa3f-e5e9-44aa-8460-474e810a9efa,ACC-STUDENT-002,2025-02-14T09:07:00Z,417.19,NPR,DEBIT,COMPLETED,Ride Sharing,Bus,Transport
11034f4c-e26e-47f4-b7f8-5b4aad856ab3,ACC-STUDENT-002,2025-03-28T08:30:00Z,143.57,NPR,DEBIT,COMPLETED,Cappuccino,Red Mug Cafe,Coffee
c88251f1-326a-4eaf-a0e4-f3a5093b3a51,ACC-STUDENT-004,2025-03-20 13:19:00,747.34,NPR,DEBIT,COMPLETED,Snacks,Boba Shop,Food
8d96b12e-64bf-45ed-aa18-0ef9c8236c45,ACC-STUDENT-005,2025-01-26T12:00:00Z,3786.07,NPR,DEBIT,COMPLETED,Dairy Products,Saleways,Groceries
359cfb4b-76f1-4a37-994a-93ffd6056b9e,ACC-STUDENT-004,2025-04-28T08:30:00Z,225.86,NPR,DEBIT,COMPLETED,Chiya,Coffee Point,Coffee
9fd7f730-02cc-4d9b-b9b8-3066e478b737,ACC-STUDENT-002,2025-01-27T09:52:00Z,122.15,NPR,DEBIT,COMPLETED,Taxi Ride,InDrive,Transport
993c9423-76e6-4d49-a177-62920dcfd907,ACC-STUDENT-005,2025-11-05T11:15:00Z,"Rs. 1,628.97",NPR,DEBIT,COMPLETED,WiFi Internet,Worldlink,Utilities
bd6ee78c-800a-4895-aae3-ffe0614a36af,ACC-STUDENT-001,2025-10-18T20:39:00Z,244.78,NPR,DEBIT,COMPLETED,Meals,Boba Shop,Food
680803bd-287b-4add-89e8-1dd12877979e,ACC-STUDENT-003,2025/02/06,456.21,NPR,DEBIT,COMPLETED,Daily Commute,InDrive,Transport
42688e4c-a100-43c5-80b1-4d5a0cde6842,ACC-STUDENT-002,2025-04-18T12:14:00Z,163.79,NPR,DEBIT,COMPLETED,Breakfast,Canteen,Food
f4158b35-3707-4c49-a664-ddf7dd298c2c,ACC-STUDENT-001,2026-01-09T20:18:00Z,790.23,NPR,DEBIT,COMPLETED,Snacks,Cafe,Food
4e2c37c0-7e6e-48ff-b9cd-9def68274687,ACC-STUDENT-003,2025-11-13T09:27:00Z,61.91,NPR,DEBIT,COMPLETED,Taxi Ride,Pathao,Transport
981e1228-eca8-47eb-8c4b-7271fbd19c9b,ACC-STUDENT-002,2025-02-03T09:20:00Z,369.62,NPR,DEBIT,COMPLETED,Micro Fare,Pathao,Transport
08ba74d8-274f-4808-b161-83b99f071de1,ACC-STUDENT-002,2025-07-11T08:30:00Z,211.03,NPR,DEBIT,COMPLETED,Cappuccino,Himalayan Java,Coffee
2e69632b-e112-4b5d-9840-33707572b82c,ACC-STUDENT-004,2025-08-25T08:30:00Z,245.79,NPR,DEBIT,COMPLETED,Chiya,Red Mug Cafe,Coffee
8561402c-1fdd-4871-8616-50bdcf4aed83,ACC-STUDENT-005,2025-04-15T08:00:00Z,337.77,NPR,DEBIT,COMPLETED,Spotify Premium,Spotify,Entertainment
dc5d54c2-5baf-4549-97c3-ae76760882fa,ACC-STUDENT-003,2025-06-18T13:00:00Z,515.17,NPR,DEBIT,COMPLETED,Breakfast,Bakery,food
8e3722b3-8305-4194-92b6-97cf975ca7df,ACC-STUDENT-002,2025-08-06T12:17:00Z,720.14,NPR,DEBIT,COMPLETED,Coke and Momo,Local Eatery,Food
83f5ce6b-8494-489d-bd15-0bd7db6580dc,ACC-STUDENT-001,2025-09-22T17:53:00Z,333.44,NPR,DEBIT,COMPLETED,Micro Fare,Microbus,Transport
80669ac1-6b2f-4c60-a26e-579f8c6abfc4,ACC-STUDENT-004,2025-10-21T18:20:00Z,365.97,NPR,DEBIT,COMPLETED,Bus Ticket,Sajha Yatayat,Transport
81eb0bc6-3574-463a-9ae7-e010dba4c362,ACC-STUDENT-004,2025-03-04T18:45:00Z,328.0,NPR,DEBIT,COMPLETED,,Bus,Transport
bee8a8dc-0d69-4d99-bfcd-c4a1a0debe6b,ACC-STUDENT-004,2025-04-25T12:19:00Z,304.55,NPR,DEBIT,COMPLETED,Breakfast,Canteen,Food
e95ad4a2-f103-46c3-93d0-d7b7911df493,ACC-STUDENT-001,2025-01-14T08:30:00Z,279.0,NPR,DEBIT,COMPLETED,Cappuccino,Local Tea Stall,Coffee
560eab23-3c2f-49b3-8272-1630d2d14d37,ACC-STUDENT-002,2025-08-29T12:55:00Z,617.89,NPR,DEBIT,COMPLETED,Breakfast,Canteen,Food
ca89f842-f1fb-49fb-adbb-3f832831d980,ACC-STUDENT-001,2025-09-11T08:30:00Z,176.66,NPR,DEBIT,COMPLETED,Chiya,Local Tea Stall,Coffee
43644d7f-b6ba-4bd1-9ea9-2140e491a42c,ACC-STUDENT-003,2025-02-20T13:34:00Z,154.78,NPR,DEBIT,COMPLETED,Coke and Momo,Burger House,food
fb463e83-0c5d-4522-a861-ea0ca4ae8123,ACC-STUDENT-002,2025-12-06T17:01:00Z,478.09,NPR,DEBIT,COMPLETED,Taxi Ride,Microbus,Transport
8d2daaaf-fd2f-4554-b076-ce17d79af438,ACC-STUDENT-002,2025-07-05T20:33:00Z,289.17,NPR,DEBIT,COMPLETED,Dinner,Cafe,Food
473a33a3-2f74-47f2-a185-7b82ac7ffc54,ACC-STUDENT-002,2025-04-06T20:24:00Z,0.0,NPR,DEBIT,COMPLETED,Snacks,Canteen,Food
88537249-3c41-47a4-9c91-f1756f7da0c4,ACC-STUDENT-002,2025-07-05T11:15:00Z,1306.22,NPR,DEBIT,COMPLETED,WiFi Internet,Worldlink,Utilities
45e96dd8-3fb5-4ebd-a371-93e2603eb656,ACC-STUDENT-005,2025-10-14T13:02:00Z,474.16,NPR,DEBIT,COMPLETED,Breakfast,Boba Shop,FOOD
9dbde2c8-3d06-4612-b6d2-1f9cf7b65d39,ACC-STUDENT-003,2025-02-20T08:30:00Z,324.64,NPR,DEBIT,COMPLETED,Latte,Local Tea Stall,Coffee
8701a797-d650-4532-8084-37cda620b697,ACC-STUDENT-001,2025-08-09T09:04:00Z,167.73,NPR,DEBIT,COMPLETED,Taxi Ride,Bus,Transport
5f5da38c-bc6a-4dc7-b385-dcc6c070f57e,ACC-STUDENT-001,2025-01-29T08:30:00Z,187.25,NPR,DEBIT,COMPLETED,Americano,Red Mug Cafe,Coffee
e2c5508e-692f-4146-a99c-686f639d6807,ACC-STUDENT-002,2025-06-02T10:00:00Z,9643.17,NPR,DEBIT,COMPLETED,House Rent,Rent House Ltd,Utilities
1c0082ba-30c1-4fb0-b21e-f424bdb8cc61,ACC-STUDENT-003,2025-12-30T12:05:00Z,456.19,NPR,DEBIT,COMPLETED,Burger & Fries,Bakery,Food
60abbe15-eeed-49c5-ba32-fbcd44d8a532,ACC-STUDENT-002,2026-01-01T20:39:00Z,434.62,NPR,DEBIT,COMPLETED,Burger & Fries,Bakery,Food
222293d5-576f-4cfe-ba2a-d1df6a1ff2bf,ACC-STUDENT-003,2025-03-10T19:11:00Z,295.22,NPR,DEBIT,COMPLETED,Breakfast,Burger House,Food
18d56aac-d9ca-4a28-898a-042cac5b3fd2,ACC-STUDENT-001,2025-10-03 18:07:00,228.11,NPR,DEBIT,COMPLETED,Ride Sharing,Bus,Transport
78bea6d6-72fd-4437-af3a-7603510fb1b7,ACC-STUDENT-005,2025-03-16T17:19:00Z,376.38,NPR,DEBIT,COMPLETED,Taxi Ride,Microbus,Transport
1cca3830-1717-46f3-99ab-2ea5c9724e69,ACC-STUDENT-001,2025-09-04T09:14:00Z,84.69,NPR,DEBIT,COMPLETED,Taxi Ride,Pathao,Transport
5567470a-88df-4a0b-8141-5d18cb7d42bd,ACC-STUDENT-004,2025-05-12T12:09:00Z,444.33,NPR,DEBIT,COMPLETED,Coke and Momo,Cafe,Food
379f5cbf-7abc-484c-b5e6-8f056e4c2248,ACC-STUDENT-003,2025-08-26T13:16:00Z,406.87,NPR,DEBIT,COMPLETED,Lunch,Boba Shop,Food
da250677-4c51-4e1e-bc60-46c9e279310b,ACC-STUDENT-002,2025-02-05T17:05:00Z,141.68,NPR,DEBIT,COMPLETED,Taxi Ride,Pathao,Transport
7be5bcdb-ef11-47fa-b9aa-7e111c311f1f,ACC-STUDENT-003,2025-10-10T14:30:00Z,0.0,NPR,CREDIT,COMPLETED,Monthly Allowance,Freelance Work,Income
c97802da-9b59-436d-8333-a037a82c888f,ACC-STUDENT-001,2025-09-20T12:00:00Z,2308.22,NPR,DEBIT,COMPLETED,Dairy Products,,Groceries
281fab52-13af-4395-bae3-e371b043ab3b,ACC-STUDENT-004,2025-10-17T17:51:00Z,208.89,NPR,DEBIT,COMPLETED,Micro Fare,Sajha Yatayat,Transport
b091003d-c1e2-4363-b37c-7f973c957fc0,ACC-STUDENT-002,2025-06-20T20:23:00Z,185.15,NPR,DEBIT,COMPLETED,Meals,Burger House,Food
0bc7d5d8-8f8f-4ad7-a4e5-0f32d6c0a09c,ACC-STUDENT-001,2025/01/16,563.19,NPR,DEBIT,COMPLETED,Dinner,Cafe,Food
6a0f3f1f-2a11-4e8f-ad51-33ff4c338f14,ACC-STUDENT-003,2025-08-29T20:53:00Z,508.25,NPR,DEBIT,COMPLETED,Meals,Restaurant,Food
b2849dfc-45b8-476b-9e7e-cdba17bd0e30,ACC-STUDENT-002,2025-02-25T09:56:00Z,408.47,NPR,DEBIT,COMPLETED,Bus Ticket,Local Taxi,Transport
1d5c09fe-9549-463b-9d65-90164fcfc67a,ACC-STUDENT-001,2025-08-30T17:49:00Z,187.46,NPR,DEBIT,COMPLETED,,Bus,Transport
0db110a8-4608-4847-9a83-757efcc480d2,ACC-STUDENT-005,2025-02-28T08:30:00Z,345.63,NPR,DEBIT,COMPLETED,Cappuccino,Coffee Point,Coffee
2ee8c59b-9220-4005-9349-332e9788ae53,ACC-STUDENT-005,2025-10-04T17:29:00Z,310.98,NPR,DEBIT,COMPLETED,Taxi Ride,Microbus,Transport
1959f02b-df37-4f6d-8d88-fe4636d36e2f,ACC-STUDENT-004,2025-03-04T20:12:00Z,756.98,NPR,DEBIT,COMPLETED,Coke and Momo,Boba Shop,Food
f6203f93-b733-49b3-938f-ff9bbc16e1db,ACC-STUDENT-002,2025-08-28T09:05:00Z,314.88,NPR,DEBIT,COMPLETED,Ride Sharing,Sajha Yatayat,Transport
f6b9ee11-0b8a-4ed0-a792-6997dd78a5a6,ACC-STUDENT-005,2025-04-20T12:00:00Z,2416.56,NPR,DEBIT,COMPLETED,Vegetables & Fruits,Fresh Vegetable Vendor,Groceries
f3d798c1-32cb-47dc-9a34-7eb9d48a0d99,ACC-STUDENT-003,2025-08-15T08:00:00Z,259.34,NPR,DEBIT,COMPLETED,Spotify Premium,Spotify,Entertainment
c0e9745d-e768-4bc5-bbff-9836c4b0ad87,ACC-STUDENT-002,2025-10-05T11:15:00Z,2463.49,NPR,DEBIT,COMPLETED,WiFi Internet,Worldlink,Utilities
a67a9dd0-155a-4b46-a0f3-a37077a53076,ACC-STUDENT-001,2025-10-11T20:52:00Z,621.81,NPR,DEBIT,COMPLETED,Burger & Fries,Cafe,Food
04bfb5f5-6ddb-4209-82b2-b776d9ccbf6f,ACC-STUDENT-004,2025-07-01T17:40:00Z,0.0,NPR,DEBIT,COMPLETED,Micro Fare,Sajha Yatayat,Transport
5c8ae566-13b5-4c7f-91f2-881b3941ff2f,ACC-STUDENT-003,2025/01/23,318.4,NPR,DEBIT,COMPLETED,Cappuccino,Beans Cafe,Coffee
663a16c4-36f3-41b3-a962-f53e1ddbe743,ACC-STUDENT-001,2025-08-04T08:30:00Z,309.03,NPR,DEBIT,COMPLETED,Americano,Himalayan Java,Coffee
407b1a89-191d-4854-811b-9134d055953f,ACC-STUDENT-001,2025-05-18T17:23:00Z,280.77,NPR,DEBIT,COMPLETED,Micro Fare,Sajha Yatayat,Transport
5ab66cae-83fd-42e1-8119-0305bdf008b2,ACC-STUDENT-004,2025-05-30T20:58:00Z,705.96,NPR,DEBIT,COMPLETED,Coke and Momo,Cafe,Food
9f40c054-7812-4753-b286-34939c73e118,ACC-STUDENT-001,2025/02/25,708.74,NPR,DEBIT,COMPLETED,Meals,Burger House,Food
44394f4a-7f19-4560-9456-afb54391ae24,ACC-STUDENT-002,2025-08-07T20:50:00Z,445.77,NPR,DEBIT,COMPLETED,Breakfast,Boba Shop,Food
53bc612d-64e8-42ae-82f2-73490f54df4e,ACC-STUDENT-005,2025-04-11T19:13:00Z,305.39,NPR,DEBIT,COMPLETED,Snacks,Local Eatery,Food
c6948f32-f559-4a64-bff1-3a346a7126b4,ACC-STUDENT-001,2025-12-05T11:15:00Z,2137.32,NPR,DEBIT,COMPLETED,WiFi Internet,Worldlink,Utilities
d477c5df-662d-4984-9357-673bb3fb0e4d,ACC-STUDENT-003,2025-09-22T08:30:00Z,208.21,NPR,DEBIT,COMPLETED,Iced Coffee,Local Tea Stall,Coffee
5f468b30-7fea-40d6-b070-843801c985a6,ACC-STUDENT-002,2025-08-11T12:58:00Z,513.29,NPR,DEBIT,COMPLETED,Breakfast,Bakery,Food
422ae538-7692-4a28-b780-7200faa9306e,ACC-STUDENT-003,2025-12-07T12:00:00Z,4286.7,NPR,DEBIT,COMPLETED,Vegetables & Fruits,Fresh Vegetable Vendor,Groceries
ae52cbb9-0e2d-41db-a77c-418e6030b77e,ACC-STUDENT-003,2025-01-21T20:30:00Z,747.63,NPR,DEBIT,COMPLETED,Lunch,Bakery,Food
1aac2e44-247e-49f3-92fc-cad601531939,ACC-STUDENT-004,2025-06-29T18:30:00Z,429.81,NPR,DEBIT,COMPLETED,Spotify Premium,QFX Cinemas,Entertainment
7474dae5-27ae-40c0-a806-a164a82a1a0d,ACC-STUDENT-004,2025-06-13T09:45:00Z,190.17,NPR,DEBIT,COMPLETED,Taxi Ride,Bus,Transport
2cae6210-0af4-4961-bdd9-0f892ccd5a3f,ACC-STUDENT-005,2025-01-24T09:48:00Z,433.65,NPR,DEBIT,COMPLETED,Bus Ticket,InDrive,Transport
3fe95547-bd72-4195-adf6-8a0f19497ab9,ACC-STUDENT-005,2025-12-23T09:22:00Z,275.43,NPR,DEBIT,COMPLETED,Micro Fare,InDrive,Transport
d11f35aa-8e97-4189-8474-897d5afca3f0,ACC-STUDENT-004,2025-05-23T17:10:00Z,230.95,NPR,DEBIT,COMPLETED,Bus Ticket,Pathao,Transport
5abf3cb1-1443-43ce-9f79-57742f178180,ACC-STUDENT-002,2025-11-24T19:41:00Z,673.49,NPR,DEBIT,COMPLETED,Snacks,Boba Shop,Food
eabbc2d0-2624-4a26-9865-b27db5739c42,ACC-STUDENT-001,2026-01-02T08:30:00Z,291.61,NPR,DEBIT,COMPLETED,Latte,Himalayan Java,Coffee
117f2b3b-4ca2-443c-b339-a1c7fff6e221,ACC-STUDENT-002,2025-05-26T20:10:00Z,392.63,NPR,DEBIT,COMPLETED,Meals,Restaurant,Food
82000358-3c0e-4f04-9279-2cd84420d8cc,ACC-STUDENT-003,2025-09-24T09:36:00Z,254.51,NPR,DEBIT,COMPLETED,Micro Fare,Bus,transport
974e659e-a013-434f-80bd-b43375b1b8b3,ACC-STUDENT-001,2025-03-31T17:06:00Z,301.08,NPR,DEBIT,COMPLETED,Micro Fare,Local Taxi,Transport
523068bc-3025-4b9d-bd53-57dbb75bff67,ACC-STUDENT-004,2025-09-26T13:20:00Z,778.67,NPR,DEBIT,COMPLETED,Snacks,Cafe,Food
d111859f-c3f3-421c-885c-c1ffefacc92e,ACC-STUDENT-001,2025-05-29T09:04:00Z,125.24,NPR,DEBIT,COMPLETED,Taxi Ride,Sajha Yatayat,Transport
8847cf4c-f687-4b9f-8e48-897a82b756be,ACC-STUDENT-001,2025/03/24,3407.91,NPR,CREDIT,COMPLETED,Scholarship payout,Scholarship,Income
f756d5ab-1b4f-431c-bb09-cea5a4815641,ACC-STUDENT-005,2025-12-04T08:30:00Z,151.19,NPR,DEBIT,COMPLETED,Americano,Coffee Point,Coffee
f837530b-acd6-4eff-aa79-7660a84d8bee,ACC-STUDENT-004,2025-07-23T17:32:00Z,488.16,NPR,DEBIT,COMPLETED,Daily Commute,InDrive,Transport
0c594954-a5c3-4769-93dd-45e132de26f2,ACC-STUDENT-002,2025-08-06T17:37:00Z,237.78,NPR,DEBIT,COMPLETED,Taxi Ride,Local Taxi,Transport
8ef44a69-aa1f-4445-9d35-518bcdefce57,ACC-STUDENT-004,2026-01-12T13:57:00Z,757.79,NPR,DEBIT,COMPLETED,Breakfast,Burger House,Food
7a4a3c98-f958-4849-bfa8-c2a383d6f264,ACC-STUDENT-001,2025-09-02T08:30:00Z,159.72,NPR,DEBIT,COMPLETED,Cappuccino,Red Mug Cafe,Coffee
f97735b8-996b-4783-b643-ee0104e5a25b,ACC-STUDENT-003,2025-12-22T13:58:00Z,276.94,NPR,DEBIT,COMPLETED,Coke and Momo,Canteen,Food
aaf99261-a45d-4f87-8c62-871de2b9739b,ACC-STUDENT-005,2025-02-23T12:00:00Z,1551.81,NPR,DEBIT,COMPLETED,Dairy Products,Big Mart,Groceries
0b476854-3179-431b-9d07-a3f9244c5e45,ACC-STUDENT-002,2025-06-03T17:58:00Z,322.93,NPR,DEBIT,COMPLETED,Micro Fare,Pathao,Transport
e132ca7a-4bbf-402a-892d-7e3cbbd68fc6,ACC-STUDENT-005,2025-09-05T20:17:00Z,694.51,NPR,DEBIT,COMPLETED,Lunch,Restaurant,Food
2d550f34-2d57-4e94-a09d-6746c04a0069,ACC-STUDENT-004,2025-05-19T09:43:00Z,396.99,NPR,DEBIT,COMPLETED,Taxi Ride,Local Taxi,Transport
d566b88a-6b97-4eeb-952e-146e8aee5ff0,ACC-STUDENT-002,2025-12-05T11:15:00Z,1986.3,NPR,DEBIT,COMPLETED,WiFi Internet,Worldlink,Utilities
9183c197-e12e-4536-8aa0-cbf6120c7b92,ACC-STUDENT-001,2025-06-18T09:15:00Z,174.64,NPR,DEBIT,COMPLETED,Daily Commute,,Transport
6bf194f9-b467-43ee-967b-d5e10c82552b,ACC-STUDENT-003,2025-07-11T19:13:00Z,406.44,NPR,DEBIT,COMPLETED,Meals,Restaurant,Food
c4ff3858-deda-4019-8306-3797ff76df0b,ACC-STUDENT-001,2025-08-12T12:52:00Z,294.9,NPR,DEBIT,COMPLETED,Snacks,Restaurant,Food
74111338-aa95-4e29-8021-14a4a9873849,ACC-STUDENT-001,2025-04-11T17:56:00Z,230.01,NPR,DEBIT,COMPLETED,Micro Fare,Sajha Yatayat,Transport
141869f0-7e9f-4cda-875c-60008080af8f,ACC-STUDENT-003,2025-09-28T19:58:00Z,Rs. 235.73,NPR,DEBIT,COMPLETED,Breakfast,Local Eatery,Food
12e62cf5-0033-4dbb-bb26-c5681816efbf,ACC-STUDENT-001,2025-11-28T12:06:00Z,746.51,NPR,DEBIT,COMPLETED,Coke and Momo,Restaurant,Food
19a4871d-93b4-48af-9f53-ef3870a5a4e5,ACC-STUDENT-005,2026-01-01T18:54:00Z,461.44,NPR,DEBIT,COMPLETED,Bus Ticket,Microbus,Transport
ea23cc63-8d35-4c34-9930-adc0ce81ff35,ACC-STUDENT-004,2025-03-14T18:28:00Z,279.79,NPR,DEBIT,COMPLETED,Taxi Ride,InDrive,Transport
8dbe4d97-5bdf-480a-a9ec-70f758ba310a,ACC-STUDENT-003,2025-03-01T17:41:00Z,259.95,NPR,DEBIT,COMPLETED,Bus Ticket,Microbus,Transport
3e75965a-84b4-4166-b7e2-83a560895e18,ACC-STUDENT-001,2025-09-30T08:30:00Z,172.4,NPR,DEBIT,COMPLETED,Iced Coffee,Coffee Point,Coffee
d99f95a6-3110-41c7-a006-21d54039290a,ACC-STUDENT-003,2025-10-16T13:21:00Z,363.26,NPR,DEBIT,COMPLETED,Lunch,Cafe,Food
2ea6ebf3-d876-48e8-8530-d5f9acd1a26f,ACC-STUDENT-004,2025-01-29 18:19:00,462.16,NPR,DEBIT,COMPLETED,Taxi Ride,Local Taxi,Transport
e86dae08-3fa0-4124-a71a-6cda81c83f41,ACC-STUDENT-001,2025-01-24T09:12:00Z,135.59,NPR,DEBIT,COMPLETED,Micro Fare,Pathao,Transport
c6717234-ee20-4b77-99b9-9b1bf92c6e68,ACC-STUDENT-004,2025-06-22T18:30:00Z,676.71,NPR,DEBIT,COMPLETED,Bowling Session,Fuzz Factory,Entertainment
a86469ca-c8ce-43bc-9039-caff458903c0,ACC-STUDENT-004,2025-05-01T08:30:00Z,133.59,NPR,DEBIT,COMPLETED,Iced Coffee,Himalayan Java,Coffee
34aec36a-723e-4eec-a784-3202d6c28f7a,ACC-STUDENT-003,2025-04-28T20:47:00Z,694.39,NPR,DEBIT,COMPLETED,Dinner,Boba Shop,Food
2bbf00cc-adec-45c1-b6cd-af69437880fc,ACC-STUDENT-001,2025-04-22T20:55:00Z,550.0,NPR,DEBIT,COMPLETED,Lunch,Boba Shop,Food
8bdd4bd1-da2a-4969-96e7-9945b8f7c7b4,ACC-STUDENT-003,2025-02-02T12:00:00Z,2228.88,NPR,DEBIT,COMPLETED,Vegetables & Fruits,Saleways,Groceries
337a9e0a-b4ab-457f-9d6a-a68cd346d61e,ACC-STUDENT-003,2025-07-06 20:24:00,623.0,NPR,DEBIT,COMPLETED,Dinner,Burger House,Food
9435d0a9-963c-4320-8625-e679b18df6cf,ACC-STUDENT-001,2025-12-10T08:30:00Z,101.14,NPR,DEBIT,COMPLETED,Latte,Red Mug Cafe,Coffee
0d76fc57-dc65-4c6a-8bc7-6ac13dee2e1f,ACC-STUDENT-001,2025-07-08T18:55:00Z,214.2,NPR,DEBIT,COMPLETED,Daily Commute,Local Taxi,Transport
8ea8a1db-6265-42a9-8cc1-aaf82b455d30,ACC-STUDENT-005,2025-12-28T12:00:00Z,1587.94,NPR,DEBIT,COMPLETED,Weekly Groceries,Bhatbhateni,Groceries
a05cc8b0-9a7c-436d-b9d7-177c90e2c245,ACC-STUDENT-002,2025-02-26T17:36:00Z,381.59,NPR,DEBIT,COMPLETED,Micro Fare,Local Taxi,Transport
e283e04b-88bc-4143-b079-a1b6aac5aa20,ACC-STUDENT-004,2025-07-02T12:34:00Z,322.48,NPR,DEBIT,COMPLETED,Breakfast,Canteen,Food
0fcb3dd2-aabc-4891-8b7a-f7b4cb7a3dde,ACC-STUDENT-003,2025-05-16T18:17:00Z,50.04,NPR,DEBIT,COMPLETED,Taxi Ride,Local Taxi,Transport
2118bf6d-e453-4806-8d38-fdb51615d4d0,ACC-STUDENT-001,2025-10-03T08:30:00Z,190.11,NPR,DEBIT,COMPLETED,Americano,Red Mug Cafe,Coffee
6b4bbb99-105e-4c4a-a96c-6f4236555dbf,ACC-STUDENT-002,2025-11-23T18:30:00Z,789.0,NPR,DEBIT,COMPLETED,Spotify Premium,Gaming Zone,Entertainment
1fc1751a-a591-4a0c-8406-2b8ebd03240c,ACC-STUDENT-005,2025-08-01T18:35:00Z,195.87,NPR,DEBIT,COMPLETED,Bus Ticket,InDrive,Transport
b0127f81-8a4c-494a-bb4b-166bc2c0592e,ACC-STUDENT-005,2025-02-20T12:05:00Z,342.22,NPR,DEBIT,COMPLETED,Snacks,,Food
da996ef1-52db-4bd2-855c-d1ec3c8aaa99,ACC-STUDENT-004,2025-10-04T18:06:00Z,197.43,NPR,DEBIT,COMPLETED,Taxi Ride,Local Taxi,Transport
05381679-d5a4-4938-b942-3ad01fb23c5a,ACC-STUDENT-001,2025-09-05T11:15:00Z,1739.0,NPR,DEBIT,COMPLETED,WiFi Internet,Worldlink,Utilities
66313aee-5cd6-4a02-9502-6f8b2483712e,ACC-STUDENT-002,2025-03-15T12:00:00Z,3340.33,NPR,DEBIT,COMPLETED,Rice and Oil,Big Mart,Groceries
0cd8cb24-9a31-46ff-bed0-5b42344dabd6,ACC-STUDENT-003,2025-04-14T20:06:00Z,323.76,NPR,DEBIT,COMPLETED,Dinner,Local Eatery,Food
9fb69dfa-7166-455b-9eda-e0432e7fb426,ACC-STUDENT-004,2025-04-18T09:57:00Z,120.59,NPR,DEBIT,COMPLETED,Ride Sharing,Pathao,Transport
eae505d6-4876-4cb7-8bbe-6c55442839d4,ACC-STUDENT-001,2025-07-12 12:18:00,163.05,NPR,DEBIT,COMPLETED,Dinner,Canteen,Food
20b71214-006b-42f6-ae73-83e801aa0e57,ACC-STUDENT-004,2025-06-12T08:30:00Z,303.49,NPR,DEBIT,COMPLETED,Cappuccino,Beans Cafe,Coffee
b8b4efa9-4d41-496f-8436-53fcc8f2fed2,ACC-STUDENT-003,2026-01-01T12:59:00Z,380.93,NPR,DEBIT,COMPLETED,Coke and Momo,Cafe,Food
39cbc68e-3c29-41e1-ba83-12e83567b4f1,ACC-STUDENT-001,2025-05-05T09:39:00Z,435.27,NPR,DEBIT,COMPLETED,Micro Fare,Sajha Yatayat,Transport
8d4b4233-8b46-42ab-9f8b-317fd8f8ff64,ACC-STUDENT-004,2025-05-19T19:10:00Z,169.63,NPR,DEBIT,COMPLETED,Coke and Momo,Burger House,Food
8df5afea-9b26-42e4-99fe-c5ce45410907,ACC-STUDENT-005,2025-12-14T18:30:00Z,559.73,NPR,DEBIT,COMPLETED,Bowling Session,One Cinemas,Entertainment
b5e57076-eef7-4d28-b3f3-220fa8db0586,ACC-STUDENT-004,2025-02-07T09:52:00Z,367.16,NPR,DEBIT,COMPLETED,Micro Fare,Bus,Transport
7b3c70b6-e314-424e-b51a-aa3d33945893,ACC-STUDENT-001,2025-05-08T13:36:00Z,498.83,NPR,DEBIT,COMPLETED,,Restaurant,Food
fd2b683e-0e31-40eb-ad9a-4104b192d701,ACC-STUDENT-004,2025-09-30T18:36:00Z,187.73,NPR,DEBIT,COMPLETED,Daily Commute,InDrive,TRANSPORT
c3c965fd-11dc-4745-9f51-f5dcbbd5cd9b,ACC-STUDENT-005,2025-07-12T12:00:00Z,4048.64,NPR,DEBIT,COMPLETED,Rice and Oil,Big Mart,Groceries
b3caa10f-983a-4ce7-9e26-8f8350ed3317,ACC-STUDENT-003,2025-08-14T09:03:00Z,Rs. 251.12,NPR,DEBIT,COMPLETED,Micro Fare,Microbus,Transport
17a905ee-98d1-4c46-baa2-010e5aa4bde2,ACC-STUDENT-001,2025-01-27T18:05:00Z,433.1,NPR,DEBIT,COMPLETED,Daily Commute,InDrive,Transport
5864249e-ae13-4750-84c0-b33326091096,ACC-STUDENT-005,2025-11-13T18:14:00Z,462.58,NPR,DEBIT,COMPLETED,Micro Fare,InDrive,Transport
e6af3942-67f1-481d-aa5b-841fe1815b40,ACC-STUDENT-005,2026/01/02,470.83,NPR,DEBIT,COMPLETED,Micro Fare,Bus,Transport
a1648bef-16b2-4733-9f8c-e44d1cecc600,ACC-STUDENT-003,2025-11-02T10:00:00Z,8530.76,NPR,DEBIT,COMPLETED,House Rent,Rent House Ltd,Utilities
46b943d2-9145-4c8b-9dd6-aee7a2d2b9ee,ACC-STUDENT-003,2025-11-28T20:21:00Z,350.7,NPR,DEBIT,COMPLETED,Meals,Local Eatery,Food
29180de8-048d-4dca-8fd5-808c77f47d2b,ACC-STUDENT-005,2025-12-04T09:05:00Z,61.32,NPR,DEBIT,COMPLETED,Daily Commute,Microbus,Transport
17531ee3-d46e-4e1e-ad2e-598c00b587b5,ACC-STUDENT-002,2025-11-23 20:59:00,706.55,NPR,DEBIT,COMPLETED,Dinner,Restaurant,Food
c182a015-4a62-4e74-ab30-7c4950aad98e,ACC-STUDENT-002,2025-05-20T18:07:00Z,357.79,NPR,DEBIT,COMPLETED,Micro Fare,Bus,Transport
7f4ad30f-c3c5-4715-9f2d-678786e4b596,ACC-STUDENT-005,2025-11-28T12:41:00Z,160.07,NPR,DEBIT,COMPLETED,Meals,Boba Shop,Food
2b5c65ec-8af4-4c56-a4be-5f98dcd5a5b5,ACC-STUDENT-005,2025-03-06T18:40:00Z,121.39,NPR,DEBIT,COMPLETED,Bus Ticket,Microbus,Transport
e1a157e6-cbd0-45e4-9ad0-dfa613e9f261,ACC-STUDENT-004,2025-03-02T12:00:00Z,3727.63,NPR,DEBIT,COMPLETED,Weekly Groceries,Saleways,Groceries
3c14c241-3878-49e8-ba46-3cb52e2b69a4,ACC-STUDENT-001,2025-04-20T12:52:00Z,711.46,NPR,DEBIT,COMPLETED,Meals,Canteen,Food
223d388e-5756-47a0-9181-2cb0bd7ea4fb,ACC-STUDENT-001,2025-03-15T13:04:00Z,689.38,NPR,DEBIT,COMPLETED,Burger & Fries,Cafe,Food
9b7fc524-5dfd-4253-9821-78b86d7807f4,ACC-STUDENT-003,2025/11/08,479.15,NPR,DEBIT,COMPLETED,Bus Ticket,InDrive,transport
e37520b6-6e05-4dce-819e-c76de59b610f,ACC-STUDENT-002,2025-01-23T18:42:00Z,423.04,NPR,DEBIT,COMPLETED,Bus Ticket,Local Taxi,Transport
66f318cf-da2e-4d14-9cea-6f07662c0924,ACC-STUDENT-005,2025-08-23T09:08:00Z,367.95,NPR,DEBIT,COMPLETED,Micro Fare,Microbus,Transport
9c2a68a8-dbd6-4f56-a339-7c0fc2897174,ACC-STUDENT-003,2026-01-12T13:55:00Z,0.0,NPR,DEBIT,COMPLETED,Meals,Restaurant,Food
4102e4c3-b599-4a03-9ce5-02e8f438e133,ACC-STUDENT-003,2025-11-01T12:19:00Z,570.7,NPR,DEBIT,COMPLETED,Snacks,Cafe,Food
202d5c7d-755d-44ba-b7a2-6f602712714f,ACC-STUDENT-001,2025-04-17T08:30:00Z,243.07,NPR,DEBIT,COMPLETED,Iced Coffee,Coffee Point,Coffee
018d616a-39cb-4b1e-9b0d-65346828cb81,ACC-STUDENT-003,2025-05-06T19:08:00Z,412.94,NPR,DEBIT,COMPLETED,Burger & Fries,Bakery,Food
bd1fcc4f-bf0a-4ddd-b866-17a0bc8acc5f,ACC-STUDENT-005,2025-11-06T09:11:00Z,129.84,NPR,DEBIT,COMPLETED,Taxi Ride,Bus,Transport
e50c2a03-493f-4225-9e80-78b7b683ebb0,ACC-STUDENT-003,2025-06-05T11:15:00Z,1739.53,NPR,DEBIT,COMPLETED,WiFi Internet,Worldlink,Utilities
ab4735cc-3731-4410-acc6-81c1ae91d05e,ACC-STUDENT-005,2025-11-29T12:00:00Z,4417.21,NPR,DEBIT,COMPLETED,Rice and Oil,Big Mart,Groceries
8e48d396-fda4-4b2a-a3a2-be148f31dd33,ACC-STUDENT-002,2025-10-28T20:00:00Z,465.99,NPR,DEBIT,COMPLETED,Coke and Momo,Bakery,Food
095f8781-1c91-40c0-9b19-a0f57a732125,ACC-STUDENT-004,2025-04-08T20:31:00Z,611.94,NPR,DEBIT,COMPLETED,Dinner,Restaurant,FOOD
ca2018d0-7bdf-4d68-a415-2e6fc7ff73c0,ACC-STUDENT-003,2025-10-06T08:30:00Z,201.41,NPR,DEBIT,COMPLETED,Chiya,Coffee Point,Coffee
36f60b22-e170-4ad9-ad80-e49117599b2d,ACC-STUDENT-002,2025-02-24T13:44:00Z,412.56,NPR,DEBIT,COMPLETED,Coke and Momo,Cafe,Food
163e279d-b713-40f1-9389-ad4fecfedd83,ACC-STUDENT-001,2025-03-04 18:48:00,294.54,NPR,DEBIT,COMPLETED,,Local Taxi,Transport
e6c6c991-49eb-44cf-a6dc-9a7b047e2229,ACC-STUDENT-004,2025-04-10T20:10:00Z,187.18,NPR,DEBIT,COMPLETED,Dinner,Cafe,Food
13ee8f28-9250-40b1-bab4-6355e168ff6f,ACC-STUDENT-005,2025-04-07T09:49:00Z,497.14,NPR,DEBIT,COMPLETED,Bus Ticket,Pathao,Transport
c3bf33e6-3115-4edb-9158-ef299eccbda5,ACC-STUDENT-003,2025-10-12T18:30:00Z,726.5,NPR,DEBIT,COMPLETED,Popcorn & Soda,One Cinemas,Entertainment
0f2ed6ff-e97e-4deb-837c-58181cecf4e3,ACC-STUDENT-004,2025-04-16T18:37:00Z,218.14,NPR,DEBIT,COMPLETED,Micro Fare,Microbus,Transport
313b9c49-2b5e-4e24-8bae-aca7357def9e,ACC-STUDENT-005,2025-03-01T09:00:00Z,30560.13,NPR,CREDIT,COMPLETED,Monthly Allowance,Family Transfer,Income
f6050637-5ecd-49b0-81eb-3324a7896e75,ACC-STUDENT-005,2025-05-18T12:00:00Z,2836.18,NPR,DEBIT,COMPLETED,Weekly Groceries,Saleways,Groceries
d4075609-6a87-464f-80d2-27d64264e25e,ACC-STUDENT-001,2025-10-04T12:00:00Z,1973.1,NPR,DEBIT,COMPLETED,Weekly Groceries,Fresh Vegetable Vendor,Groceries
baf24835-541d-45e0-a547-7008561ae20f,ACC-STUDENT-001,2025-01-31T19:49:00Z,235.03,NPR,DEBIT,COMPLETED,Dinner,Cafe,Food
d17bf41e-f247-47e6-93ff-9c8f79db76c2,ACC-STUDENT-001,2025-12-28T12:00:00Z,1567.65,NPR,DEBIT,COMPLETED,Dairy Products,Local Grocery,Groceries
dfed6827-246b-4cf1-ab30-9256257805d0,ACC-STUDENT-005,2025-04-05T13:38:00Z,593.13,NPR,DEBIT,COMPLETED,Snacks,Boba Shop,Food
3155c33a-4f2b-4bbe-8556-d69b0c1c50e4,ACC-STUDENT-002,2025-09-01T16:20:00Z,2750.85,NPR,DEBIT,COMPLETED,T-shirt,Miniso,Shopping
23434604-6f58-4f69-8e74-1ee839705bc9,ACC-STUDENT-002,2025-03-15T16:20:00Z,3282.39,NPR,DEBIT,COMPLETED,Saree for Mother,Clothing Shop,Shopping
29cf5e2a-f319-49f5-9f18-9977de85fe10,ACC-STUDENT-001,2025-02-27T18:52:00Z,171.28,NPR,DEBIT,COMPLETED,Daily Commute,Pathao,Transport
6c6b0bf4-34dc-47ed-a0e2-800a675364b0,ACC-STUDENT-001,2025-06-01T13:45:00Z,425.03,NPR,DEBIT,COMPLETED,Snacks,Canteen,Food
991b18f7-2217-4cad-af2c-e2cad2361ba3,ACC-STUDENT-004,2025-06-23T13:58:00Z,402.37,NPR,DEBIT,COMPLETED,Snacks,Canteen,Food
e3a68ff9-ff97-479e-ac5b-ab8a939789fa,ACC-STUDENT-004,2025-01-19T13:05:00Z,754.84,NPR,DEBIT,COMPLETED,Meals,Burger House,Food
ce7b8c0f-d078-4434-98bc-eac063c1b398,ACC-STUDENT-002,2025-05-23T17:40:00Z,436.06,NPR,DEBIT,COMPLETED,Taxi Ride,Sajha Yatayat,Transport
95986a2a-4d02-486a-a565-8b0a44358e12,ACC-STUDENT-001,2025-08-15T08:30:00Z,196.17,NPR,DEBIT,COMPLETED,Cappuccino,Red Mug Cafe,Coffee
d7788112-5d5f-4801-80f7-feb74239b3c3,ACC-STUDENT-002,2025-05-29T09:10:00Z,349.79,NPR,DEBIT,COMPLETED,Micro Fare,Microbus,Transport
bb0e20b8-4e4e-4a52-a6e0-7b2d86a95772,ACC-STUDENT-004,2025-07-03T08:30:00Z,315.15,NPR,DEBIT,COMPLETED,Chiya,Beans Cafe,Coffee
ce0e892b-fe41-4780-9d1a-9d6dca18d5e6,ACC-STUDENT-004,2025-10-14T13:04:00Z,0.0,NPR,DEBIT,COMPLETED,Snacks,Bakery,Food
6c2651de-819d-46fa-8abc-1bcecc0643b7,ACC-STUDENT-003,2025-02-14T13:52:00Z,676.97,NPR,DEBIT,COMPLETED,Lunch,Local Eatery,Food
e88147c4-ddb4-4dbd-b1a4-454ef08a6ee6,ACC-STUDENT-005,2025-02-14T17:59:00Z,440.18,NPR,DEBIT,COMPLETED,Micro Fare,Sajha Yatayat,TRANSPORT
9d357b7a-375c-4d8d-9720-9603d71689f5,ACC-STUDENT-004,2025-04-07T13:16:00Z,153.92,NPR,DEBIT,COMPLETED,Breakfast,Canteen,Food
c3ae979c-8109-4bc0-ae34-16fca11d5887,ACC-STUDENT-002,2025-01-21T19:52:00Z,336.58,NPR,DEBIT,COMPLETED,Lunch,Restaurant,Food
c1f88aee-5546-4aa7-9d4d-18904b322290,ACC-STUDENT-005,2025-07-10T12:44:00Z,703.04,NPR,DEBIT,COMPLETED,Dinner,Bakery,Food
bfd7866b-81cf-42fd-bfff-c6eb38b5c9ed,ACC-STUDENT-003,2025-03-25T08:30:00Z,153.35,NPR,DEBIT,COMPLETED,Americano,Himalayan Java,Coffee
85fbe0d0-5c31-482b-99a5-379f6961e45a,ACC-STUDENT-001,2025-03-08T13:31:00Z,743.34,NPR,DEBIT,COMPLETED,Lunch,Cafe,Food
1c0088c6-47e8-4365-bf0f-bebd86062566,ACC-STUDENT-001,2025-11-29T12:43:00Z,155.51,NPR,DEBIT,COMPLETED,Meals,Canteen,Food
f8ec9065-6e45-4c44-be66-cad2685f7564,ACC-STUDENT-002,2025-08-13T09:57:00Z,354.06,NPR,DEBIT,COMPLETED,Ride Sharing,Local Taxi,Transport
dda756b1-ce5f-44af-bba9-c18bef8b0dd8,ACC-STUDENT-005,2025-04-08T19:28:00Z,305.55,NPR,DEBIT,COMPLETED,Breakfast,Restaurant,Food
1183c6d8-179e-4095-abcd-be317a811884,ACC-STUDENT-001,2025-02-26T12:03:00Z,257.85,NPR,DEBIT,COMPLETED,Dinner,Local Eatery,Food
50e2c34d-c2be-4454-b6e3-f74b7e483546,ACC-STUDENT-004,2025-03-17T18:55:00Z,438.8,NPR,DEBIT,COMPLETED,Ride Sharing,Microbus,Transport
3ac5c313-c162-462a-8eef-d3850c482f7a,ACC-STUDENT-004,2025-10-27T13:13:00Z,795.35,NPR,DEBIT,COMPLETED,Lunch,Bakery,Food
2c7bc648-63ba-415d-b381-3e95218d1fa0,ACC-STUDENT-003,2025-08-15T17:50:00Z,127.45,NPR,DEBIT,COMPLETED,Taxi Ride,InDrive,Transport
a10ef9a6-9e8b-4c93-8119-2a540387ce74,ACC-STUDENT-004,2025-09-25T08:30:00Z,251.5,NPR,DEBIT,COMPLETED,Cappuccino,Beans Cafe,Coffee
bcc06ef6-5238-4ae8-aef0-294efc3b4e81,ACC-STUDENT-003,2025-03-28T12:24:00Z,386.97,NPR,DEBIT,COMPLETED,Breakfast,Cafe,Food
add0fe88-b08b-420f-b272-dca696aa7e94,ACC-STUDENT-003,2025-12-11T13:53:00Z,357.05,NPR,DEBIT,COMPLETED,Lunch,Cafe,Food
781d9d5e-48dc-44af-9450-a2b243b61f5b,ACC-STUDENT-002,2025-02-05T08:30:00Z,140.89,NPR,DEBIT,COMPLETED,Iced Coffee,Local Tea Stall,Coffee
70976e8d-f054-49ae-b280-a63d0a4704e1,ACC-STUDENT-005,2025-10-21T08:30:00Z,188.74,NPR,DEBIT,COMPLETED,Iced Coffee,Red Mug Cafe,Coffee
02ae272c-9d18-4c5c-bcc9-3474adb7d17a,ACC-STUDENT-005,2025-03-21T09:19:00Z,58.21,NPR,DEBIT,COMPLETED,Daily Commute,,Transport
39870740-7f1a-468c-99cf-9b70c02da652,ACC-STUDENT-003,2025-10-29T20:19:00Z,395.78,NPR,DEBIT,COMPLETED,Burger & Fries,Canteen,Food
c81aeaf2-cccb-4c29-9408-c592dc8806a9,ACC-STUDENT-005,2025-07-28T17:26:00Z,436.02,NPR,DEBIT,COMPLETED,Ride Sharing,InDrive,Transport
47d23a52-7bcc-4d9e-bc85-473095afe196,ACC-STUDENT-004,2025-09-27T19:58:00Z,713.37,NPR,DEBIT,COMPLETED,Dinner,Cafe,Food
a0df27a0-00a9-442a-86ba-f790ce0a9c5c,ACC-STUDENT-003,2025-05-13T18:12:00Z,332.98,NPR,DEBIT,COMPLETED,Bus Ticket,InDrive,Transport
62c3f845-8add-46d0-8de9-d494e5a3badd,ACC-STUDENT-003,2025-04-24T14:30:00Z,4285.46,NPR,CREDIT,COMPLETED,Monthly Allowance,Scholarship,Income
b6d0976f-5180-4587-81bc-b7f583d034d5,ACC-STUDENT-005,2025-06-01T12:00:00Z,2232.95,NPR,DEBIT,COMPLETED,Monthly Supplies,Big Mart,Groceries
096ce066-305a-4387-9095-f3557b5b5afa,ACC-STUDENT-002,2025-05-07T17:00:00Z,292.23,NPR,DEBIT,COMPLETED,Micro Fare,,Transport
1ce9e84b-b091-47ae-8c10-73fb829600a4,ACC-STUDENT-003,2025-04-20T12:00:00Z,3709.64,NPR,DEBIT,COMPLETED,Dairy Products,Saleways,Groceries
30b1d06e-ba09-4755-a779-18a1559787f2,ACC-STUDENT-001,2025-05-25T09:19:00Z,123.1,NPR,DEBIT,COMPLETED,Ride Sharing,InDrive,Transport
c8d524af-447c-4153-b129-96b2fb8de860,ACC-STUDENT-001,2025-07-07T13:36:00Z,766.44,NPR,DEBIT,COMPLETED,Breakfast,Boba Shop,Food
ad1673df-0da0-4d5f-9616-9a15c93432dc,ACC-STUDENT-004,2025-04-27T18:30:00Z,430.98,NPR,DEBIT,COMPLETED,Bowling Session,QFX Cinemas,Entertainment
2dc40dc2-a0b5-4d51-b6ad-b1a93c0cfc07,ACC-STUDENT-004,2025-10-06T19:43:00Z,539.86,NPR,DEBIT,COMPLETED,Dinner,Cafe,Food
e2b29227-ff48-4a0a-bef7-0cb4a315f6df,ACC-STUDENT-005,2025-04-25T20:17:00Z,494.39,NPR,DEBIT,COMPLETED,Burger & Fries,Cafe,Food
7764ad37-1d89-4375-8dee-a2282de43a8e,ACC-STUDENT-002,2025-08-18T18:19:00Z,465.56,NPR,DEBIT,COMPLETED,Daily Commute,Microbus,Transport
fcb0542b-3818-48b8-a216-c0ce8df121af,ACC-STUDENT-004,2025-02-26T18:33:00Z,171.16,NPR,DEBIT,COMPLETED,Micro Fare,Local Taxi,transport
c12c4988-e6f4-4c5d-a386-402ed78be3c5,ACC-STUDENT-005,2025-02-24T08:30:00Z,333.1,NPR,DEBIT,COMPLETED,Americano,Himalayan Java,Coffee
77544f44-5882-4555-a22f-2b8362e1d62e,ACC-STUDENT-002,2025-04-13T12:00:00Z,2672.55,NPR,DEBIT,COMPLETED,Weekly Groceries,Bhatbhateni,Groceries
f61db18d-eace-4042-ada0-f95c86c42bfe,ACC-STUDENT-004,2025-08-27T08:30:00Z,Rs. 132.22,NPR,DEBIT,COMPLETED,Iced Coffee,Himalayan Java,Coffee
388dd544-ce0e-46cc-8f0c-d48df34892a8,ACC-STUDENT-005,2025-06-30T20:49:00Z,297.8,NPR,DEBIT,COMPLETED,Snacks,Boba Shop,Food
4c757960-57e0-47f5-9836-4c31990dae69,ACC-STUDENT-001,2025-01-26T12:00:00Z,1779.79,NPR,DEBIT,COMPLETED,Vegetables & Fruits,Big Mart,Groceries
0dcfc795-5787-436d-8ea4-e9105fad591e,ACC-STUDENT-002,2025-08-22T20:12:00Z,691.06,NPR,DEBIT,COMPLETED,Burger & Fries,Boba Shop,Food
073302c0-2973-4025-bf22-cf4a34cb86a5,ACC-STUDENT-004,2025-01-20T13:11:00Z,529.9,NPR,DEBIT,COMPLETED,Dinner,Cafe,Food
82aa403e-4174-4f2b-8926-d64b4b2b10f3,ACC-STUDENT-002,2025-09-17T17:33:00Z,175.22,NPR,DEBIT,COMPLETED,Bus Ticket,Local Taxi,Transport
649c136b-a242-4355-ac26-b175615ea328,ACC-STUDENT-001,2025-02-04T12:07:00Z,720.07,NPR,DEBIT,COMPLETED,Dinner,,Food
ed28d16b-7ac9-4c7e-a858-67c29d10832a,ACC-STUDENT-005,2025-01-30T18:11:00Z,390.01,NPR,DEBIT,COMPLETED,Taxi Ride,InDrive,Transport
9a028a20-4389-4274-aae8-d2322369524d,ACC-STUDENT-005,2026-01-05T09:55:00Z,253.26,NPR,DEBIT,COMPLETED,Bus Ticket,Pathao,Transport
4091cceb-df8f-4cbe-8e70-126e6d277405,ACC-STUDENT-003,2025-01-30T18:19:00Z,168.4,NPR,DEBIT,COMPLETED,Micro Fare,Local Taxi,Transport
cd43eccb-a81a-48ed-9d72-85abbb59dc9c,ACC-STUDENT-003,2025-06-24T14:30:00Z,7805.07,NPR,CREDIT,COMPLETED,Part-time Payment,Scholarship,Income
e2ea3806-a454-4a6b-aa72-4c31fc86291c,ACC-STUDENT-002,2025-08-19T08:30:00Z,264.73,NPR,DEBIT,COMPLETED,Chiya,Red Mug Cafe,Coffee
8beae124-c8c5-40b1-9797-599d4edd266c,ACC-STUDENT-001,2025-05-21T13:32:00Z,446.41,NPR,DEBIT,COMPLETED,Meals,Local Eatery,Food
ac919ceb-744a-491d-b206-8bf722cd87e0,ACC-STUDENT-002,2025-08-11T12:48:00Z,241.38,NPR,DEBIT,COMPLETED,Dinner,Boba Shop,Food
2ca01c18-7769-4d75-bdb6-b96eeda5f9e7,ACC-STUDENT-002,2025-12-29T19:14:00Z,437.65,NPR,DEBIT,COMPLETED,Meals,Cafe,FOOD
d0a24f5f-c466-49d5-a9a0-f15ea3c06255,ACC-STUDENT-001,2026-01-12T13:24:00Z,542.98,NPR,DEBIT,COMPLETED,Dinner,Cafe,Food
8e3b234a-f096-4b82-8520-f9dd92cb918a,ACC-STUDENT-003,2025-09-02T17:58:00Z,219.35,NPR,DEBIT,COMPLETED,Micro Fare,Microbus,transport
4b3c762f-6763-4357-b89f-be09aa0b053b,ACC-STUDENT-002,2025-01-13T08:30:00Z,235.61,NPR,DEBIT,COMPLETED,Cappuccino,Coffee Point,COFFEE
eddf38b9-c03d-4a00-8b2c-eff44d8b5f15,ACC-STUDENT-001,2025-03-21T18:23:00Z,101.7,NPR,DEBIT,COMPLETED,Taxi Ride,InDrive,Transport
13d1a7c3-c0dc-4347-b73d-005dc392cf23,ACC-STUDENT-005,2025/04/01,221.9,NPR,DEBIT,COMPLETED,Ride Sharing,Pathao,Transport
f0b474ba-5d82-480a-ae48-f634d766fa9b,ACC-STUDENT-003,2025-01-14T20:43:00Z,520.85,NPR,DEBIT,COMPLETED,Breakfast,Burger House,Food
da02ff62-9e4a-433a-a1b3-8c087984d05b,ACC-STUDENT-004,2025-08-05T13:45:00Z,355.52,NPR,DEBIT,COMPLETED,Snacks,Bakery,Food
09cd6e14-0a04-49a9-bf6e-a64d1761c47b,ACC-STUDENT-002,2026-01-07T08:30:00Z,259.12,NPR,DEBIT,COMPLETED,Iced Coffee,Red Mug Cafe,Coffee
a8a45050-3950-457e-b4ab-b225c5be1c98,ACC-STUDENT-003,2025-07-23T08:30:00Z,115.83,NPR,DEBIT,COMPLETED,Latte,Red Mug Cafe,Coffee
6260222d-bd7a-4d66-ba8d-31ff96e08052,ACC-STUDENT-003,2025-06-25T17:16:00Z,316.65,NPR,DEBIT,COMPLETED,Ride Sharing,InDrive,transport
420cdead-daec-4bdd-8279-0f3716a598e0,ACC-STUDENT-004,2025-01-27T17:37:00Z,216.82,NPR,DEBIT,COMPLETED,Ride Sharing,InDrive,Transport
7b5dbb2e-bcbc-48f8-a92c-b1b6af3c795e,ACC-STUDENT-003,2025-03-01T19:27:00Z,206.19,NPR,DEBIT,COMPLETED,Dinner,Cafe,Food
1d5d39fc-9051-4a1b-89ca-8742ef0891ee,ACC-STUDENT-004,2025-10-07T18:08:00Z,423.15,NPR,DEBIT,COMPLETED,Daily Commute,Local Taxi,Transport
b994a791-b96b-420b-be93-b5234a41a1e9,ACC-STUDENT-004,2025-04-16T08:30:00Z,204.95,NPR,DEBIT,COMPLETED,Iced Coffee,Beans Cafe,Coffee
2489fd49-807b-4b9f-8b3d-910052e2c82b,ACC-STUDENT-002,2025-08-28T12:28:00Z,226.7,NPR,DEBIT,COMPLETED,,Restaurant,Food
db86c295-e940-4429-9dfb-20d3dc9db083,ACC-STUDENT-003,2025-02-05T09:10:00Z,227.6,NPR,DEBIT,COMPLETED,Bus Ticket,Local Taxi,Transport
64784475-5434-4eb9-9d93-291b6b6be99c,ACC-STUDENT-003,2025/02/27,443.08,NPR,DEBIT,COMPLETED,Micro Fare,InDrive,Transport
6bfc1e40-1e4a-4915-a1c1-96e4fa981113,ACC-STUDENT-004,2025-08-28T12:43:00Z,362.19,NPR,DEBIT,COMPLETED,Breakfast,Cafe,Food
c0d3acf8-7bc4-4a7b-806f-fdfc55aac3d8,ACC-STUDENT-002,2025-02-05T20:02:00Z,436.99,NPR,DEBIT,COMPLETED,Coke and Momo,Local Eatery,Food
3aaebca7-42dd-4312-bbc2-48f000de6736,ACC-STUDENT-005,2025-10-07T13:30:00Z,259.84,NPR,DEBIT,COMPLETED,Burger & Fries,Boba Shop,Food
112389e6-4431-4955-bbc6-876713ff3d26,ACC-STUDENT-005,2025-08-06T12:41:00Z,485.36,NPR,DEBIT,COMPLETED,Snacks,Canteen,Food
fbb285fa-157b-44d3-b213-065254653f4c,ACC-STUDENT-005,2025-11-25T13:00:00Z,556.86,NPR,DEBIT,COMPLETED,Coke and Momo,Cafe,Food
10d001e3-07c7-43fc-b06a-7186bfe303fc,ACC-STUDENT-004,2025-11-30T12:00:00Z,3400.86,NPR,DEBIT,COMPLETED,Weekly Groceries,Fresh Vegetable Vendor,Groceries
0006e599-6a63-488f-a0d1-c159e0803c1e,ACC-STUDENT-001,2026-01-06T09:05:00Z,115.5,NPR,DEBIT,COMPLETED,Taxi Ride,InDrive,Transport
61100de3-5dfe-4114-89e5-9f9006286bae,ACC-STUDENT-005,2025-07-15T08:30:00Z,216.19,NPR,DEBIT,COMPLETED,Americano,Himalayan Java,Coffee
936e382e-d2f6-4d7e-a37a-073a306bb3dd,ACC-STUDENT-005,2025-12-24T17:47:00Z,85.24,NPR,DEBIT,COMPLETED,Taxi Ride,Microbus,Transport
e4ea3b4e-3bcd-411b-8d31-240bcc811899,ACC-STUDENT-002,2025-03-26T09:40:00Z,150.36,NPR,DEBIT,COMPLETED,Ride Sharing,Sajha Yatayat,Transport
099fff25-945e-4776-afee-0fdcb1e63d31,ACC-STUDENT-005,2025-08-05T12:09:00Z,738.17,NPR,DEBIT,COMPLETED,Burger & Fries,Local Eatery,Food
bd76a7d1-a5e6-40d5-aeee-c30a1fcef41f,ACC-STUDENT-003,2025-06-26T20:34:00Z,220.38,NPR,DEBIT,COMPLETED,Lunch,Bakery,Food
c0d0dd15-8df2-4430-bcc4-c25ca4718763,ACC-STUDENT-004,2025-07-21T16:20:00Z,2750.9,NPR,DEBIT,COMPLETED,Books,Mall,Shopping
33578edf-9828-4cd5-b32a-c1920e2c950e,ACC-STUDENT-004,2025-09-29T20:35:00Z,530.37,NPR,DEBIT,COMPLETED,Meals,Burger House,Food
b72745a5-13ad-4dcf-9ef8-be539aecb5a6,ACC-STUDENT-005,2025-10-05T12:03:00Z,208.82,NPR,DEBIT,COMPLETED,Meals,Bakery,Food
402248dc-e128-441e-9a30-418bd6b00c93,ACC-STUDENT-004,2025-10-10T17:04:00Z,281.36,NPR,DEBIT,COMPLETED,,Local Taxi,Transport
225a0b04-d872-4254-8f6e-e4db9b4015b0,ACC-STUDENT-003,2025-10-18T12:00:00Z,3792.92,NPR,DEBIT,COMPLETED,Dairy Products,Fresh Vegetable Vendor,Groceries
560edefd-eb06-4e54-a434-e790f8bed188,ACC-STUDENT-002,2025-07-07T12:09:00Z,732.73,NPR,DEBIT,COMPLETED,Lunch,Bakery,Food
1e3dc4ef-e82b-4657-bd22-bdd8ad27c2a4,ACC-STUDENT-001,2025-06-10T19:34:00Z,684.7,NPR,DEBIT,COMPLETED,Meals,Boba Shop,Food
05aca674-54d6-481f-94c5-263153e73e2e,ACC-STUDENT-004,2025-04-02T10:00:00Z,8848.08,NPR,DEBIT,COMPLETED,House Rent,Rent House Ltd,Utilities
82454e88-930e-41cf-a8fc-67e1985b3e16,ACC-STUDENT-002,2025-01-14T08:30:00Z,197.27,NPR,DEBIT,COMPLETED,Americano,Coffee Point,Coffee
7e64d452-ab65-44b2-8d1c-b7d788cdcde8,ACC-STUDENT-001,2025-09-28T12:00:00Z,3563.31,NPR,DEBIT,COMPLETED,Monthly Supplies,Local Grocery,GROCERIES
397fa2f4-bfac-4c87-af26-ec8ef433cb6f,ACC-STUDENT-003,2025-09-09T08:30:00Z,196.47,NPR,DEBIT,COMPLETED,Cappuccino,Himalayan Java,Coffee
10387900-0e28-4ba5-ab10-a803cc596053,ACC-STUDENT-003,2025/11/17,704.8,NPR,DEBIT,COMPLETED,Snacks,Canteen,Food
9104dd66-f615-49ce-9c74-59169b7106cc,ACC-STUDENT-004,2025-04-22T20:12:00Z,198.92,NPR,DEBIT,COMPLETED,Snacks,Restaurant,Food
1469d9a3-1a6d-4cb3-afbd-595ee417cba2,ACC-STUDENT-003,2025-06-17T19:26:00Z,726.73,NPR,DEBIT,COMPLETED,Meals,Cafe,Food
94c00628-bfbe-4dde-92f1-c70d8616f8da,ACC-STUDENT-002,2025-09-25T18:25:00Z,367.17,NPR,DEBIT,COMPLETED,Micro Fare,Sajha Yatayat,Transport
b68ce21a-298e-46e9-b9da-6de9ae58b901,ACC-STUDENT-001,2025-08-20T16:20:00Z,3943.86,NPR,DEBIT,COMPLETED,Gift for Mom,Miniso,Shopping
83bd8c74-0671-4d87-a209-10d33b0dcbe9,ACC-STUDENT-004,2025-06-10T18:34:00Z,237.19,NPR,DEBIT,COMPLETED,Ride Sharing,Pathao,Transport
1bba156e-0754-4e60-b232-ced4dc77c007,ACC-STUDENT-001,2025-10-05T18:28:00Z,301.56,NPR,DEBIT,COMPLETED,Bus Ticket,Microbus,Transport
b7b533e1-dc0e-4cd8-80a1-f7f22fa766db,ACC-STUDENT-001,2025-09-04T19:52:00Z,714.02,NPR,DEBIT,COMPLETED,Snacks,Boba Shop,Food
fb0ea494-e58e-453f-b3c1-1bb39fd7a864,ACC-STUDENT-004,2025-12-01T16:20:00Z,2380.05,NPR,DEBIT,COMPLETED,Saree for Mother,Local Store,Shopping
8f28e786-3c65-4242-9e18-e8e9baa58aa2,ACC-STUDENT-004,2025-05-01T09:00:00Z,33314.75,NPR,CREDIT,COMPLETED,Monthly Allowance,Family Transfer,Income
ef35a692-c172-48f7-847b-ba04febe46f5,ACC-STUDENT-001,2025-03-03T12:41:00Z,690.89,NPR,DEBIT,COMPLETED,Snacks,Burger House,Food
5ac3bf42-da9d-4bc6-9613-f31b4dfa3a37,ACC-STUDENT-004,2025-07-16T20:43:00Z,438.48,NPR,DEBIT,COMPLETED,Dinner,Local Eatery,Food
f29fd918-e564-4f44-9ac3-b93fdd546fe7,ACC-STUDENT-004,2025-02-05T09:23:00Z,334.79,NPR,DEBIT,COMPLETED,Taxi Ride,Sajha Yatayat,Transport
726f3df4-4b90-497c-ab70-ee4fb18aa222,ACC-STUDENT-002,2025-12-28T12:12:00Z,210.69,NPR,DEBIT,COMPLETED,Coke and Momo,Local Eatery,Food
07d76b99-e620-4fb5-a66b-78c7610c2ce8,ACC-STUDENT-002,2025-11-22T12:00:00Z,3836.38,NPR,DEBIT,COMPLETED,Vegetables & Fruits,Big Mart,Groceries
35a656c0-4049-49da-812e-50fda1f016bf,ACC-STUDENT-002,2025-01-14T17:20:00Z,77.64,NPR,DEBIT,COMPLETED,Bus Ticket,Bus,transport
0ba7a8cb-ec62-4322-b121-b0389c7d9864,ACC-STUDENT-005,2025-01-27T17:30:00Z,423.17,NPR,DEBIT,COMPLETED,Micro Fare,Sajha Yatayat,Transport
6c0445f4-127a-4c83-9025-70f8bed0e019,ACC-STUDENT-005,2025-08-13T20:50:00Z,425.44,NPR,DEBIT,COMPLETED,Breakfast,Bakery,Food
fee06122-c64b-4180-b0d8-4d4b2c82fdac,ACC-STUDENT-005,2025-04-02T10:00:00Z,9941.86,NPR,DEBIT,COMPLETED,House Rent,Rent House Ltd,Utilities
7823115a-cb4f-4466-a4ce-ecea96eab540,ACC-STUDENT-005,2025-09-17T12:15:00Z,619.42,NPR,DEBIT,COMPLETED,Breakfast,Cafe,Food
defb99fe-295a-4785-a8de-8fa3ba173a61,ACC-STUDENT-003,2025-07-29T09:17:00Z,0.0,NPR,DEBIT,COMPLETED,Ride Sharing,Sajha Yatayat,Transport
7519ceed-4495-4ad8-abe8-bc00a55f499f,ACC-STUDENT-003,2025-08-01T09:00:00Z,"Rs. 33,667.31",NPR,CREDIT,COMPLETED,Monthly Allowance,Family Transfer,Income
66479d16-723f-459b-8412-4f016eb02944,ACC-STUDENT-001,2025-04-16T13:45:00Z,611.22,NPR,DEBIT,COMPLETED,Coke and Momo,Burger House,Food
24acfb33-3d18-49ff-86a6-22a170734cb9,ACC-STUDENT-002,2025-12-13T19:34:00Z,435.91,NPR,DEBIT,COMPLETED,Coke and Momo,Restaurant,Food
370c99ed-a173-4f9f-8a77-527005c74bb2,ACC-STUDENT-005,2025-10-03T17:21:00Z,125.85,NPR,DEBIT,COMPLETED,Daily Commute,Bus,Transport
3ebbe002-171a-4615-96a3-5f11a16089fc,ACC-STUDENT-004,2025-06-04T09:47:00Z,403.66,NPR,DEBIT,COMPLETED,Ride Sharing,Local Taxi,Transport
12f05bb0-4fbe-4656-9749-e91752be6be4,ACC-STUDENT-001,2025-09-06T09:13:00Z,252.14,NPR,DEBIT,COMPLETED,Micro Fare,Sajha Yatayat,transport
e071e119-9f6a-45b9-aa10-cdf1a5c82df5,ACC-STUDENT-003,2025-05-26T17:36:00Z,105.32,NPR,DEBIT,COMPLETED,Micro Fare,Pathao,Transport
a1b1c72c-d393-4f37-bee7-38f56ba268ec,ACC-STUDENT-003,2025-09-11T09:01:00Z,136.23,NPR,DEBIT,COMPLETED,Bus Ticket,InDrive,Transport
2ec762db-daff-4e12-bfa8-5ae896dda2f4,ACC-STUDENT-005,2025-06-15T08:00:00Z,423.62,NPR,DEBIT,COMPLETED,Spotify Premium,Spotify,Entertainment
64ea412f-6cae-4550-98a1-20ab01576227,ACC-STUDENT-001,2025-01-29T19:10:00Z,434.82,NPR,DEBIT,COMPLETED,Burger & Fries,Burger House,Food
b4ef0963-003c-46cf-8a0e-883d44b3d02b,ACC-STUDENT-004,2025-03-03T20:15:00Z,535.93,NPR,DEBIT,COMPLETED,Burger & Fries,Canteen,Food
05b03bdd-f878-40b5-9e0c-cc3f3f2c96c9,ACC-STUDENT-003,2025-09-08T09:33:00Z,163.05,NPR,DEBIT,COMPLETED,Micro Fare,Local Taxi,Transport
bb205f8c-1c69-467b-ab0c-d59a2ced6f2b,ACC-STUDENT-002,2025-07-02 10:00:00,10700.55,NPR,DEBIT,COMPLETED,House Rent,Rent House Ltd,Utilities
8ca42f36-658f-46ea-925c-8ecb1fea0539,ACC-STUDENT-002,2025-03-03T17:13:00Z,132.38,NPR,DEBIT,COMPLETED,Micro Fare,Bus,Transport
71034728-49c4-437e-a884-78826b8d2ac1,ACC-STUDENT-004,2025-10-20T17:37:00Z,108.33,NPR,DEBIT,COMPLETED,Bus Ticket,Sajha Yatayat,Transport
d271436a-e17e-4a42-a949-a797cd86d6b5,ACC-STUDENT-004,2025-10-28T09:55:00Z,134.51,NPR,DEBIT,COMPLETED,Taxi Ride,InDrive,Transport
02bde092-4d21-4a22-be34-3af7a36a44da,ACC-STUDENT-004,2025-03-25T19:50:00Z,378.73,NPR,DEBIT,COMPLETED,Breakfast,Local Eatery,Food
deb90827-2b0c-43c9-a1b7-d401ecc4aeee,ACC-STUDENT-003,2025-08-08T12:15:00Z,188.12,NPR,DEBIT,COMPLETED,,,Food
170a7682-011d-41f9-80fa-2913da30bbd6,ACC-STUDENT-004,2025-11-06T09:20:00Z,106.6,NPR,DEBIT,COMPLETED,Bus Ticket,Local Taxi,Transport
552adc6d-ae47-4888-b451-86a565f06f94,ACC-STUDENT-001,2025-10-06T18:23:00Z,254.34,NPR,DEBIT,COMPLETED,Bus Ticket,Sajha Yatayat,Transport
b83693ce-c9b0-41b7-b0f1-4625f80796a4,ACC-STUDENT-003,2025-07-27T18:57:00Z,Rs. 417.88,NPR,DEBIT,COMPLETED,Ride Sharing,InDrive,Transport
1f63843c-97c2-4e1c-9ea4-dd15f600a493,ACC-STUDENT-002,2025-09-13T12:00:00Z,2039.75,NPR,DEBIT,COMPLETED,Monthly Supplies,Bhatbhateni,Groceries
03dad78b-8dba-44ac-9a82-1bcf57895e3d,ACC-STUDENT-005,2025-12-01T20:10:00Z,154.62,NPR,DEBIT,COMPLETED,Dinner,Bakery,Food
96abb8e6-ead9-4168-b80f-9265a9945db6,ACC-STUDENT-004,2025-12-22T17:32:00Z,229.89,NPR,DEBIT,COMPLETED,Micro Fare,Bus,Transport
8c7e59b1-fbf3-44b7-989f-55ec0792c8ec,ACC-STUDENT-005,2025-05-22T18:32:00Z,375.45,NPR,DEBIT,COMPLETED,Micro Fare,Local Taxi,Transport
f0191191-df97-4365-9119-5e94979ebcb2,ACC-STUDENT-003,2025-05-20T09:12:00Z,232.62,NPR,DEBIT,COMPLETED,Micro Fare,InDrive,Transport
e1dc5cf8-b7a2-4269-a0b8-2ffe1beed672,ACC-STUDENT-001,2025-08-19T18:32:00Z,103.71,NPR,DEBIT,COMPLETED,Daily Commute,Sajha Yatayat,transport
36a2d81c-0451-4e07-900e-373194453c12,ACC-STUDENT-005,2025-10-10T14:30:00Z,6837.23,NPR,CREDIT,COMPLETED,Scholarship payout,Family Transfer,Income
44e88d68-7e26-4ef3-b7df-f88bad36c2d8,ACC-STUDENT-003,2025-09-20T12:00:00Z,3150.99,NPR,DEBIT,COMPLETED,Vegetables & Fruits,Big Mart,Groceries
df7ec1cd-15b3-44d2-8d3f-5e78a7059a81,ACC-STUDENT-001,2025/04/04,176.8,NPR,DEBIT,COMPLETED,Micro Fare,,Transport
8530d82e-9e38-4f81-8e2b-68ff51d04b15,ACC-STUDENT-005,2026-01-07T07:00:00Z,4713.78,NPR,DEBIT,COMPLETED,Hotel Stay,Hotel Chitwan,Travel
6a706bbb-208c-44b1-8140-148e74f80985,ACC-STUDENT-004,2025-07-10T19:36:00Z,751.9,NPR,DEBIT,COMPLETED,Breakfast,Bakery,Food
6b8fad2b-c5b4-4840-acd1-acac1120a4fd,ACC-STUDENT-005,2025-07-09T12:46:00Z,617.24,NPR,DEBIT,COMPLETED,Lunch,Canteen,Food
b1e73544-de85-4649-a9d4-c470ff5a3077,ACC-STUDENT-002,2025-10-30T16:20:00Z,4361.92,NPR,DEBIT,COMPLETED,Gift for Mom,Daraz,Shopping
5258f319-184b-4b1d-83f0-3205ff94bdce,ACC-STUDENT-003,2025-02-15T13:38:00Z,438.69,NPR,DEBIT,COMPLETED,Dinner,Canteen,Food
61cf9eb0-9c96-4521-b256-e797ad381a39,ACC-STUDENT-002,2025-08-19T18:06:00Z,274.75,NPR,DEBIT,COMPLETED,Micro Fare,Local Taxi,Transport
27e42f74-edd8-43f5-8481-0594e414c8fa,ACC-STUDENT-003,2025-08-23T09:45:00Z,0.0,NPR,DEBIT,COMPLETED,Daily Commute,InDrive,Transport
6f07b18a-5155-46d3-8c43-232a40467902,ACC-STUDENT-001,2025-08-08T09:07:00Z,109.63,NPR,DEBIT,COMPLETED,Daily Commute,Pathao,Transport
83c5e41d-4ad4-41a9-bc6c-7c14477bdf4c,ACC-STUDENT-001,2025-10-07T09:11:00Z,443.07,NPR,DEBIT,COMPLETED,Ride Sharing,Bus,Transport
e0418dbf-43a3-4307-a6e7-ebcc9fc0a927,ACC-STUDENT-005,2025-06-05T18:13:00Z,81.14,NPR,DEBIT,COMPLETED,Ride Sharing,Bus,Transport
c93218cd-a09e-4df8-bc2d-65084e7e9b77,ACC-STUDENT-002,2025-10-10T17:46:00Z,240.84,NPR,DEBIT,COMPLETED,Bus Ticket,InDrive,Transport
e6b42704-6e4c-4a7c-8bcf-37912447f985,ACC-STUDENT-001,2025-10-19T12:21:00Z,600.97,NPR,DEBIT,COMPLETED,Meals,Restaurant,Food
bd646348-c3ea-441a-a7b2-0fe792c8a7e6,ACC-STUDENT-003,2025-07-03T08:30:00Z,132.5,NPR,DEBIT,COMPLETED,Cappuccino,,Coffee
873e4d80-9549-4e92-9997-2ca46530d1be,ACC-STUDENT-002,2025-05-23T08:30:00Z,281.35,NPR,DEBIT,COMPLETED,Chiya,Red Mug Cafe,Coffee
65076190-e509-48b6-ad85-1ec2da67f949,ACC-STUDENT-005,2025-06-24T07:00:00Z,4706.73,NPR,DEBIT,COMPLETED,Bus to Chitwan,Hotel Chitwan,Travel
7f4ff13f-aaaf-47c0-9713-4d0a3a07787e,ACC-STUDENT-004,2025-06-09T18:12:00Z,282.04,NPR,DEBIT,COMPLETED,Ride Sharing,Pathao,Transport
ee840427-d721-4080-a49f-7059ca138409,ACC-STUDENT-002,2025-05-12T18:41:00Z,202.32,NPR,DEBIT,COMPLETED,Micro Fare,Pathao,Transport
8ef04be5-d101-4a47-b565-bf663bc9f7f3,ACC-STUDENT-005,2025-01-21T13:49:00Z,259.12,NPR,DEBIT,COMPLETED,Dinner,Cafe,Food
af87f7c7-ce3d-498a-a337-0dba196d4caf,ACC-STUDENT-001,2025-04-21T19:29:00Z,197.43,NPR,DEBIT,COMPLETED,Meals,,Food
809016de-03c2-4d5c-9c74-96590311af63,ACC-STUDENT-003,2025-11-19T18:18:00Z,164.19,NPR,DEBIT,COMPLETED,Ride Sharing,Local Taxi,Transport
7639e447-207d-4af9-bbe4-aab5c60b6248,ACC-STUDENT-004,2025-04-22T17:10:00Z,79.5,NPR,DEBIT,COMPLETED,Daily Commute,Sajha Yatayat,Transport
c760720d-757e-43f6-b2e3-2fc96d36c28b,ACC-STUDENT-001,2025-07-30T20:36:00Z,730.35,NPR,DEBIT,COMPLETED,Snacks,Cafe,Food
fbdfee78-0311-42c7-b18f-d1efbf8db826,ACC-STUDENT-003,2025-09-03T20:16:00Z,255.19,NPR,DEBIT,COMPLETED,Breakfast,Boba Shop,food
8e22e9be-484d-49c9-982c-29e6ef5b2f27,ACC-STUDENT-005,2025-01-27T08:30:00Z,275.2,NPR,DEBIT,COMPLETED,,Himalayan Java,Coffee
5637f66c-d16a-42b2-a81d-2be7e0548f7e,ACC-STUDENT-004,2025-11-12T18:15:00Z,239.6,NPR,DEBIT,COMPLETED,Daily Commute,Local Taxi,Transport
a76b3799-e60e-4bb6-b20f-23324328da6b,ACC-STUDENT-001,2025-10-13T13:13:00Z,706.22,NPR,DEBIT,COMPLETED,Meals,Boba Shop,Food
89bbae61-42c1-4629-a837-24703ff716fb,ACC-STUDENT-005,2025-10-18T12:27:00Z,484.71,NPR,DEBIT,COMPLETED,Lunch,Burger House,Food
6eca7f1d-e1ce-4bc6-88ac-86077bf065a9,ACC-STUDENT-002,2025-09-26T09:21:00Z,336.32,NPR,DEBIT,COMPLETED,Daily Commute,Local Taxi,transport
c7a94f1e-4857-4f19-ab43-e296c4bfea1c,ACC-STUDENT-003,2025-02-14T09:50:00Z,219.2,NPR,DEBIT,COMPLETED,Daily Commute,Local Taxi,Transport
794d6483-99e4-4e28-8b9c-a43b56e534a1,ACC-STUDENT-004,2025-09-16T20:07:00Z,282.13,NPR,DEBIT,COMPLETED,Lunch,Boba Shop,Food
16b2882c-ce1b-4db1-9868-5f409b8f1af5,ACC-STUDENT-004,2025-12-26T08:30:00Z,218.47,NPR,DEBIT,COMPLETED,Americano,Local Tea Stall,Coffee
a46add97-8b44-4273-bd91-85e905907b14,ACC-STUDENT-005,2025-06-24T18:15:00Z,240.6,NPR,DEBIT,COMPLETED,Ride Sharing,Local Taxi,Transport
9296145f-4380-4335-8f48-f6e466723d27,ACC-STUDENT-005,2025-08-24T12:00:00Z,2741.57,NPR,DEBIT,COMPLETED,Vegetables & Fruits,Saleways,Groceries
887977af-c4b7-4968-aa58-de7bc6250f30,ACC-STUDENT-005,2025-02-19T08:30:00Z,131.78,NPR,DEBIT,COMPLETED,Cappuccino,Red Mug Cafe,Coffee
5e04dc17-1cb0-4491-b6c7-47af66cb3b10,ACC-STUDENT-003,2025-10-12T16:20:00Z,4299.18,NPR,DEBIT,COMPLETED,Saree for Mother,Clothing Shop,Shopping
178242c8-5505-4bbf-8e76-e1513b5ec986,ACC-STUDENT-004,2025-09-30T18:20:00Z,481.02,NPR,DEBIT,COMPLETED,Micro Fare,Local Taxi,Transport
5d0ea283-5d2e-4e15-a0c0-25e9b021a3b3,ACC-STUDENT-005,2025-02-23 12:40:00,676.86,NPR,DEBIT,COMPLETED,Dinner,Burger House,Food
a1bc8742-63f3-470a-9706-50ab3aee04c9,ACC-STUDENT-002,2025-07-26T12:07:00Z,181.2,NPR,DEBIT,COMPLETED,Dinner,Canteen,Food
5e1441a8-ae6a-409a-a243-591e4e13ed52,ACC-STUDENT-004,2025-03-16T13:01:00Z,780.43,NPR,DEBIT,COMPLETED,Coke and Momo,Burger House,Food
d4ea7934-5052-4b9c-a5d5-a0b5f01685d3,ACC-STUDENT-004,2025-09-17T12:18:00Z,209.81,NPR,DEBIT,COMPLETED,Lunch,Boba Shop,Food
043c5417-a167-4fbd-962b-e64c951d5e09,ACC-STUDENT-005,2025-12-03T20:05:00Z,330.29,NPR,DEBIT,COMPLETED,Dinner,Restaurant,FOOD
8a422192-5394-42b6-b23f-fa40d9f71966,ACC-STUDENT-005,2025-02-23T13:26:00Z,685.75,NPR,DEBIT,COMPLETED,Lunch,Cafe,Food
a1d98386-86e9-41a5-8ce2-a5fdd9b83b98,ACC-STUDENT-005,2025-06-10T08:30:00Z,227.19,NPR,DEBIT,COMPLETED,Cappuccino,Himalayan Java,Coffee
10c90374-9b25-493b-b1f0-e81f3d79f731,ACC-STUDENT-004,2025-11-21T12:22:00Z,704.48,NPR,DEBIT,COMPLETED,Breakfast,Boba Shop,FOOD
dfb25ca6-d9a8-48a8-b5d8-19b27a75aa1d,ACC-STUDENT-005,2025-10-24T18:08:00Z,286.78,NPR,DEBIT,COMPLETED,Bus Ticket,Pathao,Transport
1b499ed4-0bff-40eb-9033-4906eb299937,ACC-STUDENT-004,2025-12-09T08:30:00Z,240.58,NPR,DEBIT,COMPLETED,Chiya,Red Mug Cafe,Coffee
c4d6671d-e40a-47b2-9494-365c562ebba4,ACC-STUDENT-003,2025-10-19T17:10:00Z,227.86,NPR,DEBIT,COMPLETED,Ride Sharing,Pathao,Transport
3627b056-7bab-4d91-9c95-cd98d8d86aef,ACC-STUDENT-005,2025-08-20T13:39:00Z,690.92,NPR,DEBIT,COMPLETED,Lunch,Bakery,Food
fd1410d9-abec-46a8-840f-eb91649339fb,ACC-STUDENT-001,2025-11-05 13:39:00,515.71,NPR,DEBIT,COMPLETED,Burger & Fries,Burger House,Food
e1a66de9-3c8a-4ac1-a9ce-a8f5ad7df817,ACC-STUDENT-005,2025-03-16T12:00:00Z,2233.61,NPR,DEBIT,COMPLETED,Rice and Oil,Fresh Vegetable Vendor,Groceries
fc0ac15b-6210-4b58-b478-48f4cc6f2d8b,ACC-STUDENT-001,2025-05-03T09:59:00Z,387.05,NPR,DEBIT,COMPLETED,Taxi Ride,Bus,Transport
f50783a6-aa83-4b4a-9050-417ee664ff67,ACC-STUDENT-005,2025-06-08T12:00:00Z,1766.88,NPR,DEBIT,COMPLETED,Monthly Supplies,Saleways,Groceries
247b7dd0-b87c-4cba-b99d-8fd1943b329e,ACC-STUDENT-005,2025-12-26T18:00:00Z,218.57,NPR,DEBIT,COMPLETED,Bus Ticket,Pathao,Transport
146c0b3e-486a-407c-a5d3-8b6086757798,ACC-STUDENT-001,2025-06-16T20:41:00Z,209.28,NPR,DEBIT,COMPLETED,Meals,Canteen,Food
8c431410-4460-43b5-a53f-f23c5a034095,ACC-STUDENT-005,2025-09-26T08:30:00Z,109.33,NPR,DEBIT,COMPLETED,Chiya,Beans Cafe,Coffee
d8f03d3b-8e3b-4506-8431-cce7a186f9fb,ACC-STUDENT-004,2025-12-08T09:21:00Z,301.59,NPR,DEBIT,COMPLETED,Taxi Ride,Bus,Transport
3189a7b9-2a3d-46e2-a656-cd9477e30df9,ACC-STUDENT-004,2025-04-14T13:16:00Z,745.93,NPR,DEBIT,COMPLETED,Snacks,Local Eatery,Food
c0bb738c-ec75-46ce-b308-dd21ce6d3285,ACC-STUDENT-003,2025-09-24T14:30:00Z,3077.13,NPR,CREDIT,COMPLETED,Monthly Allowance,Tutoring,Income
3911240d-ec97-4dd5-a7f8-6b61f0e5c370,ACC-STUDENT-001,2025-03-12T12:50:00Z,406.47,NPR,DEBIT,COMPLETED,Dinner,Local Eatery,Food
246142a6-72c3-441b-9219-fe830fb1d146,ACC-STUDENT-002,2025-01-21T08:30:00Z,0.0,NPR,DEBIT,COMPLETED,Americano,Red Mug Cafe,coffee
6efa0272-1d29-4598-a28a-d6050ddee4c2,ACC-STUDENT-003,2025-09-22T19:19:00Z,-713.88,NPR,DEBIT,COMPLETED,Coke and Momo,Canteen,Food
b0b40a19-bae5-40d3-b765-098a45d9f47b,ACC-STUDENT-003,2025/02/13,213.7,NPR,DEBIT,COMPLETED,Daily Commute,Sajha Yatayat,Transport
6ada969b-6acb-43b9-a429-e2cb21f04afb,ACC-STUDENT-004,2025-12-08T12:15:00Z,515.45,NPR,DEBIT,COMPLETED,Meals,Canteen,Food
bb71dd5a-a24f-4292-b75f-a9fa11436986,ACC-STUDENT-004,2025-08-20T12:07:00Z,507.23,NPR,DEBIT,COMPLETED,Lunch,Bakery,Food
13a06ce3-7868-4b0a-89ab-a2301a43ad58,ACC-STUDENT-004,2025-02-17T08:30:00Z,174.64,NPR,DEBIT,COMPLETED,Latte,,Coffee
fb93f064-4ef8-4f4d-a369-ef644c2af31a,ACC-STUDENT-002,2025-06-16T17:42:00Z,216.1,NPR,DEBIT,COMPLETED,Taxi Ride,Microbus,Transport
8c3e5f8d-4f7a-4a06-8b86-650702cfd67e,ACC-STUDENT-005,2025-07-17T13:13:00Z,488.57,NPR,DEBIT,COMPLETED,Snacks,Burger House,Food
46d3a3a3-7804-4a94-b492-684887058b6d,ACC-STUDENT-003,2025-03-30T13:01:00Z,675.02,NPR,DEBIT,COMPLETED,Lunch,Local Eatery,Food
630f61cb-90ba-46ef-a9e1-ed332fbabfb9,ACC-STUDENT-003,2025-05-14T08:30:00Z,184.04,NPR,DEBIT,COMPLETED,Iced Coffee,Red Mug Cafe,Coffee
2cebc97b-9748-42be-8cf2-4c7fc20c0811,ACC-STUDENT-001,2025-12-16T20:31:00Z,306.33,NPR,DEBIT,COMPLETED,,Boba Shop,Food
304bcca4-632d-4380-9020-81cafa310586,ACC-STUDENT-002,2025-04-19T12:33:00Z,664.66,NPR,DEBIT,COMPLETED,Snacks,Burger House,Food
3ef6c188-dcc3-45e6-ba88-77e4d4e8efea,ACC-STUDENT-003,2025-08-29T09:53:00Z,196.9,NPR,DEBIT,COMPLETED,Ride Sharing,Sajha Yatayat,Transport
e02b65e9-c485-4ec3-94ac-2ca728c93ccf,ACC-STUDENT-003,2025-09-15T20:32:00Z,483.12,NPR,DEBIT,COMPLETED,Dinner,Boba Shop,Food
7a4ed79c-13a0-4ce4-bafd-5d42b0849538,ACC-STUDENT-003,2025-03-26T17:38:00Z,444.98,NPR,DEBIT,COMPLETED,Daily Commute,Microbus,Transport
4f6506f3-5a9f-4178-a14f-b8f3cc839a0c,ACC-STUDENT-002,2025-05-31T13:46:00Z,482.31,NPR,DEBIT,COMPLETED,Lunch,Restaurant,Food
a5b61446-3e58-4ea4-baea-8f05d3e21d3c,ACC-STUDENT-003,2025-12-18T12:51:00Z,771.26,NPR,DEBIT,COMPLETED,Breakfast,Burger House,Food
3f7ff72c-f75e-4e55-a58c-e9af5f0091ec,ACC-STUDENT-003,2025-08-17T18:30:00Z,593.66,NPR,DEBIT,COMPLETED,Movie Ticket,Netflix,Entertainment
ad323fff-3d35-4443-ba76-898f27808062,ACC-STUDENT-003,2025-08-17T12:00:00Z,4224.23,NPR,DEBIT,COMPLETED,Weekly Groceries,Big Mart,Groceries
44276abb-5318-40e1-9cf8-0f674568d968,ACC-STUDENT-003,2025-10-01T12:05:00Z,225.51,NPR,DEBIT,COMPLETED,Dinner,Canteen,Food
460a983c-5327-43e7-886d-3601520db526,ACC-STUDENT-005,2025-06-17T17:29:00Z,323.39,NPR,DEBIT,COMPLETED,Daily Commute,Microbus,Transport
1a621b83-e21d-4a53-b920-f85b99e43b55,ACC-STUDENT-004,2025-12-29T09:34:00Z,430.73,NPR,DEBIT,COMPLETED,Bus Ticket,Sajha Yatayat,Transport
22ad631d-8d8e-4bed-85bf-606db5042397,ACC-STUDENT-003,2025-09-08T20:50:00Z,321.03,NPR,DEBIT,COMPLETED,Lunch,Burger House,Food
079f403d-d240-4e41-9334-55d9de92a936,ACC-STUDENT-001,2025-07-04T09:57:00Z,414.81,NPR,DEBIT,COMPLETED,Taxi Ride,Bus,Transport
abd76442-1d72-4d20-ae43-ee3a8de8a3cd,ACC-STUDENT-003,2025-05-20T17:20:00Z,167.1,NPR,DEBIT,COMPLETED,Ride Sharing,Microbus,Transport
3859a126-dae6-452c-b2aa-5b65cd1e27c0,ACC-STUDENT-005,2025-06-02T09:55:00Z,275.61,NPR,DEBIT,COMPLETED,Daily Commute,Bus,Transport
8d5ec898-ae49-458f-810d-4bd35c72ea10,ACC-STUDENT-001,2025-02-19T17:21:00Z,175.85,NPR,DEBIT,COMPLETED,Bus Ticket,Microbus,Transport
7f971c88-01cd-495b-b4ca-a6d6b2cde6da,ACC-STUDENT-003,2026-01-08T08:30:00Z,177.01,NPR,DEBIT,COMPLETED,Cappuccino,Coffee Point,Coffee
cfbee342-a828-4129-aef7-ae1b729fc0ca,ACC-STUDENT-003,2025-04-15T08:30:00Z,213.13,NPR,DEBIT,COMPLETED,Cappuccino,Beans Cafe,Coffee
1092bc96-ad10-402a-ae0f-d540216bddac,ACC-STUDENT-004,2025-06-19T20:02:00Z,341.92,NPR,DEBIT,COMPLETED,Snacks,Boba Shop,Food
9a976e2e-8547-4a71-b118-6c349fbd4b2f,ACC-STUDENT-003,2025-10-01T09:00:00Z,25724.88,NPR,CREDIT,COMPLETED,Monthly Allowance,Family Transfer,Income
ecb3b0e4-de39-44f5-b872-6f00da09be73,ACC-STUDENT-003,2025-02-18T16:20:00Z,3654.12,NPR,DEBIT,COMPLETED,New Shoes,Mall,Shopping
2911b95c-f671-4da4-8261-833f06772656,ACC-STUDENT-001,2025-09-05T08:30:00Z,128.33,NPR,DEBIT,COMPLETED,,Local Tea Stall,COFFEE
ad869289-1021-4674-bcd2-46b1bbd953cd,ACC-STUDENT-002,2025-04-18T20:32:00Z,566.38,NPR,DEBIT,COMPLETED,Lunch,Local Eatery,Food
1b90472d-e698-44d4-9c98-9330c559654c,ACC-STUDENT-001,2025-10-17T12:17:00Z,654.9,NPR,DEBIT,COMPLETED,Dinner,Burger House,Food
cb9e0f32-d55f-4a56-bdd1-fe1824c0df8c,ACC-STUDENT-003,2025-07-23T13:59:00Z,516.92,NPR,DEBIT,COMPLETED,Burger & Fries,Cafe,Food
8b4ab080-ec73-439e-b357-51e9ff96c238,ACC-STUDENT-002,2025-07-30T18:41:00Z,95.93,NPR,DEBIT,COMPLETED,Micro Fare,Bus,Transport
f3463017-456d-491e-9dcc-a299f70c7bb7,ACC-STUDENT-002,2025-09-22T12:15:00Z,238.97,NPR,DEBIT,COMPLETED,Snacks,Boba Shop,Food
e0419a3b-ee7a-4a41-98f5-fda0a54b9e63,ACC-STUDENT-005,2025-09-03T16:20:00Z,4732.85,NPR,DEBIT,COMPLETED,Gift for Mom,Local Store,Shopping
9b7f412f-075e-4288-a789-26782a6bc20f,ACC-STUDENT-002,2025-11-29T12:47:00Z,199.11,NPR,DEBIT,COMPLETED,Meals,Local Eatery,Food
4d678e18-32b4-4dc4-bae2-071aa013524c,ACC-STUDENT-001,2025-04-27T12:00:00Z,3675.97,NPR,DEBIT,COMPLETED,Weekly Groceries,Fresh Vegetable Vendor,Groceries
30d5e301-2101-4e36-b9b6-d0c3caaf939c,ACC-STUDENT-002,2025-11-04 18:38:00,197.94,NPR,DEBIT,COMPLETED,Micro Fare,Sajha Yatayat,Transport
78825e12-4273-4a9f-a3c7-211974714262,ACC-STUDENT-001,2025-04-22T20:15:00Z,241.57,NPR,DEBIT,COMPLETED,Meals,Restaurant,Food
66d98482-176f-4516-a5b0-aef972b256e1,ACC-STUDENT-001,2025-09-02T20:10:00Z,266.44,NPR,DEBIT,COMPLETED,Burger & Fries,Burger House,Food
c6389684-8c9a-4763-b4a2-fd280a55dc5f,ACC-STUDENT-004,2025-10-01T09:00:00Z,33947.93,NPR,CREDIT,COMPLETED,Monthly Allowance,Family Transfer,Income
d6e37cd8-5503-4a35-a3b2-b1d818b5bc27,ACC-STUDENT-003,2025-07-01T13:04:00Z,788.11,NPR,DEBIT,COMPLETED,Lunch,Restaurant,Food
2c756492-4e05-4c15-9ef6-4eafd49b8a3d,ACC-STUDENT-005,2025-03-28T20:43:00Z,618.6,NPR,DEBIT,COMPLETED,Breakfast,Restaurant,Food
2b7c015f-6077-410a-9cfb-d31e076787a1,ACC-STUDENT-005,2025-11-12T08:30:00Z,317.88,NPR,DEBIT,COMPLETED,Chiya,Himalayan Java,Coffee
1aed3556-8d4b-45fd-8fd5-0878cf50652b,ACC-STUDENT-003,2025-08-05T18:37:00Z,273.45,NPR,DEBIT,COMPLETED,Daily Commute,Bus,Transport
d7cd4669-02ab-4503-86ee-7bb46f60f625,ACC-STUDENT-004,2025-03-13T20:05:00Z,469.26,NPR,DEBIT,COMPLETED,Snacks,Local Eatery,Food
423667af-a224-46d3-8b67-ce6da5fb78c3,ACC-STUDENT-002,2025-09-01T19:05:00Z,282.31,NPR,DEBIT,COMPLETED,Lunch,Boba Shop,Food
b8b612bb-2b5a-49e6-bef6-12ddc59d4bd0,ACC-STUDENT-002,2025-06-11T13:29:00Z,270.27,NPR,DEBIT,COMPLETED,Breakfast,Cafe,Food
4b236b8a-ea3d-417e-a368-90b6ac8b3dc8,ACC-STUDENT-001,2025-08-27T12:35:00Z,718.6,NPR,DEBIT,COMPLETED,Lunch,Canteen,Food
7f38cde8-fe86-4786-b5f0-fcab4b2f7b78,ACC-STUDENT-005,2026-01-10T20:48:00Z,685.96,NPR,DEBIT,COMPLETED,Burger & Fries,Bakery,Food
f8283ca7-c7e9-43e8-b3a9-bc27258fcf4b,ACC-STUDENT-003,2025-02-04T20:52:00Z,278.24,NPR,DEBIT,COMPLETED,Snacks,Local Eatery,Food
5859bd84-f6a3-4fa3-8ee4-a0a3eaf7a7dd,ACC-STUDENT-001,2025-02-09T18:33:00Z,494.55,NPR,DEBIT,COMPLETED,Bus Ticket,Local Taxi,transport
79c19c3f-2b20-49ea-80a4-e920d87c2b9e,ACC-STUDENT-004,2025-04-16T09:37:00Z,270.16,NPR,DEBIT,COMPLETED,Bus Ticket,Microbus,Transport
8f400852-4e9c-45d1-a1f5-2e41cbf30815,ACC-STUDENT-003,2025-12-05T12:44:00Z,262.67,NPR,DEBIT,COMPLETED,Breakfast,,Food
be29b924-36b3-4ef4-aab0-06c4a679fccf,ACC-STUDENT-003,2025-04-03T09:29:00Z,108.69,NPR,DEBIT,COMPLETED,Daily Commute,Pathao,Transport
d88a9999-0065-4d36-84be-843d970c890f,ACC-STUDENT-002,2025-11-10T08:30:00Z,116.2,NPR,DEBIT,COMPLETED,Americano,Red Mug Cafe,Coffee
96057793-0b50-44dc-a15a-8d7ae96c2d3e,ACC-STUDENT-005,2025-03-24T12:48:00Z,218.16,NPR,DEBIT,COMPLETED,Coke and Momo,Canteen,Food
06292908-b871-4dd1-a641-0a75cd48a206,ACC-STUDENT-005,2025-07-18T17:29:00Z,357.8,NPR,DEBIT,COMPLETED,Taxi Ride,Local Taxi,Transport
3368983b-7bd8-49d9-81f9-1531feba15fb,ACC-STUDENT-003,2025-07-07T18:47:00Z,309.22,NPR,DEBIT,COMPLETED,Taxi Ride,Sajha Yatayat,Transport
e737ea81-ce4a-4ce1-a1f8-297f2ebfdc28,ACC-STUDENT-005,2025-07-13T19:38:00Z,721.53,NPR,DEBIT,COMPLETED,Meals,Restaurant,Food
6902fc47-dbad-44d8-b700-9d70381204a4,ACC-STUDENT-003,2025-03-24T09:00:00Z,157.45,NPR,DEBIT,COMPLETED,Taxi Ride,Sajha Yatayat,Transport
7615a71d-0dbc-4bbd-a9fd-64ef0b6407c4,ACC-STUDENT-005,2025-09-12T09:13:00Z,409.96,NPR,DEBIT,COMPLETED,Ride Sharing,Local Taxi,Transport
498fc93b-b4ab-4b69-a195-b6a8f36526b9,ACC-STUDENT-003,2025-04-09T08:30:00Z,270.65,NPR,DEBIT,COMPLETED,Cappuccino,Red Mug Cafe,Coffee
a52e656a-6d31-4d0f-bc46-1e248b5ee30f,ACC-STUDENT-002,2025-06-19T19:54:00Z,702.06,NPR,DEBIT,COMPLETED,Breakfast,Boba Shop,Food
07315691-e7a0-4926-8489-4aa4944477a3,ACC-STUDENT-004,2025-08-04T09:03:00Z,254.61,NPR,DEBIT,COMPLETED,Ride Sharing,Pathao,Transport
7f4d7f0f-6f9c-47b7-ab12-fdd8dfdc06c4,ACC-STUDENT-002,2025-06-17T20:46:00Z,331.01,NPR,DEBIT,COMPLETED,Meals,Restaurant,Food
c069bff8-1764-409c-b044-a9e35ab96fd2,ACC-STUDENT-003,2025-01-27T20:07:00Z,496.0,NPR,DEBIT,COMPLETED,Burger & Fries,Bakery,Food
e94314e1-dafa-4432-abc7-8af0b146c1c3,ACC-STUDENT-002,2025-10-06T07:00:00Z,7910.25,NPR,DEBIT,COMPLETED,Bus to Chitwan,Yeti Airlines,Travel
d51920dd-35dd-4583-ac4d-470688cc3814,ACC-STUDENT-005,2025-03-14T12:53:00Z,462.32,NPR,DEBIT,COMPLETED,Dinner,Canteen,Food
a5d95aed-545f-4ac8-afb8-ac2c120defb6,ACC-STUDENT-002,2025-10-31T17:02:00Z,84.44,NPR,DEBIT,COMPLETED,Taxi Ride,Bus,Transport
4acf96f1-f3d8-4667-a735-a7eee7ecc372,ACC-STUDENT-001,2025-10-07T09:06:00Z,285.44,NPR,DEBIT,COMPLETED,Daily Commute,Bus,Transport
822498c1-d911-43d0-80b2-63752532abb9,ACC-STUDENT-003,2025-05-23T16:20:00Z,4909.01,NPR,DEBIT,COMPLETED,Gift for Mom,Bhatbhateni Fashion,Shopping
297a1f8a-e200-47a5-84db-3888b0df1030,ACC-STUDENT-001,2025-11-25T19:31:00Z,203.63,NPR,DEBIT,COMPLETED,Burger & Fries,Canteen,FOOD
f43f3015-9daf-4fad-97a6-9016d269565d,ACC-STUDENT-003,2025-01-13T13:42:00Z,678.86,NPR,DEBIT,COMPLETED,Breakfast,Restaurant,Food
e39af448-ae9b-4af6-805d-eb1fee17773d,ACC-STUDENT-002,2025-09-27T13:49:00Z,556.44,NPR,DEBIT,COMPLETED,Burger & Fries,Local Eatery,Food
81629574-2d07-4b74-8a1f-be01539115f2,ACC-STUDENT-001,2025-05-14T18:43:00Z,242.24,NPR,DEBIT,COMPLETED,Micro Fare,Bus,Transport
3e2dd14b-91b1-47cd-ba0c-cd1f029ca6bf,ACC-STUDENT-001,2025-09-30T12:09:00Z,182.26,NPR,DEBIT,COMPLETED,Burger & Fries,Canteen,Food
311a776b-022f-4789-8e99-562e6bb9891e,ACC-STUDENT-001,2025-12-31T17:11:00Z,271.35,NPR,DEBIT,COMPLETED,Ride Sharing,Bus,Transport
799b6cac-8c49-4ea0-8424-0a58b0bb0b64,ACC-STUDENT-001,2025-06-01T09:00:00Z,31817.13,NPR,CREDIT,COMPLETED,Monthly Allowance,Family Transfer,Income
04c60992-2bfa-4b38-b859-0d94f4bf95d4,ACC-STUDENT-002,2025-08-07T09:29:00Z,356.42,NPR,DEBIT,COMPLETED,Bus Ticket,,Transport
51d3e9db-0a15-4a57-b57d-3bb2829f3dfe,ACC-STUDENT-005,2025-09-03T12:00:00Z,578.5,NPR,DEBIT,COMPLETED,Snacks,Cafe,Food
d7962573-8f65-4af8-8ab8-0e538c5c4bb4,ACC-STUDENT-001,2025/12/15,362.74,NPR,DEBIT,COMPLETED,Burger & Fries,Cafe,Food
c424397b-c618-4659-a95c-c36d51dbc1ad,ACC-STUDENT-003,2025-01-21T17:56:00Z,122.14,NPR,DEBIT,COMPLETED,Daily Commute,Sajha Yatayat,Transport
7e321301-3aae-4bc9-a496-5c7dacd8aaea,ACC-STUDENT-005,2025-11-20T13:43:00Z,644.71,NPR,DEBIT,COMPLETED,Burger & Fries,Restaurant,Food
08b24199-9bc8-45f0-bce6-faa004e7ffa0,ACC-STUDENT-002,2025-07-21 17:01:00,101.59,NPR,DEBIT,COMPLETED,Taxi Ride,Sajha Yatayat,Transport
318aec02-4811-43c4-a2f1-65b10ca2542b,ACC-STUDENT-003,2025-06-03T13:31:00Z,290.91,NPR,DEBIT,COMPLETED,Snacks,Burger House,Food
7a0b664d-ad14-4aa4-b057-d0fdda2c104e,ACC-STUDENT-004,2025-02-15T08:00:00Z,274.7,NPR,DEBIT,COMPLETED,Spotify Premium,Spotify,Entertainment
e5e240f0-82d0-4f61-8aed-b1e58af9d094,ACC-STUDENT-002,2025-09-09T09:36:00Z,276.57,NPR,DEBIT,COMPLETED,Bus Ticket,Microbus,Transport
6dfb08c1-ef2c-471f-a6ab-c42d0f327d46,ACC-STUDENT-003,2025-11-15T13:22:00Z,233.08,NPR,DEBIT,COMPLETED,Dinner,Local Eatery,Food
92dc4c7a-14ae-4f6b-8b69-cd411a343001,ACC-STUDENT-004,2025-11-04T19:28:00Z,608.63,NPR,DEBIT,COMPLETED,Burger & Fries,Restaurant,Food
112c041a-0778-485c-bcd9-9bf6161d6fda,ACC-STUDENT-002,2025-07-29T08:30:00Z,196.27,NPR,DEBIT,COMPLETED,Iced Coffee,Himalayan Java,Coffee
ff072d63-5730-46f4-bbea-7b40a7d38217,ACC-STUDENT-004,2025-02-20T20:10:00Z,254.16,NPR,DEBIT,COMPLETED,Meals,Cafe,Food
76a87908-6c2f-4023-a9ad-fd193f28ad48,ACC-STUDENT-005,2025-12-25T17:43:00Z,424.29,NPR,DEBIT,COMPLETED,Bus Ticket,InDrive,Transport
dc896376-308e-4645-aec0-e9b3bfcec12b,ACC-STUDENT-003,2025-05-20T13:53:00Z,798.19,NPR,DEBIT,COMPLETED,Burger & Fries,Burger House,Food
7204cec7-bce9-4a0a-b0d8-1d0aaa59b53e,ACC-STUDENT-001,2025-12-30T20:05:00Z,154.3,NPR,DEBIT,COMPLETED,Coke and Momo,Restaurant,Food
83efa38c-5fad-4602-aa5d-16a263724db4,ACC-STUDENT-002,2025-09-23T18:11:00Z,67.47,NPR,DEBIT,COMPLETED,Taxi Ride,InDrive,Transport
1df31acd-bdb9-4fbc-a11f-78141d42ac8f,ACC-STUDENT-003,2025-02-14T12:18:00Z,626.72,NPR,DEBIT,COMPLETED,Coke and Momo,Cafe,Food
f6ff5a01-40ee-46ab-bdad-7cb31d9776b6,ACC-STUDENT-001,2025-10-20T12:16:00Z,260.71,NPR,DEBIT,COMPLETED,Dinner,Cafe,Food
85d516b2-20c7-420f-afc6-ee880d3d5b65,ACC-STUDENT-002,2025-09-23T08:30:00Z,149.64,NPR,DEBIT,COMPLETED,Americano,Coffee Point,Coffee
93b61745-06f6-4769-b725-1f0f0f469b7b,ACC-STUDENT-004,2025-08-22T08:30:00Z,237.33,NPR,DEBIT,COMPLETED,Iced Coffee,Red Mug Cafe,Coffee
6b9e0b44-9750-47e7-b11c-9c849fcbee2a,ACC-STUDENT-004,2026-01-08T16:20:00Z,2348.36,NPR,DEBIT,COMPLETED,T-shirt,Bhatbhateni Fashion,Shopping
fcc999bd-3dd0-497d-87e5-72349a60c424,ACC-STUDENT-003,2025-12-07T19:06:00Z,238.63,NPR,DEBIT,COMPLETED,Meals,Cafe,Food
da2753c4-b840-475d-8468-c08cfc31d804,ACC-STUDENT-003,2025-10-19T12:00:00Z,4373.06,NPR,DEBIT,COMPLETED,Monthly Supplies,,Groceries
be9990d0-79ef-4a66-8d52-731068d1cf01,ACC-STUDENT-004,2025-09-04T09:15:00Z,231.94,NPR,DEBIT,COMPLETED,Bus Ticket,Microbus,Transport
83f0139b-720e-4c04-b9c5-edf63d06b103,ACC-STUDENT-002,2025-01-16T19:01:00Z,602.37,NPR,DEBIT,COMPLETED,Burger & Fries,Canteen,FOOD
3c0ecf34-669f-4ab1-ac46-a4329b3f9eac,ACC-STUDENT-002,2025-06-19T08:30:00Z,190.43,NPR,DEBIT,COMPLETED,Latte,Himalayan Java,Coffee
a66423d4-b48e-4464-9764-2a2fb895e196,ACC-STUDENT-002,2025-11-03T19:47:00Z,597.76,NPR,DEBIT,COMPLETED,Lunch,,Food
d869db2e-a489-41c9-9cfb-1748db28f110,ACC-STUDENT-002,2025-12-01T17:01:00Z,53.84,NPR,DEBIT,COMPLETED,Taxi Ride,Sajha Yatayat,Transport
e2f692be-05aa-42c7-8a40-e8b5e6701cf1,ACC-STUDENT-002,2025-09-05T08:30:00Z,144.7,NPR,DEBIT,COMPLETED,Iced Coffee,Himalayan Java,Coffee
ae01ad37-e465-438a-99cc-4a9573aad316,ACC-STUDENT-001,2025-11-08T17:05:00Z,273.67,NPR,DEBIT,COMPLETED,Ride Sharing,Local Taxi,Transport
feb09209-4e46-4f3b-9634-91d908dca733,ACC-STUDENT-003,2025-10-06T12:47:00Z,429.02,NPR,DEBIT,COMPLETED,Lunch,Local Eatery,Food
da2373c5-03ae-46c5-9ada-3a19e31bd0c5,ACC-STUDENT-004,2025-04-16T16:20:00Z,2856.09,NPR,DEBIT,COMPLETED,Gift for Mom,Mall,Shopping
25b454da-df0b-4687-80ac-7f0e6ff1d451,ACC-STUDENT-003,2025-01-20T18:07:00Z,435.65,NPR,DEBIT,COMPLETED,Daily Commute,InDrive,Transport
f90ff035-07ec-434f-a6e3-a17ea0045af2,ACC-STUDENT-001,2025-02-04T18:12:00Z,164.63,NPR,DEBIT,COMPLETED,Micro Fare,Bus,Transport
185e3b5a-1431-4774-951a-db868c38ea0a,ACC-STUDENT-003,2025-04-05T12:00:00Z,3063.27,NPR,DEBIT,COMPLETED,Weekly Groceries,Local Grocery,Groceries
ac3c7c8c-0525-4cdb-8ee3-5c091e3e6557,ACC-STUDENT-004,2025-10-03T09:13:00Z,185.67,NPR,DEBIT,COMPLETED,Daily Commute,Bus,Transport
8584f32b-960a-4e0b-a33d-11a765f19170,ACC-STUDENT-002,2025-01-15T08:30:00Z,347.99,NPR,DEBIT,COMPLETED,Iced Coffee,Beans Cafe,Coffee
6fa118ed-daed-41de-8f3d-b65ad8d6cda5,ACC-STUDENT-005,2025-06-09T08:30:00Z,336.99,NPR,DEBIT,COMPLETED,Latte,Himalayan Java,Coffee
d3544f72-adf1-41ae-818c-0becab2ddff7,ACC-STUDENT-001,2025-09-17T08:30:00Z,238.64,NPR,DEBIT,COMPLETED,Latte,Local Tea Stall,Coffee
e2d3df4e-fecb-44e9-b989-28391822d692,ACC-STUDENT-003,2026-01-01T09:00:00Z,30439.72,NPR,CREDIT,COMPLETED,Monthly Allowance,Family Transfer,Income
bf45633f-b3a0-4226-89aa-d7191795792f,ACC-STUDENT-005,2025-11-09T12:00:00Z,4066.7,NPR,DEBIT,COMPLETED,Rice and Oil,Local Grocery,Groceries
5b344419-e14c-4581-a163-6985672c5468,ACC-STUDENT-003,2025-04-23T13:59:00Z,793.03,NPR,DEBIT,COMPLETED,Burger & Fries,Burger House,Food
d02b8a32-74ad-42aa-bd47-5efb4ad5d7ef,ACC-STUDENT-003,2025-08-24T12:00:00Z,3522.58,NPR,DEBIT,COMPLETED,Dairy Products,Fresh Vegetable Vendor,Groceries
215826a7-19f9-4438-87ce-859905f15bdb,ACC-STUDENT-005,2025-03-27T08:30:00Z,250.9,NPR,DEBIT,COMPLETED,Chiya,Red Mug Cafe,Coffee
07d4dde4-0197-49c5-a8ac-c916a912336c,ACC-STUDENT-002,2026-01-03T12:00:00Z,2721.43,NPR,DEBIT,COMPLETED,Dairy Products,Fresh Vegetable Vendor,Groceries
d7392b5a-8694-4518-a93a-f8ad1d8c6de9,ACC-STUDENT-005,2025-12-23T17:53:00Z,145.64,NPR,DEBIT,COMPLETED,Ride Sharing,Sajha Yatayat,Transport
1c364244-742d-4e5d-a275-b1b9ff5fa9c2,ACC-STUDENT-003,2025-01-23T18:26:00Z,72.9,NPR,DEBIT,COMPLETED,Ride Sharing,Local Taxi,Transport
39253e1d-b7ab-44c6-9459-94715b4564eb,ACC-STUDENT-005,2025-02-10T20:32:00Z,466.46,NPR,DEBIT,COMPLETED,Meals,Restaurant,Food
712f275c-5e0b-4647-b1b8-a6097ed1b6eb,ACC-STUDENT-003,2025-09-30T09:44:00Z,167.82,NPR,DEBIT,COMPLETED,Micro Fare,Pathao,Transport
6c56e5ed-6534-4613-83a3-7671c7bb3ea2,ACC-STUDENT-001,2025-05-01T09:00:00Z,32473.38,NPR,CREDIT,COMPLETED,Monthly Allowance,Family Transfer,Income
23792225-0d07-42c3-8446-74a78477208e,ACC-STUDENT-002,2025-07-03T18:31:00Z,145.69,NPR,DEBIT,COMPLETED,Micro Fare,Bus,Transport
0496d81c-efd7-4191-ae1b-d701e082fbc6,ACC-STUDENT-004,2025-06-11T18:37:00Z,206.2,NPR,DEBIT,COMPLETED,Taxi Ride,,Transport
6557c258-d1fb-4376-ba19-200f51f122dc,ACC-STUDENT-005,2025-05-24T12:00:00Z,1555.29,NPR,DEBIT,COMPLETED,Vegetables & Fruits,Bhatbhateni,Groceries
7b52d7a4-42ef-454b-8580-332211102118,ACC-STUDENT-005,2025-06-10T09:48:00Z,82.32,NPR,DEBIT,COMPLETED,Micro Fare,Pathao,Transport
8b1e0291-5f34-4ed7-8eb0-eda2a457d389,ACC-STUDENT-004,2025-02-18T12:02:00Z,536.46,NPR,DEBIT,COMPLETED,Breakfast,Boba Shop,Food
9786036a-0408-46e0-9512-968821dac582,ACC-STUDENT-002,2025-04-08T19:27:00Z,681.63,NPR,DEBIT,COMPLETED,Coke and Momo,Bakery,Food
bcb83c72-95a9-4430-aaac-1f535485070c,ACC-STUDENT-001,2025-11-24T17:46:00Z,403.26,NPR,DEBIT,COMPLETED,Taxi Ride,Bus,Transport
97c63cab-2ddb-4760-817c-2ead895e5b6e,ACC-STUDENT-003,2025-11-12T09:52:00Z,247.7,NPR,DEBIT,COMPLETED,Bus Ticket,Bus,Transport
699fd652-2375-4d46-896a-efb9edb0c20c,ACC-STUDENT-003,2025-09-18T18:53:00Z,334.12,NPR,DEBIT,COMPLETED,Bus Ticket,Microbus,Transport
9467add1-e3be-46b4-aecd-02129bb56477,ACC-STUDENT-005,2025-12-09T17:00:00Z,51.68,NPR,DEBIT,COMPLETED,Micro Fare,Sajha Yatayat,Transport
5ede6beb-3d90-473b-a81c-628ec0ae49ed,ACC-STUDENT-003,2025-04-21T19:53:00Z,534.08,NPR,DEBIT,COMPLETED,Snacks,,Food
2443d3e5-4c6a-4714-ac28-9846bf66911f,ACC-STUDENT-002,2025-07-27T18:31:00Z,489.36,NPR,DEBIT,COMPLETED,Taxi Ride,Microbus,Transport
be0746fd-81e5-4e6a-9759-45f434304d23,ACC-STUDENT-005,2025-04-15T09:38:00Z,278.36,NPR,DEBIT,COMPLETED,Micro Fare,InDrive,Transport
9f142a00-a797-4db2-99ed-9c2c52719742,ACC-STUDENT-005,2025-05-31T13:00:00Z,244.09,NPR,DEBIT,COMPLETED,Breakfast,Restaurant,Food
2aa56b9e-ee2e-440f-8756-9a4bde80a7bf,ACC-STUDENT-002,2025-11-11T08:30:00Z,204.27,NPR,DEBIT,COMPLETED,Chiya,Coffee Point,Coffee
4c45feaa-0ec0-4adf-b49a-82e14605d953,ACC-STUDENT-002,2025-01-24T14:30:00Z,6865.95,NPR,CREDIT,COMPLETED,Freelance Project,Part-time Gig,Income
2ddfe179-6c21-44d8-8b40-44cbbdea4f62,ACC-STUDENT-001,2025-04-15T08:00:00Z,382.36,NPR,DEBIT,COMPLETED,Spotify Premium,Spotify,Entertainment
6afe0199-b890-4cea-acef-19adaf6e701f,ACC-STUDENT-002,2025-04-11T09:00:00Z,162.77,NPR,DEBIT,COMPLETED,Ride Sharing,Local Taxi,Transport
bca3b74c-8717-4896-9a63-f8f0acf431b1,ACC-STUDENT-003,2025-11-24T19:21:00Z,428.37,NPR,DEBIT,COMPLETED,Meals,Local Eatery,Food
7341c319-853a-4dd1-93c9-17c80cbdd2bc,ACC-STUDENT-005,2025-08-25T18:48:00Z,409.08,NPR,DEBIT,COMPLETED,Micro Fare,Sajha Yatayat,transport
3ef9753e-988d-40ef-96e1-b685fcc25569,ACC-STUDENT-002,2025-08-14T12:33:00Z,212.96,NPR,DEBIT,COMPLETED,Lunch,Canteen,Food
7e85328b-8d59-4ba4-baf5-a61e30eba672,ACC-STUDENT-002,2025-10-01T20:24:00Z,339.31,NPR,DEBIT,COMPLETED,Meals,Cafe,Food
5d71f132-8a95-412b-80c1-96b4ad1a6789,ACC-STUDENT-002,2025-04-28T08:30:00Z,172.09,NPR,DEBIT,COMPLETED,Iced Coffee,Red Mug Cafe,Coffee
045baaec-2a60-4b4f-a39e-5ea28524dfb7,ACC-STUDENT-001,2025-03-27T18:09:00Z,392.1,NPR,DEBIT,COMPLETED,Daily Commute,Pathao,transport
f23b9a03-2ede-4a7c-9cc8-ab4ff79732ae,ACC-STUDENT-005,2025-11-25T18:17:00Z,217.16,NPR,DEBIT,COMPLETED,Micro Fare,Bus,Transport
c884c3f2-9b33-46f9-b648-0d7aeadc9997,ACC-STUDENT-002,2025-08-08T09:16:00Z,111.97,NPR,DEBIT,COMPLETED,Taxi Ride,,Transport
b2d79db1-ebbb-44c4-bc74-9398062b38cc,ACC-STUDENT-004,2025-09-24T08:30:00Z,317.55,NPR,DEBIT,COMPLETED,Latte,Red Mug Cafe,Coffee
9b044e03-6dc3-4ef7-b0be-eaba0ab97f63,ACC-STUDENT-001,2025-09-24 17:10:00,132.75,NPR,DEBIT,COMPLETED,Daily Commute,Pathao,Transport
f485a048-9554-4bea-80f9-4805ea9fcdfb,ACC-STUDENT-003,2025/12/02,206.91,NPR,DEBIT,COMPLETED,Taxi Ride,Sajha Yatayat,Transport
f0e4fc7f-9640-4491-b587-16497650ee01,ACC-STUDENT-002,2025-08-05T19:57:00Z,486.59,NPR,DEBIT,COMPLETED,Coke and Momo,Boba Shop,Food
486f1441-d31f-45b2-9537-4f680ef7623e,ACC-STUDENT-004,2025-04-19 12:00:00,3928.76,NPR,DEBIT,COMPLETED,,Saleways,Groceries
274f035e-b91c-4563-b212-b6df22743c77,ACC-STUDENT-002,2025-07-06T13:44:00Z,433.91,NPR,DEBIT,COMPLETED,Coke and Momo,Local Eatery,Food
f4c1613e-768f-4c96-bd52-78ce4ff10eb3,ACC-STUDENT-002,2025-06-09T18:52:00Z,54.68,NPR,DEBIT,COMPLETED,Taxi Ride,Pathao,Transport
0bfa6b30-8832-42f7-a69a-21ce9b0f1f16,ACC-STUDENT-002,2025-03-31T09:13:00Z,148.79,NPR,DEBIT,COMPLETED,Ride Sharing,Sajha Yatayat,Transport
0166f328-369f-43c0-81e6-c6cd9272bb7d,ACC-STUDENT-004,2025-06-06T18:26:00Z,0.0,NPR,DEBIT,COMPLETED,Bus Ticket,Sajha Yatayat,Transport
9ee114d0-f14a-4053-9b08-27aee8d3a0fa,ACC-STUDENT-004,2025-09-14T13:57:00Z,742.7,NPR,DEBIT,COMPLETED,Lunch,Local Eatery,Food
e862b62b-44b6-4e42-a032-5ed99176c280,ACC-STUDENT-005,2025-06-18T08:30:00Z,0.0,NPR,DEBIT,COMPLETED,Cappuccino,Coffee Point,Coffee
81896b52-457c-405d-8ff7-3160d4086d75,ACC-STUDENT-004,2025-08-18T08:30:00Z,160.13,NPR,DEBIT,COMPLETED,Latte,Himalayan Java,Coffee
9d03c45f-447c-4c8a-bb9b-6886a062f6b2,ACC-STUDENT-004,2025-04-11T16:20:00Z,2329.73,NPR,DEBIT,COMPLETED,T-shirt,Miniso,Shopping
b4b6bd69-de4c-4939-b39e-e316492c65be,ACC-STUDENT-004,2025-08-09T20:39:00Z,440.17,NPR,DEBIT,COMPLETED,Meals,Boba Shop,Food
7664de84-284f-491a-ad61-d5818dffbbfa,ACC-STUDENT-001,2025-03-18T20:45:00Z,741.31,NPR,DEBIT,COMPLETED,Meals,Canteen,Food
1d7e6bf8-273f-4511-bce4-d65d868aaa2b,ACC-STUDENT-001,2025-08-09T12:00:00Z,3206.83,NPR,DEBIT,COMPLETED,Monthly Supplies,Big Mart,Groceries
c6b88942-94bd-4e45-9d69-98eb61244b6e,ACC-STUDENT-005,2025-07-23T19:08:00Z,770.06,NPR,DEBIT,COMPLETED,Dinner,,Food
94afd3dd-a3ec-41a3-99f3-23f76f5401f6,ACC-STUDENT-001,2025-11-30T18:30:00Z,863.98,NPR,DEBIT,COMPLETED,Spotify Premium,,Entertainment
052bb4c5-e285-444b-b008-ef04715b4d38,ACC-STUDENT-005,2025-10-26T20:26:00Z,456.17,NPR,DEBIT,COMPLETED,Breakfast,Restaurant,Food
f6cf9fa1-ef7a-4f27-8114-76c8429188da,ACC-STUDENT-003,2025-02-28T08:30:00Z,312.11,NPR,DEBIT,COMPLETED,,Beans Cafe,Coffee
fbc50e33-613a-4739-9be5-0e8765b2b392,ACC-STUDENT-001,2025-09-10T19:16:00Z,705.74,NPR,DEBIT,COMPLETED,Snacks,Local Eatery,Food
d18ade4c-039f-4b8d-886b-a755d7ced1d9,ACC-STUDENT-004,2025-05-04T12:00:00Z,2561.97,NPR,DEBIT,COMPLETED,Weekly Groceries,Fresh Vegetable Vendor,Groceries
259fcdc5-a1a9-4c7c-84fb-80441445b4ad,ACC-STUDENT-004,2025-12-10T12:44:00Z,183.22,NPR,DEBIT,COMPLETED,Dinner,Bakery,Food
9aa53cfb-d1b6-4668-9dc9-6069f6dc02e4,ACC-STUDENT-002,2026-01-01T09:00:00Z,33072.54,NPR,CREDIT,COMPLETED,Monthly Allowance,Family Transfer,Income
8399fef6-4397-4c72-bc27-0f0f9f974f9a,ACC-STUDENT-003,2025-04-13T18:30:00Z,490.44,NPR,DEBIT,COMPLETED,Netflix Subscription,Fuzz Factory,Entertainment
525840b8-5215-4dae-8dec-f6a2adb66699,ACC-STUDENT-001,2025-02-16T20:45:00Z,278.91,NPR,DEBIT,COMPLETED,Burger & Fries,Burger House,Food
04776ced-9e45-4826-8112-c4af409d9dd1,ACC-STUDENT-001,2025-07-17T08:30:00Z,345.69,NPR,DEBIT,COMPLETED,Latte,Himalayan Java,Coffee
c6e3d80d-2f91-4c8b-8355-69823057f2de,ACC-STUDENT-001,2025-01-14T20:37:00Z,330.82,NPR,DEBIT,COMPLETED,Breakfast,Canteen,Food
38a72b59-7049-4f7e-876c-7351141a488a,ACC-STUDENT-004,2025-03-31T18:21:00Z,194.43,NPR,DEBIT,COMPLETED,Daily Commute,Pathao,Transport
aef21174-8857-4743-b03a-0d4c7671a4c8,ACC-STUDENT-001,2025-05-29T08:30:00Z,325.28,NPR,DEBIT,COMPLETED,Latte,Coffee Point,Coffee
c244e5dc-19c0-4e87-a1f9-ee5aec8d321a,ACC-STUDENT-001,2025-01-15T08:00:00Z,273.19,NPR,DEBIT,COMPLETED,Spotify Premium,Spotify,Entertainment
6549192f-f0ee-4dd0-b9b4-d12306ee019d,ACC-STUDENT-005,2025-03-06T08:30:00Z,181.36,NPR,DEBIT,COMPLETED,Cappuccino,Local Tea Stall,Coffee
eba4f8b6-3e1e-4658-b5a2-526ef3964676,ACC-STUDENT-001,2025-09-29T18:17:00Z,178.1,NPR,DEBIT,COMPLETED,Bus Ticket,Local Taxi,Transport
0d53b057-fcf6-4c6b-912b-853ae31b0c2b,ACC-STUDENT-002,2026-01-12T18:13:00Z,272.87,NPR,DEBIT,COMPLETED,Bus Ticket,Microbus,Transport
8584a139-0be2-4373-82c5-3e3b8f4849ef,ACC-STUDENT-004,2025-05-13T20:02:00Z,369.35,NPR,DEBIT,COMPLETED,Meals,Cafe,Food
49bf6f4b-da9d-43c7-91c0-c58af06ecd8c,ACC-STUDENT-001,2025-11-08T20:11:00Z,536.87,NPR,DEBIT,COMPLETED,,Boba Shop,Food
cb904546-cd91-4ee8-a8ad-c9aef06f221d,ACC-STUDENT-002,2026-01-11T13:41:00Z,353.87,NPR,DEBIT,COMPLETED,Meals,Local Eatery,Food
935bc993-771e-4eee-9c89-b84225e19fdb,ACC-STUDENT-001,2025-03-23T18:30:00Z,735.6,NPR,DEBIT,COMPLETED,Popcorn & Soda,Fuzz Factory,Entertainment
9a412ec6-b3a0-442d-85bb-8bf6a5d263d3,ACC-STUDENT-005,2025-06-03T20:42:00Z,589.75,NPR,DEBIT,COMPLETED,Lunch,Restaurant,Food
ce2c98d8-6771-4846-b8d6-bad71d78474b,ACC-STUDENT-001,2025-12-03T17:42:00Z,135.95,NPR,DEBIT,COMPLETED,Micro Fare,Bus,Transport
92064856-b5ae-45f7-932a-9a63979da534,ACC-STUDENT-003,2025-03-30T12:00:00Z,1776.81,NPR,DEBIT,COMPLETED,Weekly Groceries,Fresh Vegetable Vendor,Groceries
7708a399-ca1d-4793-8150-87690f62f566,ACC-STUDENT-003,2025-12-01T09:00:00Z,25376.35,NPR,CREDIT,COMPLETED,Monthly Allowance,Family Transfer,Income
a8831a45-f645-4e25-8893-ee409af84475,ACC-STUDENT-002,2025/11/17,256.6,NPR,DEBIT,COMPLETED,Chiya,Coffee Point,Coffee
f78c30a5-7d47-4e40-bfcb-2ce5e518cf2a,ACC-STUDENT-003,2025-09-26T17:18:00Z,223.29,NPR,DEBIT,COMPLETED,Ride Sharing,Bus,Transport
1289e4f8-3680-49fd-ac0c-a8a1d72033e6,ACC-STUDENT-003,2025-08-31T12:07:00Z,230.68,NPR,DEBIT,COMPLETED,Lunch,Burger House,Food
3ec2a4e5-7682-4d4f-8ff6-c59c84d0bb70,ACC-STUDENT-002,2026-01-04T18:30:00Z,861.3,NPR,DEBIT,COMPLETED,Popcorn & Soda,One Cinemas,Entertainment
e9c18aa0-f615-44d7-ba79-0aeeedaedbb1,ACC-STUDENT-002,2025-04-08T18:36:00Z,472.62,NPR,DEBIT,COMPLETED,Bus Ticket,Pathao,Transport
c4a331e7-bb66-45e9-b426-7b059a197aea,ACC-STUDENT-005,2025-11-24T08:30:00Z,144.83,NPR,DEBIT,COMPLETED,Latte,Beans Cafe,Coffee
d4644855-084b-4860-967b-f0c515f1c37b,ACC-STUDENT-002,2025-10-28T18:51:00Z,411.09,NPR,DEBIT,COMPLETED,Micro Fare,,Transport
20c5effb-1a80-49ac-a52a-9a788f38675d,ACC-STUDENT-003,2025-02-13T09:14:00Z,334.88,NPR,DEBIT,COMPLETED,Taxi Ride,Local Taxi,Transport
d3e2ca33-feba-43ea-8252-59f692b2fbb6,ACC-STUDENT-005,2025-06-20T08:30:00Z,251.08,NPR,DEBIT,COMPLETED,Americano,Beans Cafe,COFFEE
2793065f-a6de-49ce-a5d7-d0e1a6f25a1b,ACC-STUDENT-002,2025-01-14T09:53:00Z,214.88,NPR,DEBIT,COMPLETED,Bus Ticket,Bus,Transport
b8009626-b01e-44dc-8c3b-bbdce1d5f02f,ACC-STUDENT-003,2025-09-08T12:59:00Z,671.24,NPR,DEBIT,COMPLETED,Snacks,Cafe,Food
1ea9e45b-2a1d-462f-a55a-66ef9b50ebab,ACC-STUDENT-003,2025-12-22T09:19:00Z,275.99,NPR,DEBIT,COMPLETED,Bus Ticket,Sajha Yatayat,Transport
610a49f2-f542-44f6-8a26-76b7cbfa06f9,ACC-STUDENT-005,2025-09-20T16:20:00Z,4565.34,NPR,DEBIT,COMPLETED,Gift for Mom,Daraz,Shopping
3252c9e1-0fb4-400f-962b-1a3a676cdb33,ACC-STUDENT-002,2025-11-07T20:14:00Z,708.39,NPR,DEBIT,COMPLETED,,Boba Shop,food
5ff41f22-d7a6-43dc-9563-f0450efecf42,ACC-STUDENT-002,2025-07-23T08:30:00Z,251.98,NPR,DEBIT,COMPLETED,Americano,Coffee Point,Coffee
82407351-8453-4f63-a2b5-f9330ad9502d,ACC-STUDENT-003,2025-09-25T13:24:00Z,159.55,NPR,DEBIT,COMPLETED,Meals,Local Eatery,Food
52ac4320-272b-49c4-a5a3-4478d1ddc40d,ACC-STUDENT-002,2025-05-23T20:32:00Z,336.43,NPR,DEBIT,COMPLETED,Snacks,Local Eatery,Food
027c201f-a4ab-45af-bf10-7a8d54dc8482,ACC-STUDENT-005,2025-03-22T20:46:00Z,676.08,NPR,DEBIT,COMPLETED,Breakfast,Burger House,Food
22674e82-ad10-4f51-b4de-7740888a0ebc,ACC-STUDENT-003,2025-02-20T09:48:00Z,323.43,NPR,DEBIT,COMPLETED,Taxi Ride,Pathao,Transport
d23090a6-fdec-42db-9717-48e1db0e22df,ACC-STUDENT-005,2025-09-22T18:23:00Z,297.68,NPR,DEBIT,COMPLETED,Taxi Ride,Microbus,Transport
d87c64b1-21d3-41a3-89f9-2a461cee8e8f,ACC-STUDENT-002,2025-12-09T19:01:00Z,659.12,NPR,DEBIT,COMPLETED,Dinner,Canteen,Food
783c1263-e274-4349-adef-79578c4afa20,ACC-STUDENT-004,2025-02-12T18:14:00Z,379.53,NPR,DEBIT,COMPLETED,Ride Sharing,Sajha Yatayat,TRANSPORT
ffeb13e6-dbea-4632-9081-7fd021cf641a,ACC-STUDENT-004,2025-09-06T12:00:00Z,2873.0,NPR,DEBIT,COMPLETED,Monthly Supplies,Big Mart,Groceries
937a4138-380f-4c71-9dd4-11f72d4a038e,ACC-STUDENT-002,2025-03-06T09:51:00Z,290.09,NPR,DEBIT,COMPLETED,Taxi Ride,Sajha Yatayat,Transport
acbdf518-533d-4eb1-984b-9f57a2c1ba16,ACC-STUDENT-004,2025-04-11T13:37:00Z,706.71,NPR,DEBIT,COMPLETED,Lunch,Cafe,Food
22b04de4-e25b-4075-9f51-f49796038bec,ACC-STUDENT-002,2025-09-11T18:52:00Z,422.05,NPR,DEBIT,COMPLETED,Ride Sharing,InDrive,Transport
ee4eb81d-aba1-4a72-8c22-ecd1d08cb49a,ACC-STUDENT-001,2025-12-05T09:44:00Z,341.95,NPR,DEBIT,COMPLETED,Daily Commute,Pathao,Transport
4bced566-5dbd-4deb-84ad-afa337bef34d,ACC-STUDENT-005,2025-08-03T19:26:00Z,607.4,NPR,DEBIT,COMPLETED,Dinner,Local Eatery,Food
a441c1f4-e516-40df-826e-31bd6eeebf84,ACC-STUDENT-001,2025-03-20T18:03:00Z,313.91,NPR,DEBIT,COMPLETED,Bus Ticket,InDrive,Transport
7316ada5-abe5-4a4c-84e6-84a9f4f6f9e9,ACC-STUDENT-001,2025-02-02T10:00:00Z,10438.26,NPR,DEBIT,COMPLETED,House Rent,Rent House Ltd,Utilities
7249996c-7d52-4fa8-8a0f-1173c55858c3,ACC-STUDENT-002,2025-04-08T08:30:00Z,338.77,NPR,DEBIT,COMPLETED,Latte,Red Mug Cafe,Coffee
64bbc86d-b51f-40b1-952e-fb4ef98a00bc,ACC-STUDENT-003,2025-07-23T18:26:00Z,446.7,NPR,DEBIT,COMPLETED,Daily Commute,Microbus,Transport
af2d5b0b-d694-438f-a9f2-05ef531063bf,ACC-STUDENT-003,2025-10-18T17:28:00Z,148.97,NPR,DEBIT,COMPLETED,Ride Sharing,InDrive,Transport
76abc7e7-8670-47fc-9e38-39ccc87f0b35,ACC-STUDENT-004,2025-08-11T09:22:00Z,312.03,NPR,DEBIT,COMPLETED,Micro Fare,Local Taxi,Transport
5d35d297-e6a8-4897-9527-6ae10a2b9ec8,ACC-STUDENT-001,2025-02-19T20:54:00Z,361.26,NPR,DEBIT,COMPLETED,Snacks,Cafe,Food
d0b311e1-b22e-4356-ab8e-dfc2b59e30b5,ACC-STUDENT-005,2025-03-08T12:00:00Z,2454.88,NPR,DEBIT,COMPLETED,Rice and Oil,Local Grocery,Groceries
e6325511-e4ab-42dd-9406-54da49885a82,ACC-STUDENT-001,2026-01-11T12:00:00Z,0.0,NPR,DEBIT,COMPLETED,Dairy Products,Fresh Vegetable Vendor,Groceries
cf13f63b-346b-4ab0-b50b-a869a4d74f85,ACC-STUDENT-002,2025-07-23T20:20:00Z,678.71,NPR,DEBIT,COMPLETED,Lunch,Cafe,Food
a0f23db9-9273-41d3-976e-1914ca96c835,ACC-STUDENT-005,2025-10-23T20:57:00Z,505.83,NPR,DEBIT,COMPLETED,Meals,,Food
e7b5744f-dc4c-4789-af4f-60284c8a0a03,ACC-STUDENT-005,2025-07-22T12:28:00Z,573.9,NPR,DEBIT,COMPLETED,Meals,Boba Shop,Food
21fd7948-d00d-450a-a688-32767b991a4b,ACC-STUDENT-002,2025-08-18T17:24:00Z,483.15,NPR,DEBIT,COMPLETED,Bus Ticket,Microbus,Transport
217b4d81-2962-4e3b-b2c7-971c02a85043,ACC-STUDENT-004,2025-07-25T19:34:00Z,433.91,NPR,DEBIT,COMPLETED,Dinner,Local Eatery,Food
56f513d8-9b6b-4e74-a476-b61a8b9aceb9,ACC-STUDENT-005,2025-10-22T18:07:00Z,334.52,NPR,DEBIT,COMPLETED,Bus Ticket,InDrive,transport
633e3d33-940e-4b81-8010-d34c99ceb08e,ACC-STUDENT-003,2025-05-28T08:30:00Z,232.14,NPR,DEBIT,COMPLETED,Cappuccino,Coffee Point,Coffee
52957eb1-1caf-4358-a8e4-d099c9a97585,ACC-STUDENT-005,2025-05-28T20:10:00Z,244.43,NPR,DEBIT,COMPLETED,Lunch,Bakery,Food
f3610691-21bb-4367-8df6-1d60d9652d6b,ACC-STUDENT-003,2025-08-11T08:30:00Z,137.03,NPR,DEBIT,COMPLETED,Americano,Himalayan Java,Coffee
01abbc76-17f2-4a9e-9cc9-7077f2c25b79,ACC-STUDENT-005,2025-07-16T08:30:00Z,226.9,NPR,DEBIT,COMPLETED,Cappuccino,Coffee Point,Coffee
da28fbc2-8957-4562-bd85-25bfd4bf229c,ACC-STUDENT-003,2025-03-09T13:02:00Z,338.69,NPR,DEBIT,COMPLETED,Dinner,Bakery,Food
80b5c65c-cf50-498c-8df7-5e5302bd2631,ACC-STUDENT-001,2025-09-29T18:15:00Z,282.47,NPR,DEBIT,COMPLETED,Bus Ticket,Microbus,Transport
045910c2-07cd-482a-bdf0-f46710159679,ACC-STUDENT-002,2025-04-19T09:14:00Z,431.12,NPR,DEBIT,COMPLETED,Taxi Ride,Local Taxi,Transport
9509c343-0fd7-43ea-8d07-d61e91fadc2d,ACC-STUDENT-004,2026-01-02T10:00:00Z,13712.53,NPR,DEBIT,COMPLETED,House Rent,Rent House Ltd,Utilities
3a9f9a3e-fe3b-40ac-a0bc-cde5d1a1e26a,ACC-STUDENT-004,2026-01-04T12:00:00Z,2077.74,NPR,DEBIT,COMPLETED,Weekly Groceries,Fresh Vegetable Vendor,Groceries
c4a344ad-63d3-4673-9cb3-da5374b57367,ACC-STUDENT-004,2025/11/23,677.99,NPR,DEBIT,COMPLETED,Snacks,Bakery,Food
9579a33b-a8f6-47ae-ab6d-44e609f9fbdc,ACC-STUDENT-005,2025-03-31T13:23:00Z,596.19,NPR,DEBIT,COMPLETED,Dinner,Restaurant,Food
a362c9e3-101f-4b34-a9f6-c8fe8300fae8,ACC-STUDENT-004,2025-08-07T13:33:00Z,328.0,NPR,DEBIT,COMPLETED,Breakfast,Restaurant,Food
3e728bd3-c147-42c6-84b4-07a42118322d,ACC-STUDENT-001,2025-04-28T13:52:00Z,592.47,NPR,DEBIT,COMPLETED,Meals,Local Eatery,Food
d3b563c9-8229-43de-b2a2-89c74f857e32,ACC-STUDENT-003,2025-07-25T08:30:00Z,222.28,NPR,DEBIT,COMPLETED,Iced Coffee,Local Tea Stall,Coffee
6283f36c-76fc-4ca6-99a5-0d4ac10e317d,ACC-STUDENT-002,2025-09-02T17:02:00Z,-293.7,NPR,DEBIT,COMPLETED,Taxi Ride,Bus,Transport
a3fd773d-dce9-45df-9d35-e625d90d8ca6,ACC-STUDENT-004,2025-03-17T09:19:00Z,151.41,NPR,DEBIT,COMPLETED,Bus Ticket,Local Taxi,Transport
696687fd-7ad1-40d2-ad47-fefc643d2d49,ACC-STUDENT-004,2025-07-22T09:35:00Z,170.93,NPR,DEBIT,COMPLETED,Ride Sharing,Local Taxi,TRANSPORT
eecdd7f2-7398-4cd9-9f37-edd13bcc79a3,ACC-STUDENT-001,2025-06-13T19:29:00Z,767.67,NPR,DEBIT,COMPLETED,Dinner,Local Eatery,Food
6609c6da-906e-43f4-a916-68fbb3b1e863,ACC-STUDENT-004,2025-10-04T12:00:00Z,1831.83,NPR,DEBIT,COMPLETED,Rice and Oil,Saleways,Groceries
306cd2ef-bd80-4c31-9259-ac1ea52778e9,ACC-STUDENT-001,2025-01-29T19:39:00Z,789.5,NPR,DEBIT,COMPLETED,Breakfast,Burger House,Food
c0a7ed4f-78a5-43a5-8bc6-cc9f55fd8f28,ACC-STUDENT-001,2025-07-15T20:11:00Z,391.16,NPR,DEBIT,COMPLETED,Snacks,Restaurant,Food
0adf1b02-d790-46af-83d4-267851ea3730,ACC-STUDENT-001,2025-04-10T08:30:00Z,283.24,NPR,DEBIT,COMPLETED,Americano,Coffee Point,Coffee
86384e04-ad8b-4585-bd47-cefab85d1ace,ACC-STUDENT-003,2025-03-01T09:00:00Z,34835.13,NPR,CREDIT,COMPLETED,Monthly Allowance,Family Transfer,Income
088a11ff-f041-4a0a-a8c0-eef48cde2661,ACC-STUDENT-001,2026-01-05T16:20:00Z,1766.69,NPR,DEBIT,COMPLETED,Birthday Gift,Mall,Shopping
376fc3f5-60d3-4f87-b926-fe226e707ad0,ACC-STUDENT-004,2025-09-06T20:35:00Z,Rs. 363.54,NPR,DEBIT,COMPLETED,Coke and Momo,Bakery,Food
996610c3-4edc-4220-8cd7-377e95550e62,ACC-STUDENT-002,2025-08-12T09:03:00Z,171.58,NPR,DEBIT,COMPLETED,Daily Commute,Local Taxi,Transport
3bb04ec2-f744-4d8c-bd1d-1f78c31f8b17,ACC-STUDENT-005,2025-03-15T08:00:00Z,401.0,NPR,DEBIT,COMPLETED,Spotify Premium,Spotify,Entertainment
7cbaf074-3649-4d87-81ed-1b72756066d3,ACC-STUDENT-004,2026-01-09T17:37:00Z,66.48,NPR,DEBIT,COMPLETED,,Local Taxi,Transport
db95ff77-05d1-4c0a-a4f7-5a82dd3cccbc,ACC-STUDENT-004,2025-06-12T17:57:00Z,425.83,NPR,DEBIT,COMPLETED,Taxi Ride,Local Taxi,Transport
8545a73c-8a28-4dc2-88d5-a55665b8860c,ACC-STUDENT-003,2025-11-02T19:17:00Z,587.78,NPR,DEBIT,COMPLETED,Meals,Burger House,Food
20eb283e-d8ce-4edc-b6dc-4d70c5baa8a8,ACC-STUDENT-004,2025-03-23T12:00:00Z,4101.69,NPR,DEBIT,COMPLETED,Monthly Supplies,Fresh Vegetable Vendor,Groceries
81505f63-98e1-434e-ae8b-32b6d478f9e4,ACC-STUDENT-003,2025-04-01T08:30:00Z,252.24,NPR,DEBIT,COMPLETED,Chiya,Coffee Point,Coffee
3b2a03a0-b106-4c0a-9850-2a1958609544,ACC-STUDENT-004,2025-04-10T20:38:00Z,228.45,NPR,DEBIT,COMPLETED,Snacks,Canteen,Food
d350df0a-b4d4-4932-929c-d011490d249d,ACC-STUDENT-005,2025-01-18T19:00:00Z,548.25,NPR,DEBIT,COMPLETED,Burger & Fries,Restaurant,Food
38d7625f-23bc-4eb1-baf9-542f70e0c866,ACC-STUDENT-002,2025-10-16T18:08:00Z,189.72,NPR,DEBIT,COMPLETED,Micro Fare,Microbus,Transport
91b633b4-808b-405b-95cb-8699747f13b8,ACC-STUDENT-002,2025-10-10T09:01:00Z,439.76,NPR,DEBIT,COMPLETED,Micro Fare,Microbus,Transport
b15a0644-35da-4dd8-a00c-0a62974b2f8c,ACC-STUDENT-005,2025-02-05T13:30:00Z,403.04,NPR,DEBIT,COMPLETED,Snacks,Local Eatery,Food
6bc00c9c-524b-4c55-bb05-74b3597f532e,ACC-STUDENT-002,2025-10-20T19:44:00Z,218.0,NPR,DEBIT,COMPLETED,Dinner,Boba Shop,Food
3ab47116-265c-4b2d-8aaa-bff4afe01028,ACC-STUDENT-002,2025-05-21T09:11:00Z,286.91,NPR,DEBIT,COMPLETED,Taxi Ride,InDrive,Transport
b8754e4c-dde5-4534-823c-7d960e5b04f5,ACC-STUDENT-005,2025-01-25T13:20:00Z,540.61,NPR,DEBIT,COMPLETED,Breakfast,Boba Shop,food
334fae03-ba35-4940-b4bd-f57f6e284607,ACC-STUDENT-002,2025-07-21T20:10:00Z,728.14,NPR,DEBIT,COMPLETED,Burger & Fries,Restaurant,Food
3e9fdd93-f733-4fa4-a33d-dce6cd110b63,ACC-STUDENT-005,2025-05-30T13:13:00Z,526.42,NPR,DEBIT,COMPLETED,Snacks,Local Eatery,Food
6872a92a-201e-4eb0-8c72-c8741b96f09b,ACC-STUDENT-003,2025-06-05 20:21:00,456.98,NPR,DEBIT,COMPLETED,Coke and Momo,Bakery,Food
2bc7d143-0649-4d36-948b-48c3cfcef84f,ACC-STUDENT-002,2025-11-16T12:00:00Z,3506.23,NPR,DEBIT,COMPLETED,Weekly Groceries,Saleways,Groceries
df4e6114-748e-4b13-b057-57e315083ac5,ACC-STUDENT-001,2025-06-12T18:25:00Z,270.26,NPR,DEBIT,COMPLETED,Bus Ticket,Microbus,TRANSPORT
16edd166-6c9b-42bc-a352-576ad775f184,ACC-STUDENT-005,2025-04-24T13:48:00Z,268.79,NPR,DEBIT,COMPLETED,Burger & Fries,Local Eatery,Food
20f2a703-60b3-4f72-b7f3-a00d714472f8,ACC-STUDENT-004,2025-01-13T09:37:00Z,449.87,NPR,DEBIT,COMPLETED,Bus Ticket,Local Taxi,Transport
0fae33fe-5e6e-473a-ba57-46a5be7363c3,ACC-STUDENT-005,2025-09-24T17:16:00Z,247.54,NPR,DEBIT,COMPLETED,Bus Ticket,Local Taxi,Transport
f76f4ea0-3ada-4698-a434-782c13c30652,ACC-STUDENT-004,2025-09-01T17:43:00Z,177.49,NPR,DEBIT,COMPLETED,Ride Sharing,Pathao,Transport
24aaf3bf-34a9-436a-ae34-f7f3ac6b415b,ACC-STUDENT-005,2025-05-10T17:23:00Z,415.14,NPR,DEBIT,COMPLETED,Taxi Ride,InDrive,Transport
4a966472-4744-489c-b0b8-c03c54c99096,ACC-STUDENT-005,2025-06-26T18:07:00Z,442.45,NPR,DEBIT,COMPLETED,Daily Commute,Bus,Transport
f943580c-77d4-4f43-8737-76d8a7e362e1,ACC-STUDENT-003,2025-06-06T09:34:00Z,181.51,NPR,DEBIT,COMPLETED,Ride Sharing,Sajha Yatayat,Transport
17b6ca99-e78b-4452-a545-7f8539479cc7,ACC-STUDENT-004,2025-03-27T18:47:00Z,472.82,NPR,DEBIT,COMPLETED,Ride Sharing,Bus,Transport
564104a3-b621-4f03-9e74-2c2b65334a0f,ACC-STUDENT-002,2025-07-21 17:38:00,422.01,NPR,DEBIT,COMPLETED,Bus Ticket,Local Taxi,Transport
062dc567-0efb-4f3d-b24a-b4f19f6dfe2e,ACC-STUDENT-001,2025-07-25T08:30:00Z,194.12,NPR,DEBIT,COMPLETED,Chiya,Local Tea Stall,Coffee
8ebd56e3-b12d-42d4-aaa2-6164612ceeb0,ACC-STUDENT-004,2025-04-05T11:15:00Z,1287.88,NPR,DEBIT,COMPLETED,WiFi Internet,Worldlink,Utilities
85a46a3b-1fc6-49d1-9438-216c594d145f,ACC-STUDENT-001,2025-07-22T17:37:00Z,298.1,NPR,DEBIT,COMPLETED,Taxi Ride,Pathao,Transport
4721218a-ef82-44a8-b50e-eb91c62f3a98,ACC-STUDENT-005,2025-05-26T09:33:00Z,279.5,NPR,DEBIT,COMPLETED,Ride Sharing,Local Taxi,Transport
a3bfdce5-021a-4213-a870-3b89f3715e92,ACC-STUDENT-002,2025-06-26T18:51:00Z,398.78,NPR,DEBIT,COMPLETED,Daily Commute,InDrive,Transport
bac09d74-f756-4a52-829f-6f34343e84f7,ACC-STUDENT-003,2025-07-18T17:57:00Z,336.79,NPR,DEBIT,COMPLETED,Micro Fare,Microbus,Transport
e614c974-822b-4399-848e-d962d042263d,ACC-STUDENT-001,2025-04-03T19:56:00Z,648.1,NPR,DEBIT,COMPLETED,Lunch,Local Eatery,Food
a0d83898-b663-4a7b-b232-2f5f0ed9d09d,ACC-STUDENT-002,2025-05-11T18:30:00Z,489.14,NPR,DEBIT,COMPLETED,Popcorn & Soda,Netflix,Entertainment
b8c29c5b-34c0-4b2b-bec2-436a9c9ebb9e,ACC-STUDENT-003,2025-04-18T13:00:00Z,714.96,NPR,DEBIT,COMPLETED,Lunch,Restaurant,Food
e1db1544-a304-409b-a3e1-c6244427f922,ACC-STUDENT-004,2025-06-20T18:57:00Z,138.51,NPR,DEBIT,COMPLETED,Micro Fare,Bus,Transport
c7926df5-3095-4b3d-8319-86a1594f0c35,ACC-STUDENT-001,2025-09-24T19:45:00Z,323.86,NPR,DEBIT,COMPLETED,Coke and Momo,Bakery,Food
48a498fe-6e15-498e-89c6-6120de9756a6,ACC-STUDENT-005,2025-12-02T13:45:00Z,742.35,NPR,DEBIT,COMPLETED,Burger & Fries,Restaurant,Food
e6f86414-2bb0-438d-8b13-908c53b49c3b,ACC-STUDENT-001,2025-08-17T19:09:00Z,695.6,NPR,DEBIT,COMPLETED,Coke and Momo,Boba Shop,Food
5743a323-f247-48d7-a838-96f3f99e2a93,ACC-STUDENT-002,2025-07-03T12:05:00Z,267.18,NPR,DEBIT,COMPLETED,Meals,,Food
7b8323c1-5dbe-453d-817d-64e79af08fa3,ACC-STUDENT-004,2025-02-24T13:24:00Z,551.07,NPR,DEBIT,COMPLETED,Lunch,Burger House,Food
ecd829bd-7e0f-4b7b-946f-6e98603ddf1c,ACC-STUDENT-003,2025-12-24T17:07:00Z,82.1,NPR,DEBIT,COMPLETED,Micro Fare,Pathao,Transport
2900f890-7352-4144-aa41-86061ca55cdd,ACC-STUDENT-004,2025-03-21T20:56:00Z,752.75,NPR,DEBIT,COMPLETED,Breakfast,Restaurant,Food
764856e9-8855-4982-80e4-bc2870791f25,ACC-STUDENT-003,2025-12-23T18:20:00Z,236.35,NPR,DEBIT,COMPLETED,Taxi Ride,Pathao,Transport
985e17b6-d318-4ae7-8b58-eb182bf42c1a,ACC-STUDENT-004,2025-05-06T09:30:00Z,197.51,NPR,DEBIT,COMPLETED,Taxi Ride,Bus,Transport
ec7a959f-1b62-4b77-a59c-deb0bca01aae,ACC-STUDENT-005,2025-05-06T12:43:00Z,365.86,NPR,DEBIT,COMPLETED,Snacks,Cafe,Food
e9f8f6e6-f213-4852-b814-ca9f7d2c9507,ACC-STUDENT-002,2026-01-12T08:30:00Z,270.28,NPR,DEBIT,COMPLETED,Americano,Red Mug Cafe,Coffee
98088a4e-3b08-4f47-ad80-aa0af239a8d4,ACC-STUDENT-004,2025-03-30T12:00:00Z,4234.78,NPR,DEBIT,COMPLETED,Monthly Supplies,Local Grocery,Groceries
f7afff90-57a4-4b33-9643-7313ac44ce97,ACC-STUDENT-003,2025-05-14T20:14:00Z,430.04,NPR,DEBIT,COMPLETED,Burger & Fries,Canteen,Food
9ad38f39-e444-4441-814d-8ee3e621e86e,ACC-STUDENT-003,2025-10-14T19:09:00Z,179.71,NPR,DEBIT,COMPLETED,Snacks,Canteen,Food
192fb1e6-1850-4a41-aca1-16a87236ea82,ACC-STUDENT-003,2025-03-18T17:42:00Z,346.6,NPR,DEBIT,COMPLETED,Bus Ticket,,Transport
84e58c9f-4645-4847-9e11-cd5e3fd1c3e1,ACC-STUDENT-005,2025-04-04T13:02:00Z,297.02,NPR,DEBIT,COMPLETED,Breakfast,Burger House,food
28bcd34f-7271-4731-9dac-0ef1619655a8,ACC-STUDENT-003,2025-09-14T20:03:00Z,686.8,NPR,DEBIT,COMPLETED,Lunch,Boba Shop,Food
c79a6870-5fcf-4c87-b8c1-7552f3e33d61,ACC-STUDENT-001,2025-02-23T12:00:00Z,2053.09,NPR,DEBIT,COMPLETED,Weekly Groceries,Saleways,Groceries
a24d8097-ec07-4f78-9e94-817fdfd12895,ACC-STUDENT-004,2025-10-28T08:30:00Z,102.18,NPR,DEBIT,COMPLETED,Chiya,Beans Cafe,Coffee
498d7e09-c68c-41e9-a0c9-a04193d7600a,ACC-STUDENT-002,2025-09-19T12:31:00Z,691.13,NPR,DEBIT,COMPLETED,Meals,Restaurant,Food
e1ec502c-fb0e-47c4-bdaf-899a4dd9d941,ACC-STUDENT-002,2025-09-03T18:59:00Z,380.94,NPR,DEBIT,COMPLETED,Daily Commute,Bus,Transport
5e25c42f-ca59-4a7e-a139-4b6925513136,ACC-STUDENT-003,2025-06-23T19:01:00Z,408.23,NPR,DEBIT,COMPLETED,Burger & Fries,Burger House,Food
ba7a433d-c06a-4f86-8c0c-11ac31ec1266,ACC-STUDENT-004,2025-10-14T09:24:00Z,333.14,NPR,DEBIT,COMPLETED,Micro Fare,Microbus,Transport
1daa44f3-e729-4ba4-9b6c-e2664469b23e,ACC-STUDENT-004,2025-08-13T09:37:00Z,244.79,NPR,DEBIT,COMPLETED,Micro Fare,Bus,Transport
6423a04d-f3a3-48fc-9376-35c3310b9684,ACC-STUDENT-004,2025-12-31T13:07:00Z,540.63,NPR,DEBIT,COMPLETED,Burger & Fries,Burger House,Food
ec0ab171-992e-4458-a9b1-735432b095e9,ACC-STUDENT-005,2025-06-05T17:51:00Z,413.26,NPR,DEBIT,COMPLETED,Micro Fare,Local Taxi,Transport
17875238-6f1f-4a84-9a52-fef79c428e0b,ACC-STUDENT-004,2025-04-26T17:02:00Z,244.14,NPR,DEBIT,COMPLETED,Micro Fare,InDrive,Transport
3acb898a-03c6-497e-b8dd-f034ff1f6bd2,ACC-STUDENT-004,2025-05-19T19:39:00Z,320.57,NPR,DEBIT,COMPLETED,Snacks,Local Eatery,Food
0312ee7d-c416-4f69-a652-09276eb56d2e,ACC-STUDENT-002,2025-01-20T17:29:00Z,116.48,NPR,DEBIT,COMPLETED,Ride Sharing,Microbus,Transport
9d3db982-e911-4e27-9cc2-7d4c9fb2fbb8,ACC-STUDENT-002,2025-08-02T18:19:00Z,433.65,NPR,DEBIT,COMPLETED,Ride Sharing,Pathao,Transport
a1926f88-2e44-4eae-a6d8-a7e2ea59a2d2,ACC-STUDENT-004,2025-07-15T13:58:00Z,777.37,NPR,DEBIT,COMPLETED,Lunch,Bakery,Food
0d2fc033-65e2-4330-8b5e-ae091548b49d,ACC-STUDENT-002,2025-12-11T17:56:00Z,326.76,NPR,DEBIT,COMPLETED,Ride Sharing,Pathao,Transport
7693562a-8804-4c7f-b77a-566659d13462,ACC-STUDENT-002,2025-01-28T18:19:00Z,191.17,NPR,DEBIT,COMPLETED,Daily Commute,Bus,Transport
993c1f8e-f9ca-436a-a659-231b86f37770,ACC-STUDENT-002,2025-01-20T19:59:00Z,564.65,NPR,DEBIT,COMPLETED,Breakfast,Local Eatery,Food
f14af5b4-11fa-42a1-ab11-33839303a01c,ACC-STUDENT-005,2026-01-04T17:13:00Z,244.79,NPR,DEBIT,COMPLETED,Taxi Ride,Microbus,Transport
9eaa6ea6-67c1-4f80-9c43-835f15de9233,ACC-STUDENT-002,2025-09-09T13:24:00Z,645.7,NPR,DEBIT,COMPLETED,Coke and Momo,Canteen,Food
55050d4f-8321-4639-99e3-70e989a157d1,ACC-STUDENT-004,2025-07-12T12:00:00Z,4491.77,NPR,DEBIT,COMPLETED,Weekly Groceries,Saleways,Groceries
af5342be-aff8-45f5-a367-1d91e4bc3b7b,ACC-STUDENT-002,2025-09-02T08:30:00Z,313.64,NPR,DEBIT,COMPLETED,Iced Coffee,Local Tea Stall,Coffee
8ce5b9f5-ca18-441a-8f96-a1b03466b6d1,ACC-STUDENT-004,2025-08-23T12:00:00Z,3559.91,NPR,DEBIT,COMPLETED,Rice and Oil,Fresh Vegetable Vendor,GROCERIES
ea8cb1b1-ddec-4086-a67f-5d5eb1071a09,ACC-STUDENT-004,2025-02-05T11:15:00Z,1514.59,NPR,DEBIT,COMPLETED,WiFi Internet,Worldlink,UTILITIES
a68cf5a0-8b44-4a08-93bb-e72c2e1e1b03,ACC-STUDENT-001,2025-12-31T13:01:00Z,664.29,NPR,DEBIT,COMPLETED,Lunch,Restaurant,Food
2f525c7c-9e4b-4fc0-bbb3-3721bbe96937,ACC-STUDENT-003,2025-07-22T17:57:00Z,345.96,NPR,DEBIT,COMPLETED,Ride Sharing,Microbus,Transport
f2d6057b-0796-4929-9f18-5cd38f745019,ACC-STUDENT-003,2025-08-18T18:29:00Z,418.92,NPR,DEBIT,COMPLETED,Bus Ticket,Pathao,Transport
f1f13921-5dd8-49e3-a9dc-53b37cca3967,ACC-STUDENT-003,2025-03-13T09:06:00Z,127.59,NPR,DEBIT,COMPLETED,Bus Ticket,Microbus,Transport
3f0d6317-8d77-4642-b518-a85699eeac8f,ACC-STUDENT-004,2025-09-06T13:20:00Z,326.44,NPR,DEBIT,COMPLETED,Coke and Momo,Restaurant,Food
6ffe105f-61f4-4777-a7c3-641e31943a64,ACC-STUDENT-002,2025-06-15T08:00:00Z,421.1,NPR,DEBIT,COMPLETED,Spotify Premium,Spotify,Entertainment
94f4ae48-6ad4-43e9-b3c9-3b37b0ed3e71,ACC-STUDENT-004,2025-10-15T19:26:00Z,293.44,NPR,DEBIT,COMPLETED,Snacks,Canteen,Food
d0d982c9-983d-481a-8b36-465aec0184d2,ACC-STUDENT-003,2025-05-15T12:17:00Z,567.96,NPR,DEBIT,COMPLETED,Snacks,Cafe,Food
5a9ffcba-8ffa-47e9-afa0-49e68001e776,ACC-STUDENT-001,2025-05-05T11:15:00Z,2042.77,NPR,DEBIT,COMPLETED,WiFi Internet,Worldlink,Utilities
fa50ba13-6cc7-4ac9-ab94-b04ee0d0a0fa,ACC-STUDENT-001,2025-03-21T13:42:00Z,463.42,NPR,DEBIT,COMPLETED,Breakfast,Canteen,Food
dfb61015-9202-45c8-a3e9-00d801998812,ACC-STUDENT-001,2025-11-12T09:08:00Z,63.05,NPR,DEBIT,COMPLETED,Daily Commute,Bus,Transport
e8c1395d-0a63-45ca-a517-a5d74767d605,ACC-STUDENT-002,2025-07-24T17:05:00Z,300.4,NPR,DEBIT,COMPLETED,Taxi Ride,Sajha Yatayat,Transport
dc52c3ae-0b79-480d-9716-31a0b833fd06,ACC-STUDENT-004,2025-05-24T12:42:00Z,702.93,NPR,DEBIT,COMPLETED,Snacks,Cafe,Food
7a12ab5b-9d0d-4268-930a-fde81e88a771,ACC-STUDENT-004,2025-01-30 09:13:00,287.67,NPR,DEBIT,COMPLETED,Taxi Ride,Sajha Yatayat,Transport
63ad24f6-f7e5-4595-8d87-a36a41c5f503,ACC-STUDENT-001,2025-08-20T13:02:00Z,249.91,NPR,DEBIT,COMPLETED,Dinner,Local Eatery,Food
7bf800a6-3f22-4b66-8dcd-57206b5d0e63,ACC-STUDENT-002,2025-09-15T08:00:00Z,474.36,NPR,DEBIT,COMPLETED,Spotify Premium,Spotify,Entertainment
8f0e1d50-bfae-4f41-9041-16b586aa5102,ACC-STUDENT-004,2025-07-13T18:30:00Z,458.43,NPR,DEBIT,COMPLETED,Popcorn & Soda,Spotify,Entertainment
729fe3c1-fccc-4812-81a6-44729225a85f,ACC-STUDENT-001,2025-07-25T20:37:00Z,216.5,NPR,DEBIT,COMPLETED,Burger & Fries,Burger House,Food
06253ff7-4eaf-474e-b59f-bef310cf791e,ACC-STUDENT-001,2025-03-25T08:30:00Z,130.0,NPR,DEBIT,COMPLETED,Iced Coffee,Local Tea Stall,Coffee
2bed9248-234e-4381-8a4a-b8de0f474ab8,ACC-STUDENT-002,2025-04-01T09:00:00Z,28059.99,NPR,CREDIT,COMPLETED,Monthly Allowance,Family Transfer,Income
2ce92c64-48c1-4501-a178-119fe3a50f49,ACC-STUDENT-003,2025/08/30,297.3,NPR,DEBIT,COMPLETED,Taxi Ride,InDrive,Transport
1dfea8b9-f9a5-4cd0-a4b0-d2abf14e8844,ACC-STUDENT-002,2025-08-20T09:03:00Z,325.36,NPR,DEBIT,COMPLETED,Daily Commute,Bus,Transport
aa0865a3-1951-4443-92a8-5482490a308f,ACC-STUDENT-002,2025-06-08T12:00:00Z,1857.31,NPR,DEBIT,COMPLETED,,Bhatbhateni,Groceries
6a08fd52-33ab-4dc1-b705-086ada5b8e1c,ACC-STUDENT-005,2025-09-11T18:20:00Z,312.35,NPR,DEBIT,COMPLETED,Daily Commute,Microbus,Transport
b8f20d33-04c7-44fa-a906-fca44c64a628,ACC-STUDENT-005,2025-11-08T17:12:00Z,405.42,NPR,DEBIT,COMPLETED,Daily Commute,Bus,Transport
f9cf3fc6-d168-44bb-b60d-847d5288d5d3,ACC-STUDENT-004,2025-07-15T17:33:00Z,Rs. 72.26,NPR,DEBIT,COMPLETED,Daily Commute,Microbus,TRANSPORT
333f3281-f34c-484a-8b51-e1dcf9d816d8,ACC-STUDENT-005,2025-05-05 08:30:00,157.01,NPR,DEBIT,COMPLETED,Iced Coffee,Red Mug Cafe,Coffee
cfffdc4c-b376-4bc9-b08e-ddc9a2305a2d,ACC-STUDENT-001,2025-08-07T08:30:00Z,109.86,NPR,DEBIT,COMPLETED,Chiya,Beans Cafe,Coffee
cdde5d4e-1b34-4009-bffb-f228f2c60085,ACC-STUDENT-005,2025-07-13T18:38:00Z,492.15,NPR,DEBIT,COMPLETED,Daily Commute,Bus,Transport
4b729c66-1748-4a1e-b94f-91c59553a183,ACC-STUDENT-005,2025-09-26T18:07:00Z,368.03,NPR,DEBIT,COMPLETED,Ride Sharing,Microbus,Transport
ea878d52-883b-4edc-80c5-fe96b9488767,ACC-STUDENT-002,2025-08-10T09:08:00Z,286.96,NPR,DEBIT,COMPLETED,Taxi Ride,InDrive,transport
2349262f-39f4-40a1-bef1-bacf495e088d,ACC-STUDENT-005,2025-02-13T08:30:00Z,212.77,NPR,DEBIT,COMPLETED,Latte,Red Mug Cafe,Coffee
5a5de128-2471-482e-82bb-afe1dca00532,ACC-STUDENT-004,2025-04-02T08:30:00Z,210.39,NPR,DEBIT,COMPLETED,Americano,Local Tea Stall,Coffee
26c9ff73-4de2-4d22-91cf-c37f1f0ebe37,ACC-STUDENT-004,2025-10-01T19:22:00Z,731.01,NPR,DEBIT,COMPLETED,Burger & Fries,Local Eatery,Food
39190e9f-33e9-4291-a5b1-985a72ee70a4,ACC-STUDENT-003,2025-02-17T18:10:00Z,473.06,NPR,DEBIT,COMPLETED,Ride Sharing,Bus,Transport
2011b01d-6031-49e1-aad6-ffcf4a7ee672,ACC-STUDENT-005,2025-08-04T18:16:00Z,261.17,NPR,DEBIT,COMPLETED,Bus Ticket,InDrive,Transport
e9d8ceb1-32cf-4995-ba8f-c07743986079,ACC-STUDENT-002,2025-02-24T17:05:00Z,66.64,NPR,DEBIT,COMPLETED,Taxi Ride,Sajha Yatayat,Transport
26ab0dc2-027a-4696-8c9c-624fa496e399,ACC-STUDENT-002,2025-04-26T12:00:00Z,4229.85,NPR,DEBIT,COMPLETED,Monthly Supplies,Big Mart,groceries
8e553e75-08e9-4d7e-a2ff-86ba3724a0cc,ACC-STUDENT-003,2025-02-26T12:46:00Z,599.67,NPR,DEBIT,COMPLETED,Lunch,Canteen,Food
a52c9b42-e886-4a37-ae31-d3aa1197dbd6,ACC-STUDENT-002,2025-07-29T18:06:00Z,461.36,NPR,DEBIT,COMPLETED,Ride Sharing,Local Taxi,Transport
4a91009a-a1f5-41bb-bb7f-00353b6e7cc2,ACC-STUDENT-004,2025-07-23T19:48:00Z,650.55,NPR,DEBIT,COMPLETED,Breakfast,Burger House,Food
6f9f6473-7cbe-4d49-815d-b33a69236111,ACC-STUDENT-004,2025-08-05T11:15:00Z,1921.29,NPR,DEBIT,COMPLETED,WiFi Internet,Worldlink,Utilities
ad74f165-287d-4f8a-8cb6-c43a09f72d0c,ACC-STUDENT-001,2025-05-09T19:52:00Z,151.96,NPR,DEBIT,COMPLETED,Lunch,Local Eatery,Food
f124d873-9bde-4180-a372-ffa16bb86e92,ACC-STUDENT-001,2025-05-03T13:59:00Z,747.76,NPR,DEBIT,COMPLETED,Breakfast,Bakery,Food
79dcfe6d-5fc1-4752-a5a1-a9911c93ddf3,ACC-STUDENT-005,2025-07-25T13:02:00Z,176.62,NPR,DEBIT,COMPLETED,Meals,Bakery,Food
12d80a95-d852-43d1-a04e-23245cbd241d,ACC-STUDENT-002,2025-09-10T20:42:00Z,490.89,NPR,DEBIT,COMPLETED,Snacks,Restaurant,Food
b09f38ad-e880-42d2-b125-bf96866d9958,ACC-STUDENT-002,2025-04-16T20:13:00Z,448.2,NPR,DEBIT,COMPLETED,Meals,Burger House,Food
893b5cf4-3465-4e62-8851-63de09ef2a7f,ACC-STUDENT-005,2025-08-27T08:30:00Z,139.08,NPR,DEBIT,COMPLETED,Cappuccino,Beans Cafe,Coffee
b0eca9f7-71df-406c-bacd-5bdbe813b968,ACC-STUDENT-005,2025-05-09 17:53:00,253.98,NPR,DEBIT,COMPLETED,Daily Commute,Microbus,Transport
d6aa9080-e126-4021-9430-4f500a57e00d,ACC-STUDENT-004,2025-09-23T17:08:00Z,291.33,NPR,DEBIT,COMPLETED,Daily Commute,Sajha Yatayat,Transport
fd7432bb-bebc-473d-aed5-2a2fface9d6d,ACC-STUDENT-004,2025/01/20,436.65,NPR,DEBIT,COMPLETED,Daily Commute,,Transport
c67202b9-bb30-46d1-ab00-a66367cea6c9,ACC-STUDENT-005,2025-03-04T09:33:00Z,457.8,NPR,DEBIT,COMPLETED,Bus Ticket,Bus,Transport
53e0597a-07d5-43e1-bd6f-9005e69f4aa9,ACC-STUDENT-004,2025-03-28T08:30:00Z,331.94,NPR,DEBIT,COMPLETED,Latte,Red Mug Cafe,Coffee
9d1ce876-7e59-4f4d-a93a-5be8886c4637,ACC-STUDENT-004,2025-11-13T17:35:00Z,307.32,NPR,DEBIT,COMPLETED,Ride Sharing,Microbus,Transport
8618e379-72c4-4a78-866d-edd3dc9906da,ACC-STUDENT-005,2025-03-10T17:00:00Z,407.14,NPR,DEBIT,COMPLETED,Ride Sharing,Local Taxi,Transport
5866a292-443e-40b7-8c9b-3b6d656cffc7,ACC-STUDENT-001,2025-03-18T08:30:00Z,219.75,NPR,DEBIT,COMPLETED,Iced Coffee,Local Tea Stall,Coffee
1b5f140e-a1b1-4e64-9e2c-57b09f292116,ACC-STUDENT-002,2025-09-24T08:30:00Z,264.24,NPR,DEBIT,COMPLETED,Latte,Beans Cafe,Coffee
81808cf1-cf33-4ab0-96ab-f393b0eda4d8,ACC-STUDENT-003,2025-06-10T13:33:00Z,690.4,NPR,DEBIT,COMPLETED,Dinner,,Food
6f7471cb-6ba8-4643-b238-12d3b46e3c28,ACC-STUDENT-004,2025-06-25T13:25:00Z,177.08,NPR,DEBIT,COMPLETED,Burger & Fries,Burger House,Food
82b163c4-91e0-4474-bff0-7cadb2c3ab82,ACC-STUDENT-002,2025-06-08T12:40:00Z,246.29,NPR,DEBIT,COMPLETED,Dinner,Cafe,Food
62bba934-29e9-4122-81ab-7055cc31f622,ACC-STUDENT-005,2025-08-31T18:30:00Z,1135.8,NPR,DEBIT,COMPLETED,Spotify Premium,QFX Cinemas,Entertainment
f6a29050-e9c1-477e-b601-21dadb98a05d,ACC-STUDENT-004,2026-01-02T17:04:00Z,69.66,NPR,DEBIT,COMPLETED,Taxi Ride,Bus,Transport
fbb9dedf-2b22-4c5b-ad4f-30ea8bf9d4c1,ACC-STUDENT-004,2025-11-21T19:49:00Z,448.26,NPR,DEBIT,COMPLETED,Coke and Momo,Restaurant,Food
14247502-667c-4ab7-8717-4db526aa9d80,ACC-STUDENT-001,2025-08-28T13:07:00Z,267.88,NPR,DEBIT,COMPLETED,Breakfast,Local Eatery,Food
5ce8ca20-235c-4cb7-a25f-bc78382fe283,ACC-STUDENT-003,2025-03-30T13:18:00Z,506.16,NPR,DEBIT,COMPLETED,Snacks,Cafe,Food
3ccd9653-af2e-4a39-99e1-eca480e8b08d,ACC-STUDENT-001,2025-01-15T09:45:00Z,81.3,NPR,DEBIT,COMPLETED,Ride Sharing,Local Taxi,Transport
42531798-3584-4e8b-b2d2-5bb0321695e8,ACC-STUDENT-002,2025-07-14T20:53:00Z,645.41,NPR,DEBIT,COMPLETED,,Boba Shop,Food
0978edc1-3f6b-4568-a55a-15e4aedb1d1f,ACC-STUDENT-002,2025-06-12T12:46:00Z,492.41,NPR,DEBIT,COMPLETED,Coke and Momo,Boba Shop,Food
edeaa17e-8c24-44eb-8572-bcfdb26561e2,ACC-STUDENT-004,2025-09-30T20:38:00Z,524.21,NPR,DEBIT,COMPLETED,Dinner,Boba Shop,Food
abbfdf6d-9921-4f61-bc7f-70816fd30dff,ACC-STUDENT-001,2025-03-26T09:15:00Z,246.05,NPR,DEBIT,COMPLETED,Micro Fare,InDrive,Transport
8cf1ffd3-8c5e-402e-aff7-ca9c01241970,ACC-STUDENT-005,2025-06-15T12:00:00Z,2863.29,NPR,DEBIT,COMPLETED,Dairy Products,,Groceries
fda8ef57-1f27-4833-a738-49dce296b9b4,ACC-STUDENT-004,2025-06-29T20:36:00Z,190.19,NPR,DEBIT,COMPLETED,Lunch,Cafe,Food
592c6efb-a8e5-4026-b1ca-43083e797da1,ACC-STUDENT-005,2025-09-02T20:38:00Z,156.6,NPR,DEBIT,COMPLETED,Dinner,Local Eatery,Food
7d07b5d8-23bf-47d3-b710-1b7d9d9c55b5,ACC-STUDENT-002,2025-04-02T19:53:00Z,476.15,NPR,DEBIT,COMPLETED,Burger & Fries,Burger House,Food
672a97f2-183e-4a16-b63f-4e3d2a821da2,ACC-STUDENT-003,2025-04-20T18:48:00Z,255.4,NPR,DEBIT,COMPLETED,Taxi Ride,Local Taxi,Transport
e1962281-f874-4ba9-a231-f21363249176,ACC-STUDENT-001,2025-09-30T16:20:00Z,1566.26,NPR,DEBIT,COMPLETED,Gift for Mom,Local Store,Shopping
12a0468f-aaf9-493c-bf0c-eb06a75aa778,ACC-STUDENT-005,2025-07-02T12:02:00Z,-727.18,NPR,DEBIT,COMPLETED,Coke and Momo,Burger House,Food
d61a1fe9-7f1a-4161-ac85-eddaebaf1ceb,ACC-STUDENT-002,2025-12-19T12:46:00Z,630.78,NPR,DEBIT,COMPLETED,Coke and Momo,Cafe,Food
f87552b3-f386-4dd3-872d-a876f43caaf8,ACC-STUDENT-004,2025-12-06T12:00:00Z,3291.19,NPR,DEBIT,COMPLETED,Rice and Oil,,Groceries
9fcb509c-1638-41d0-ae3e-98eef0194455,ACC-STUDENT-005,2025-02-28T12:13:00Z,403.08,NPR,DEBIT,COMPLETED,Meals,Bakery,Food
650d55e1-4287-41d6-bf2f-a9dd3f291428,ACC-STUDENT-003,2025-12-11T12:29:00Z,321.27,NPR,DEBIT,COMPLETED,Meals,Restaurant,food
4699137b-0145-4211-8bfe-e6edaa23695b,ACC-STUDENT-004,2025-10-09T08:30:00Z,111.29,NPR,DEBIT,COMPLETED,Cappuccino,Beans Cafe,Coffee
1904c3fc-325c-48a7-b85a-995a895f0fa4,ACC-STUDENT-004,2025-03-20T09:06:00Z,387.6,NPR,DEBIT,COMPLETED,Micro Fare,Microbus,Transport
d27ba9c2-7bff-44f8-a593-309be1ec87d5,ACC-STUDENT-004,2025-11-19T13:04:00Z,509.48,NPR,DEBIT,COMPLETED,Burger & Fries,,Food
5c47e3a4-1d3a-4b06-ad19-8192f043da44,ACC-STUDENT-003,2025-03-04T17:09:00Z,462.13,NPR,DEBIT,COMPLETED,Taxi Ride,Pathao,Transport
1a36872d-492e-42ff-a716-111b6f173430,ACC-STUDENT-001,2025-06-17T12:14:00Z,399.0,NPR,DEBIT,COMPLETED,Coke and Momo,Boba Shop,Food
a55a61f5-188e-4d26-aefd-e9bd72ba72d6,ACC-STUDENT-003,2025-02-22T12:00:00Z,1571.44,NPR,DEBIT,COMPLETED,Weekly Groceries,Big Mart,Groceries
8f98792e-3383-4342-83b9-7557f28bf1c7,ACC-STUDENT-005,2025-07-27T12:00:00Z,2594.03,NPR,DEBIT,COMPLETED,Rice and Oil,Saleways,Groceries
22074aeb-f8e2-44b9-9032-934307287800,ACC-STUDENT-005,2025-08-21T08:30:00Z,101.07,NPR,DEBIT,COMPLETED,Cappuccino,Red Mug Cafe,Coffee
3aec54fd-da08-4553-9b51-314e852ef9fa,ACC-STUDENT-005,2025-04-08T12:30:00Z,352.47,NPR,DEBIT,COMPLETED,Dinner,Bakery,Food
756cd764-0062-4232-a143-7a1eafe8c380,ACC-STUDENT-001,2025-12-01T09:00:00Z,32771.06,NPR,CREDIT,COMPLETED,Monthly Allowance,Family Transfer,Income
42588063-0f65-4dae-8696-f95b2f333f59,ACC-STUDENT-004,2026-01-04T18:30:00Z,942.04,NPR,DEBIT,COMPLETED,Spotify Premium,Gaming Zone,Entertainment
67f5c525-21b1-42e0-aa12-90877d737dc9,ACC-STUDENT-004,2025-06-25T19:14:00Z,707.35,NPR,DEBIT,COMPLETED,Burger & Fries,Burger House,Food
796f26f8-7d07-41e3-b753-283ea384e9d0,ACC-STUDENT-001,2025-07-23T19:01:00Z,401.27,NPR,DEBIT,COMPLETED,Lunch,Boba Shop,Food
03c51c49-a63b-49dd-8c35-9c510d2e94f4,ACC-STUDENT-003,2025-05-09T16:20:00Z,4399.13,NPR,DEBIT,COMPLETED,T-shirt,Miniso,Shopping
08587767-d14d-4d09-8b1a-a8433b87779e,ACC-STUDENT-001,2025-04-25T12:02:00Z,175.29,NPR,DEBIT,COMPLETED,Coke and Momo,Restaurant,Food
a2bc3fb3-c713-4e38-8dca-4ae299029b46,ACC-STUDENT-004,2025-12-16T19:02:00Z,708.36,NPR,DEBIT,COMPLETED,Lunch,Local Eatery,Food
ca3e466a-3588-4c05-841d-365f300bda2d,ACC-STUDENT-003,2025-03-18T18:43:00Z,235.19,NPR,DEBIT,COMPLETED,Taxi Ride,InDrive,Transport
c9dd1da5-a96b-4916-bed1-bc3e6fc4b41b,ACC-STUDENT-003,2025-03-06T08:30:00Z,274.45,NPR,DEBIT,COMPLETED,Chiya,Beans Cafe,Coffee
0ce97a3d-f10e-48f1-8b38-24fd14b8f57b,ACC-STUDENT-002,2025-01-27T20:50:00Z,172.02,NPR,DEBIT,COMPLETED,Breakfast,Canteen,Food
0ce9f8c4-3448-4c58-b0c2-e19a38cf9771,ACC-STUDENT-004,2026-01-05T12:20:00Z,254.8,NPR,DEBIT,COMPLETED,Breakfast,Cafe,food
4f1195ee-3450-4b43-bbd5-6db7039a8628,ACC-STUDENT-001,2025-05-29 17:30:00,402.2,NPR,DEBIT,COMPLETED,Taxi Ride,Local Taxi,Transport
568f6cfc-2f10-4da7-9af2-2b958a4be42c,ACC-STUDENT-003,2025/02/12,276.35,NPR,DEBIT,COMPLETED,Lunch,Restaurant,Food
bfbb4322-e4cd-4b10-9e82-7346da9f19ff,ACC-STUDENT-003,2025-08-07T08:30:00Z,239.38,NPR,DEBIT,COMPLETED,Chiya,Himalayan Java,Coffee
b0b9df6d-c2e0-40ea-847a-5763704df448,ACC-STUDENT-003,2025-10-31T17:19:00Z,345.21,NPR,DEBIT,COMPLETED,Micro Fare,Sajha Yatayat,Transport
ae478e36-f6c1-48d1-8154-f2c3d74555bd,ACC-STUDENT-002,2025-02-08T13:13:00Z,711.13,NPR,DEBIT,COMPLETED,Breakfast,Burger House,Food
a2001b47-4bc8-4b75-bd1f-008c63256659,ACC-STUDENT-003,2025-10-15T19:44:00Z,592.14,NPR,DEBIT,COMPLETED,Coke and Momo,Cafe,FOOD
0820311b-6f75-447c-a864-848682abf93c,ACC-STUDENT-005,2025-10-09T17:24:00Z,370.65,NPR,DEBIT,COMPLETED,Daily Commute,Bus,Transport
ab099c35-68b1-44d7-8604-b094942daf8a,ACC-STUDENT-005,2025-02-12T20:11:00Z,744.51,NPR,DEBIT,COMPLETED,Meals,Restaurant,Food
e55052f6-5cd5-4af4-9164-3d4f5eebfabc,ACC-STUDENT-005,2025-05-26T08:30:00Z,185.53,NPR,DEBIT,COMPLETED,Cappuccino,Himalayan Java,Coffee
0b268dbd-bca2-4e7a-9734-976b031c6935,ACC-STUDENT-003,2025-08-19T09:23:00Z,357.96,NPR,DEBIT,COMPLETED,Bus Ticket,InDrive,Transport
b82df004-4cd5-4931-a35b-75bb220c5f9b,ACC-STUDENT-001,2026-01-01T09:00:00Z,30655.75,NPR,CREDIT,COMPLETED,Monthly Allowance,Family Transfer,Income
794bf906-095f-4232-9151-ab518ef0847c,ACC-STUDENT-003,2025-09-24T18:38:00Z,156.54,NPR,DEBIT,COMPLETED,Daily Commute,Bus,Transport
503f3d97-5f5a-4e7e-946d-0747f2c5b6af,ACC-STUDENT-005,2025-05-27T18:59:00Z,151.71,NPR,DEBIT,COMPLETED,Daily Commute,Sajha Yatayat,Transport
1bfd61b2-7216-4631-b223-aca085ebc417,ACC-STUDENT-005,2025-07-03T13:11:00Z,151.74,NPR,DEBIT,COMPLETED,Lunch,Canteen,Food
70f62777-755f-45ea-8747-464659171e81,ACC-STUDENT-001,2025-12-30T09:11:00Z,424.53,NPR,DEBIT,COMPLETED,Taxi Ride,InDrive,Transport
776a8b96-6f3b-469d-af8f-d709af69ba4c,ACC-STUDENT-005,2025-07-07T19:17:00Z,741.42,NPR,DEBIT,COMPLETED,Meals,Canteen,Food
06b25c69-76dd-4c39-a92f-90e74bc45114,ACC-STUDENT-005,2025-03-07T20:20:00Z,644.4,NPR,DEBIT,COMPLETED,Breakfast,Burger House,Food
09e87990-9f52-4eb7-9b9c-111926729885,ACC-STUDENT-005,2025-12-27T12:00:00Z,2721.25,NPR,DEBIT,COMPLETED,Monthly Supplies,Saleways,Groceries
ee9af2a5-e09b-4ed3-ad8c-0bf2f94567ab,ACC-STUDENT-004,2025-05-06T20:54:00Z,600.16,NPR,DEBIT,COMPLETED,Breakfast,Restaurant,FOOD
1b48c9c6-941a-4ddb-8172-532bc3ce9b7d,ACC-STUDENT-003,2025-07-24T08:30:00Z,175.8,NPR,DEBIT,COMPLETED,Cappuccino,Coffee Point,Coffee
62d48c96-780e-44f3-b4cd-e1f9736a0d7a,ACC-STUDENT-003,2025-04-14T17:38:00Z,150.71,NPR,DEBIT,COMPLETED,Taxi Ride,Bus,Transport
c7e4c4b5-1e8a-4b10-93d4-51cf104b84f1,ACC-STUDENT-004,2025-04-01T09:14:00Z,380.46,NPR,DEBIT,COMPLETED,Daily Commute,Pathao,Transport
e10527b5-9e3d-48de-80c4-3238d531222d,ACC-STUDENT-005,2025-02-14T13:50:00Z,477.96,NPR,DEBIT,COMPLETED,Coke and Momo,Cafe,Food
0e18d0f7-9757-4fd8-b61c-6158b69ae192,ACC-STUDENT-004,2025-11-02T13:30:00Z,606.12,NPR,DEBIT,COMPLETED,Snacks,Canteen,Food
7b772ece-a498-4912-86dd-30855e35accf,ACC-STUDENT-002,2025-06-16T19:38:00Z,267.89,NPR,DEBIT,COMPLETED,Snacks,Cafe,Food
805bb115-3bff-4807-baa4-f225673f5bf4,ACC-STUDENT-005,2025-10-01T19:01:00Z,657.58,NPR,DEBIT,COMPLETED,Burger & Fries,Local Eatery,Food
5bbb8db3-7450-474a-a5b6-1377f2f41f58,ACC-STUDENT-005,2025-12-11T20:25:00Z,579.09,NPR,DEBIT,COMPLETED,Snacks,Canteen,Food
1fc5805b-c2a4-441c-bbfc-acbe0c2017d0,ACC-STUDENT-002,2025-08-28T08:30:00Z,131.31,NPR,DEBIT,COMPLETED,Iced Coffee,Coffee Point,Coffee
533064fa-1bc6-488f-b520-f0df51eddae0,ACC-STUDENT-001,2025-02-21T13:13:00Z,630.09,NPR,DEBIT,COMPLETED,Dinner,Burger House,Food
2b1f1ffe-9d18-4dfb-a828-e483ec865d66,ACC-STUDENT-005,2025-02-04T17:16:00Z,402.6,NPR,DEBIT,COMPLETED,Taxi Ride,InDrive,Transport
ad484eaf-9486-4b4f-b3f1-5d6362c8b8d9,ACC-STUDENT-004,2025-12-08T08:30:00Z,328.67,NPR,DEBIT,COMPLETED,Iced Coffee,Red Mug Cafe,Coffee
b2424d69-8a0f-4400-943e-425a8baa4e92,ACC-STUDENT-001,2025-10-01T09:12:00Z,453.06,NPR,DEBIT,COMPLETED,Taxi Ride,Sajha Yatayat,Transport
f8be6d59-65b5-4881-ac3d-ffc65c979843,ACC-STUDENT-001,2025-09-04T20:56:00Z,542.74,NPR,DEBIT,COMPLETED,Burger & Fries,Cafe,Food
8b9391f4-6543-42d3-8148-c0e1ff0c36db,ACC-STUDENT-005,2025-08-12T08:30:00Z,137.84,NPR,DEBIT,COMPLETED,Cappuccino,Beans Cafe,Coffee
a8d0f492-adfa-43b5-813b-1bac9b24ea20,ACC-STUDENT-002,2025-03-18T20:34:00Z,441.76,NPR,DEBIT,COMPLETED,Meals,Bakery,Food
80bfbd1f-7ea6-40d4-8ec5-3cb659a0f187,ACC-STUDENT-001,2025-12-19T13:21:00Z,305.11,NPR,DEBIT,COMPLETED,Meals,Burger House,Food
2716e471-e4e8-4fc1-9bb4-6fbff809df83,ACC-STUDENT-001,2025-06-08T18:30:00Z,470.15,NPR,DEBIT,COMPLETED,Spotify Premium,Netflix,Entertainment
b8ee4c0e-a98d-44c5-8733-f7a56d434322,ACC-STUDENT-004,2025-05-02T17:54:00Z,52.61,NPR,DEBIT,COMPLETED,Daily Commute,Sajha Yatayat,Transport
7416ebd7-b25e-42ba-9382-f7846876b1a0,ACC-STUDENT-002,2025-07-28T18:04:00Z,83.81,NPR,DEBIT,COMPLETED,Micro Fare,Bus,Transport
0570af0e-1e91-4f3c-a6db-dd33c7c04ae1,ACC-STUDENT-003,2025-05-24T20:43:00Z,224.85,NPR,DEBIT,COMPLETED,Burger & Fries,Burger House,Food
3f28fff0-e8cd-4ee8-b60e-6a9d25b5e67a,ACC-STUDENT-002,2025-07-17T12:07:00Z,784.35,NPR,DEBIT,COMPLETED,Dinner,Bakery,Food
4f37f770-e4b7-4942-bfc8-1799d17aec0f,ACC-STUDENT-002,2025-02-04T18:54:00Z,465.28,NPR,DEBIT,COMPLETED,Micro Fare,Bus,Transport
a14d4bad-8279-437f-a209-c6796522077c,ACC-STUDENT-001,2025-09-23T08:30:00Z,130.31,NPR,DEBIT,COMPLETED,Cappuccino,Red Mug Cafe,Coffee
3204363f-78b1-4414-8895-9c9707ea8d48,ACC-STUDENT-004,2025-11-06T08:30:00Z,196.06,NPR,DEBIT,COMPLETED,Cappuccino,Coffee Point,Coffee
2867f1b9-4db5-40f2-b178-0f6040bdc655,ACC-STUDENT-001,2025-05-26T20:48:00Z,630.83,NPR,DEBIT,COMPLETED,Breakfast,Burger House,Food
78f5ea27-1404-4980-96d6-6cb1772defd7,ACC-STUDENT-005,2025-07-03T12:39:00Z,441.97,NPR,DEBIT,COMPLETED,Meals,Local Eatery,Food
956ac434-45f6-49d6-be88-3c0f96142fbf,ACC-STUDENT-005,2025-09-14T12:14:00Z,175.63,NPR,DEBIT,COMPLETED,Dinner,Local Eatery,food
9b512b11-08b7-43b7-9917-c2729c49717e,ACC-STUDENT-003,2025-11-23T18:30:00Z,"Rs. 1,053.95",NPR,DEBIT,COMPLETED,Spotify Premium,Gaming Zone,Entertainment
175b51df-0b35-4543-8526-551d205d1ccf,ACC-STUDENT-005,2025-09-06T19:39:00Z,520.53,NPR,DEBIT,COMPLETED,,Canteen,Food
6d336734-4d8c-4350-aa22-567ca426a48d,ACC-STUDENT-004,2025-10-13T19:03:00Z,373.99,NPR,DEBIT,COMPLETED,Coke and Momo,Bakery,Food
5594fc39-435d-4a50-a112-235a6111d072,ACC-STUDENT-004,2025-09-14T12:49:00Z,166.19,NPR,DEBIT,COMPLETED,Breakfast,Restaurant,Food
99a94f74-063b-40df-8bbd-1f27df0429f7,ACC-STUDENT-004,2025-04-28T18:17:00Z,229.05,NPR,DEBIT,COMPLETED,Ride Sharing,Microbus,Transport
bb5f729b-7bf0-4c6c-9942-460d4269be5e,ACC-STUDENT-003,2025-09-28T18:18:00Z,217.78,NPR,DEBIT,COMPLETED,Daily Commute,Local Taxi,Transport
c44cb6f5-0bc1-480c-8369-5c051a3713dd,ACC-STUDENT-004,2025-03-20T08:30:00Z,122.37,NPR,DEBIT,COMPLETED,Chiya,Himalayan Java,Coffee
8c9f41d5-c59e-484f-b3dc-ba59cfb71a26,ACC-STUDENT-003,2025-10-20T19:33:00Z,271.25,NPR,DEBIT,COMPLETED,Dinner,Bakery,Food
2f814405-4133-4f0d-8d07-02adc6c29443,ACC-STUDENT-001,2025-08-05T07:00:00Z,3623.02,NPR,DEBIT,COMPLETED,Pokhara Trip,Hotel Chitwan,Travel
5be26cc9-9993-41dc-953f-2ed6f8c0bdd6,ACC-STUDENT-004,2025-04-04T19:02:00Z,441.65,NPR,DEBIT,COMPLETED,Snacks,Restaurant,Food
5894a8f4-7da6-4768-b8fa-8314eedff806,ACC-STUDENT-002,2025-09-30T09:00:00Z,384.19,NPR,DEBIT,COMPLETED,Bus Ticket,InDrive,Transport
b96a3ad6-7c4e-4306-82f3-0b72e116cf43,ACC-STUDENT-005,2025-02-24 14:30:00,3967.76,NPR,CREDIT,COMPLETED,Freelance Project,Scholarship,Income
2bed487d-5109-4c0f-8768-995f40543327,ACC-STUDENT-003,2025-04-11T18:51:00Z,124.2,NPR,DEBIT,COMPLETED,,InDrive,Transport
b480e8f0-a472-4340-8045-c2573b1a31e8,ACC-STUDENT-002,2025-06-04T09:37:00Z,485.75,NPR,DEBIT,COMPLETED,Ride Sharing,Pathao,transport
eeb5aa27-ff17-47bc-ab47-508445236497,ACC-STUDENT-003,2025-09-17T18:59:00Z,72.22,NPR,DEBIT,COMPLETED,Bus Ticket,InDrive,Transport
6d444728-898b-4309-87e4-8aa734d851a0,ACC-STUDENT-003,2025-06-11T17:28:00Z,361.0,NPR,DEBIT,COMPLETED,Daily Commute,InDrive,Transport
c2d54eeb-687d-42c8-a6c2-ab538c1534a8,ACC-STUDENT-002,2025-06-09T13:26:00Z,733.92,NPR,DEBIT,COMPLETED,Dinner,Restaurant,food
8d688c55-8f27-4d53-a273-563fc7ad6e19,ACC-STUDENT-001,2025-12-02T17:25:00Z,429.82,NPR,DEBIT,COMPLETED,Daily Commute,InDrive,Transport
c3db32a7-b0f2-4865-b805-54c7d4b3044c,ACC-STUDENT-002,2025-01-18T17:04:00Z,304.89,NPR,DEBIT,COMPLETED,Bus Ticket,Sajha Yatayat,Transport
a5e34148-e2b2-43ab-a619-62577197809a,ACC-STUDENT-004,2025-05-09T18:17:00Z,155.51,NPR,DEBIT,COMPLETED,Bus Ticket,InDrive,Transport
074371f3-c310-4942-899d-30e03a003316,ACC-STUDENT-001,2025-06-09T09:05:00Z,304.43,NPR,DEBIT,COMPLETED,Ride Sharing,Local Taxi,Transport
25adc457-1574-4198-843c-d8b11c088883,ACC-STUDENT-002,2025-04-30T09:13:00Z,285.05,NPR,DEBIT,COMPLETED,Daily Commute,,Transport
03d9e9ca-8bd4-445b-ab0a-a51eb512ae7b,ACC-STUDENT-001,2025-06-06T18:11:00Z,214.61,NPR,DEBIT,COMPLETED,Ride Sharing,Sajha Yatayat,Transport
825d64ce-4131-420c-b5db-cd6c7c9fb3a4,ACC-STUDENT-005,2025-09-28T18:30:00Z,886.0,NPR,DEBIT,COMPLETED,Spotify Premium,Fuzz Factory,Entertainment
042249c8-d1b0-4989-9ff7-dd0db1e93de3,ACC-STUDENT-002,2025-06-17T08:30:00Z,299.21,NPR,DEBIT,COMPLETED,Iced Coffee,Himalayan Java,Coffee
8f52e23e-6ec9-48b7-aaf7-1474f8156123,ACC-STUDENT-002,2025-02-05T17:31:00Z,100.62,NPR,DEBIT,COMPLETED,Ride Sharing,Bus,Transport
54bc1338-1e56-41dd-9f92-f5cbb1a5cfa8,ACC-STUDENT-005,2025-05-18T18:30:00Z,533.41,NPR,DEBIT,COMPLETED,Spotify Premium,QFX Cinemas,Entertainment
04e51d6c-a467-421d-8553-459600208320,ACC-STUDENT-003,2025-11-26T20:57:00Z,765.31,NPR,DEBIT,COMPLETED,Snacks,Bakery,Food
14691899-7e8c-48fe-a971-8ad5f2da66ed,ACC-STUDENT-002,2025-11-14T20:43:00Z,341.67,NPR,DEBIT,COMPLETED,Coke and Momo,Boba Shop,Food
f8cd8e4b-dfb1-4ec7-9f2c-17416b47ed60,ACC-STUDENT-005,2025-04-29T13:01:00Z,551.33,NPR,DEBIT,COMPLETED,Dinner,Canteen,Food
5ae7c253-6a17-4c02-9e01-77c8cf1effa3,ACC-STUDENT-003,2025-07-10T19:48:00Z,467.05,NPR,DEBIT,COMPLETED,Coke and Momo,Restaurant,Food
e06912c5-c881-4f73-b055-b7212b4f0c56,ACC-STUDENT-002,2025-03-22T20:25:00Z,0.0,NPR,DEBIT,COMPLETED,Breakfast,Bakery,Food
67b3a7c2-eb97-4ea2-acef-8c267e575964,ACC-STUDENT-001,2025-12-20T12:00:00Z,2535.68,NPR,DEBIT,COMPLETED,Monthly Supplies,,Groceries
424244ba-442a-4629-afbf-410d820dfe77,ACC-STUDENT-003,2025-02-06T19:18:00Z,640.29,NPR,DEBIT,COMPLETED,,Canteen,Food
6c5856c5-029e-4a55-ac7b-917454851409,ACC-STUDENT-003,2025-05-01T08:30:00Z,322.1,NPR,DEBIT,COMPLETED,Latte,,Coffee
327f2fed-02af-4ebe-b117-2a49b3691061,ACC-STUDENT-005,2025-04-20T17:34:00Z,265.49,NPR,DEBIT,COMPLETED,Taxi Ride,Pathao,Transport
6dfef8a1-c10a-4f56-a1c4-91858aabbc60,ACC-STUDENT-001,2025-12-12T08:30:00Z,269.21,NPR,DEBIT,COMPLETED,Chiya,Red Mug Cafe,Coffee
fc4bb134-9e18-4230-a24a-e946c6ab2d01,ACC-STUDENT-005,2025-07-01T16:20:00Z,1644.33,NPR,DEBIT,COMPLETED,New Shoes,Daraz,Shopping
294bb2c9-d813-4e9c-b160-a37969ef4947,ACC-STUDENT-005,2025-02-22 19:21:00,249.26,NPR,DEBIT,COMPLETED,Snacks,Restaurant,food
2d54cfe4-c54a-49d2-993e-aa10a0040f54,ACC-STUDENT-002,2025-03-23T12:21:00Z,573.1,NPR,DEBIT,COMPLETED,Coke and Momo,Boba Shop,Food
430f51d7-0415-4b58-9a17-6623ee2e6e36,ACC-STUDENT-003,2025-07-30T12:29:00Z,193.17,NPR,DEBIT,COMPLETED,Breakfast,Boba Shop,Food
c795d5f3-213b-4a59-898f-cddc13032599,ACC-STUDENT-003,2025-08-05T13:45:00Z,583.52,NPR,DEBIT,COMPLETED,Burger & Fries,Restaurant,Food
9b221736-de8c-42f8-a97d-6f3aeb41fa35,ACC-STUDENT-002,2025-12-28T17:09:00Z,372.15,NPR,DEBIT,COMPLETED,Bus Ticket,Local Taxi,Transport
0b014148-4a8a-4e2a-9173-d2c66f68db8b,ACC-STUDENT-001,2025-10-08T12:23:00Z,293.47,NPR,DEBIT,COMPLETED,Coke and Momo,Canteen,Food
f7516112-27e3-4f35-9cc7-7aefa2a58ae0,ACC-STUDENT-004,2025-10-12T19:53:00Z,309.29,NPR,DEBIT,COMPLETED,Meals,Boba Shop,FOOD
490adbf3-be9b-421e-b8c4-c996da4b6772,ACC-STUDENT-004,2025-05-14T09:49:00Z,280.36,NPR,DEBIT,COMPLETED,Bus Ticket,Microbus,Transport
abf98bf5-99b1-4115-938c-29e8f184d61e,ACC-STUDENT-001,2025-08-11T12:32:00Z,294.76,NPR,DEBIT,COMPLETED,Coke and Momo,Bakery,Food
3518ad44-b94a-4fda-849c-d4caf28c21e8,ACC-STUDENT-005,2026-01-11T18:30:00Z,1055.39,NPR,DEBIT,COMPLETED,Netflix Subscription,QFX Cinemas,Entertainment
76c2b01e-0c45-4dfc-93d3-cf718b6b9bfc,ACC-STUDENT-001,2025-12-02T09:00:00Z,222.99,NPR,DEBIT,COMPLETED,Micro Fare,Bus,Transport
8a38fc00-c0a2-4fe2-8951-48cb572b5ea0,ACC-STUDENT-005,2025-09-14T12:56:00Z,602.27,NPR,DEBIT,COMPLETED,Lunch,Local Eatery,food
d999e66d-282e-49e9-90a7-2801b0ab6336,ACC-STUDENT-003,2025-07-28T08:30:00Z,132.67,NPR,DEBIT,COMPLETED,Americano,Himalayan Java,Coffee
21912996-e91b-4c50-9cc1-f299cde66023,ACC-STUDENT-003,2025-04-27T16:20:00Z,4069.23,NPR,DEBIT,COMPLETED,Gift for Mom,Mall,Shopping
0ff03324-29ad-4101-8cc8-f487c2287a5d,ACC-STUDENT-005,2025-02-24T17:03:00Z,366.56,NPR,DEBIT,COMPLETED,Ride Sharing,Pathao,Transport
1284dd2c-a585-406f-870c-f57fac93fd1b,ACC-STUDENT-005,2025-01-14T18:48:00Z,466.58,NPR,DEBIT,COMPLETED,Micro Fare,Sajha Yatayat,Transport
8c5e6cd0-b869-4af8-ad5d-4f27fa9e7082,ACC-STUDENT-002,2025-09-11T19:35:00Z,478.67,NPR,DEBIT,COMPLETED,Dinner,Burger House,Food
80c6d1bc-0ec6-48be-8b2f-374770751493,ACC-STUDENT-001,2025-11-08T12:00:00Z,4450.86,NPR,DEBIT,COMPLETED,Dairy Products,Big Mart,Groceries
8b005847-c611-47f2-9b99-2ba45b694ced,ACC-STUDENT-003,2025-01-19T12:55:00Z,436.34,NPR,DEBIT,COMPLETED,Breakfast,Cafe,Food
7336363f-af81-4a14-ab3d-5ef0e8e60247,ACC-STUDENT-001,2025-12-05T13:59:00Z,196.82,NPR,DEBIT,COMPLETED,Coke and Momo,Cafe,Food
1d735346-587a-428f-b86b-a166de144a4a,ACC-STUDENT-003,2025-07-06T18:30:00Z,941.18,NPR,DEBIT,COMPLETED,Movie Ticket,Gaming Zone,Entertainment
2f937c84-d828-46b4-a14d-0933b3adce71,ACC-STUDENT-003,2025-10-31T17:23:00Z,77.2,NPR,DEBIT,COMPLETED,Bus Ticket,Local Taxi,Transport
daa7d46b-0090-4767-88c7-420d986b22ab,ACC-STUDENT-005,2025-05-12T13:15:00Z,687.7,NPR,DEBIT,COMPLETED,Breakfast,Local Eatery,Food
b5af9920-080f-49d0-b988-f541ccffead4,ACC-STUDENT-003,2025-04-15T18:09:00Z,66.56,NPR,DEBIT,COMPLETED,Daily Commute,InDrive,Transport
b1c80ee6-b718-4b2e-bb80-74cdbaa7dd87,ACC-STUDENT-004,2025-07-01T09:00:00Z,34644.24,NPR,CREDIT,COMPLETED,Monthly Allowance,Family Transfer,Income
97c1de5e-b56d-4b78-8a3d-3c8b85cf7def,ACC-STUDENT-003,2025-06-11T18:46:00Z,105.86,NPR,DEBIT,COMPLETED,Daily Commute,Microbus,Transport
1aec79b7-148e-4ebb-80cd-9f1500aebfd3,ACC-STUDENT-004,2025-11-24T08:30:00Z,159.05,NPR,DEBIT,COMPLETED,Cappuccino,Coffee Point,Coffee
228bd560-1e16-4941-bfe4-c970ea649059,ACC-STUDENT-001,2025-02-25T08:30:00Z,Rs. 118.77,NPR,DEBIT,COMPLETED,Americano,Local Tea Stall,Coffee
b635b619-f4f0-4121-8fc5-a648b436c4a2,ACC-STUDENT-002,2025-08-24T18:30:00Z,790.1,NPR,DEBIT,COMPLETED,Bowling Session,Spotify,Entertainment
7e536a42-4dae-443b-a63b-81ab29852189,ACC-STUDENT-003,2025-10-14T08:30:00Z,253.84,NPR,DEBIT,COMPLETED,Latte,Coffee Point,Coffee
32c18fdb-0974-48cc-99cc-97b74f654ba5,ACC-STUDENT-004,2025-11-13T12:04:00Z,408.03,NPR,DEBIT,COMPLETED,Breakfast,Cafe,Food
8691f1b0-10ff-462e-8417-e6a47fa96417,ACC-STUDENT-003,2025-03-05T18:04:00Z,80.16,NPR,DEBIT,COMPLETED,Micro Fare,Bus,Transport
7de0c050-6cd9-4ce6-bdb3-6931979a80ba,ACC-STUDENT-001,2025-08-07T20:47:00Z,225.34,NPR,DEBIT,COMPLETED,,Boba Shop,Food
2c607469-bf68-4f0b-9fa0-5eda129fcf53,ACC-STUDENT-002,2025-06-07T12:00:00Z,2652.45,NPR,DEBIT,COMPLETED,Monthly Supplies,Local Grocery,Groceries
85b30329-139a-4260-8f3e-bdb5f8f7bf9c,ACC-STUDENT-002,2025-12-17T19:24:00Z,735.62,NPR,DEBIT,COMPLETED,Snacks,Bakery,Food
55f53421-2f22-4b35-83fc-0fc0148de76e,ACC-STUDENT-004,2025-05-23T12:32:00Z,558.92,NPR,DEBIT,COMPLETED,Meals,Local Eatery,Food
d81a35cf-8a31-489e-9b39-affe2bda1735,ACC-STUDENT-004,2025-04-01T09:00:00Z,29490.4,NPR,CREDIT,COMPLETED,Monthly Allowance,Family Transfer,Income
2ae42a61-cd05-4c38-ba6d-8329ec30497e,ACC-STUDENT-001,2025-05-07T19:44:00Z,226.32,NPR,DEBIT,COMPLETED,Dinner,Restaurant,Food
b33bd49a-323a-400f-9d51-7040f579962a,ACC-STUDENT-005,2025-06-21T12:00:00Z,4038.26,NPR,DEBIT,COMPLETED,Monthly Supplies,Big Mart,Groceries
ce4cd3e5-7d7c-4ed6-9376-c120a2cc167e,ACC-STUDENT-005,2025-11-28T08:30:00Z,154.25,NPR,DEBIT,COMPLETED,Cappuccino,Coffee Point,Coffee
3708caa0-940d-41d8-9734-eaef077bb014,ACC-STUDENT-004,2025-07-01T13:27:00Z,364.56,NPR,DEBIT,COMPLETED,Meals,Local Eatery,Food
8e947040-2585-472b-b8c8-46f26f2f51e2,ACC-STUDENT-002,2025-01-31T12:45:00Z,-491.79,NPR,DEBIT,COMPLETED,Breakfast,Bakery,Food
7801d9cd-c558-467f-82f9-905f35ac17ea,ACC-STUDENT-005,2025-08-17 12:00:00,3498.03,NPR,DEBIT,COMPLETED,Weekly Groceries,Local Grocery,Groceries
8cfd9354-27cf-40d6-8209-5f3dbacea344,ACC-STUDENT-001,2025-07-02T18:27:00Z,419.76,NPR,DEBIT,COMPLETED,Micro Fare,Sajha Yatayat,Transport
f7d464ae-cc7c-4817-8173-be1bdf0b056e,ACC-STUDENT-004,2025-01-27T18:48:00Z,472.62,NPR,DEBIT,COMPLETED,Bus Ticket,Microbus,Transport
a0bc7395-c132-4b59-b81b-58ac2690917d,ACC-STUDENT-005,2025-03-20T13:39:00Z,582.37,NPR,DEBIT,COMPLETED,Lunch,Cafe,Food
bb110ef5-d649-440b-832e-e850b048aec2,ACC-STUDENT-005,2025-08-09T19:03:00Z,335.24,NPR,DEBIT,COMPLETED,Lunch,Bakery,Food
cc2fcc50-fd0f-4822-8e63-aac9c48085a1,ACC-STUDENT-004,2025-11-20T13:03:00Z,750.25,NPR,DEBIT,COMPLETED,Coke and Momo,Cafe,Food
f0f1a2ce-e783-41da-a3b3-0a334d6a6819,ACC-STUDENT-003,2025-04-09T17:46:00Z,496.09,NPR,DEBIT,COMPLETED,Daily Commute,,Transport
5acf3bfb-e1a1-42cb-9b24-351ee98cbacf,ACC-STUDENT-002,2025-10-29T20:34:00Z,643.75,NPR,DEBIT,COMPLETED,Breakfast,Burger House,Food
b7b21040-0385-4046-9f5b-99a784b282af,ACC-STUDENT-005,2025-05-25T18:03:00Z,112.32,NPR,DEBIT,COMPLETED,Taxi Ride,Local Taxi,Transport
4bcd6b34-a80d-47ee-b096-66bad6e584c3,ACC-STUDENT-003,2025-12-08T17:44:00Z,197.27,NPR,DEBIT,COMPLETED,Micro Fare,Pathao,Transport
c7db8b85-fedf-49e6-bf58-6c862e161db3,ACC-STUDENT-003,2025-09-05T08:30:00Z,331.34,NPR,DEBIT,COMPLETED,Americano,Local Tea Stall,Coffee
1905ec09-bc87-474a-8449-cc24e171813c,ACC-STUDENT-003,2026-01-01T08:30:00Z,124.09,NPR,DEBIT,COMPLETED,Chiya,Himalayan Java,Coffee
19656a80-81e4-471a-8d5a-14372052ee64,ACC-STUDENT-004,2025-03-19T09:03:00Z,141.19,NPR,DEBIT,COMPLETED,Daily Commute,Microbus,Transport
721e77e9-28cf-4ab6-bdd4-2706c57c279d,ACC-STUDENT-005,2025-08-28T20:59:00Z,717.25,NPR,DEBIT,COMPLETED,Snacks,Local Eatery,Food
66df7e35-61c0-4dd1-af03-4b5968ffa72a,ACC-STUDENT-002,2025-09-06T17:01:00Z,355.27,NPR,DEBIT,COMPLETED,Taxi Ride,InDrive,Transport
562e867c-61bc-4380-acbd-5bdb79976644,ACC-STUDENT-005,2025-09-05T09:32:00Z,395.13,NPR,DEBIT,COMPLETED,Daily Commute,Local Taxi,Transport
ce30bc7d-7741-4429-8771-78e11cfdb082,ACC-STUDENT-004,2025-12-18T17:13:00Z,435.75,NPR,DEBIT,COMPLETED,Bus Ticket,Bus,Transport
d07e5c21-8f14-4cf7-921b-e4f2bd2c06c9,ACC-STUDENT-002,2025-03-31T19:33:00Z,601.43,NPR,DEBIT,COMPLETED,Coke and Momo,Bakery,Food
8797dd36-8449-426d-bb51-96a31410f2bb,ACC-STUDENT-004,2025-03-06T18:00:00Z,80.79,NPR,DEBIT,COMPLETED,Ride Sharing,Local Taxi,Transport
4ac0c245-48c0-492c-966e-4d798ea44877,ACC-STUDENT-001,2025-11-25T09:47:00Z,100.2,NPR,DEBIT,COMPLETED,Ride Sharing,InDrive,Transport
761846c3-af60-4aef-8e3b-f9614442a9e2,ACC-STUDENT-003,2025-03-06T09:31:00Z,193.83,NPR,DEBIT,COMPLETED,Daily Commute,Local Taxi,Transport
14130afc-bc59-4aa7-bf84-2dca26a71064,ACC-STUDENT-003,2025-04-23T17:05:00Z,197.95,NPR,DEBIT,COMPLETED,Ride Sharing,Sajha Yatayat,Transport
2258a1dd-9798-4c9a-b18a-86f832c8d9b5,ACC-STUDENT-002,2025-12-17T17:45:00Z,300.09,NPR,DEBIT,COMPLETED,Taxi Ride,Pathao,Transport
9140ba38-730c-46c2-8848-8d0e41df0e97,ACC-STUDENT-003,2025-09-12T12:16:00Z,363.82,NPR,DEBIT,COMPLETED,Coke and Momo,Cafe,food
3ecedac3-b533-46d4-a983-ba058c283dde,ACC-STUDENT-001,2025-07-25T18:06:00Z,266.78,NPR,DEBIT,COMPLETED,Taxi Ride,Local Taxi,Transport
51656757-da41-44f9-bd18-a7c593280936,ACC-STUDENT-003,2025-03-12T19:30:00Z,193.43,NPR,DEBIT,COMPLETED,Breakfast,Burger House,Food
43b90dd4-93d1-4aa3-af48-6f6c86c258d5,ACC-STUDENT-003,2025-08-11T17:05:00Z,485.95,NPR,DEBIT,COMPLETED,Taxi Ride,Local Taxi,Transport
9a884911-1aee-4cd9-8c02-eacc88611268,ACC-STUDENT-001,2025-08-10T12:27:00Z,580.11,NPR,DEBIT,COMPLETED,Lunch,Bakery,Food
6f43d60c-c0f5-49fb-997e-0599f2296c59,ACC-STUDENT-001,2025-05-12T13:59:00Z,718.89,NPR,DEBIT,COMPLETED,Breakfast,Canteen,Food
0e06094e-4093-44ef-b35b-4f05a5cf6505,ACC-STUDENT-003,2025-06-13T19:37:00Z,399.66,NPR,DEBIT,COMPLETED,Burger & Fries,Cafe,Food
c4759a75-8171-431d-ab34-d0049a1f6e75,ACC-STUDENT-002,2025-03-13T20:48:00Z,405.31,NPR,DEBIT,COMPLETED,Meals,Boba Shop,Food
5fefa3eb-e1e2-4c5a-93b6-33124c196895,ACC-STUDENT-005,2025-06-24T18:39:00Z,315.97,NPR,DEBIT,COMPLETED,Micro Fare,Sajha Yatayat,Transport
ac213e00-3a13-40d8-a9ef-17c5f6366de0,ACC-STUDENT-001,2025-09-04T09:11:00Z,120.81,NPR,DEBIT,COMPLETED,Bus Ticket,Microbus,Transport
2153d764-2a07-4294-b8bd-e3411c8d8b89,ACC-STUDENT-003,2025-07-18T17:41:00Z,235.98,NPR,DEBIT,COMPLETED,Daily Commute,Pathao,Transport
c6769b65-4225-4e3e-8772-a6718106095a,ACC-STUDENT-004,2025-02-02T13:54:00Z,522.78,NPR,DEBIT,COMPLETED,Snacks,Restaurant,Food
cdc90f31-dccd-4e5e-a93c-55059509a355,ACC-STUDENT-001,2025-07-09T20:50:00Z,565.52,NPR,DEBIT,COMPLETED,Snacks,Burger House,Food
12968eb8-a16f-4e7d-a3d1-a8dd6f3c3f71,ACC-STUDENT-001,2025-02-15T08:00:00Z,424.87,NPR,DEBIT,COMPLETED,Spotify Premium,Spotify,Entertainment
81dbd546-2af0-42f3-b1c7-424788697685,ACC-STUDENT-001,2025-05-14T13:19:00Z,719.57,NPR,DEBIT,COMPLETED,Coke and Momo,,Food
dccb24f5-9c3e-43ae-9049-7a4f4122bbe4,ACC-STUDENT-003,2025-05-24T14:30:00Z,3952.11,NPR,CREDIT,COMPLETED,Part-time Payment,Scholarship,Income
64cca817-711f-421e-8802-14f7306c8bdf,ACC-STUDENT-002,2025-04-14T19:28:00Z,184.07,NPR,DEBIT,COMPLETED,Meals,Canteen,Food
0366c72c-2a41-4009-ad32-93fe2a72f5d7,ACC-STUDENT-005,2026-01-11T09:32:00Z,204.48,NPR,DEBIT,COMPLETED,Taxi Ride,Local Taxi,Transport
f31249a6-d200-4fe1-8940-4f292c5f428a,ACC-STUDENT-004,2025-04-04T08:30:00Z,232.02,NPR,DEBIT,COMPLETED,Latte,Local Tea Stall,Coffee
dd5cf360-a132-4057-abd1-9b58b2826161,ACC-STUDENT-003,2025-04-04T16:20:00Z,4849.52,NPR,DEBIT,COMPLETED,Gift for Mom,Daraz,Shopping
2350886d-d2f0-4a08-89c6-4799f4f2ce3e,ACC-STUDENT-005,2025-09-28T12:00:00Z,1566.41,NPR,DEBIT,COMPLETED,,Saleways,Groceries
7126efd2-7fdb-4fc6-a1d0-a4f6e4e019bc,ACC-STUDENT-002,2025-08-20T18:04:00Z,248.69,NPR,DEBIT,COMPLETED,Taxi Ride,InDrive,Transport
f5e66df2-1b98-404c-96e4-afa6e1397f3a,ACC-STUDENT-001,2025-08-15T18:35:00Z,437.32,NPR,DEBIT,COMPLETED,Bus Ticket,Microbus,TRANSPORT
8801835c-745f-41c8-b6a4-0ce014e62cac,ACC-STUDENT-002,2025-12-30T17:11:00Z,431.56,NPR,DEBIT,COMPLETED,Bus Ticket,Sajha Yatayat,Transport
2f8c6254-3ecf-4985-b771-6632f6cd4eb8,ACC-STUDENT-004,2025-02-01T09:40:00Z,423.08,NPR,DEBIT,COMPLETED,Taxi Ride,Microbus,Transport
2e7493eb-a446-47cd-b553-98948db06da3,ACC-STUDENT-003,2025-08-18T18:08:00Z,61.84,NPR,DEBIT,COMPLETED,,Bus,Transport
e2aca873-dd19-45b6-b6ee-20f85039fb1a,ACC-STUDENT-005,2025-06-19T13:16:00Z,579.92,NPR,DEBIT,COMPLETED,Snacks,Burger House,Food
50116186-5832-4af3-8429-d10e9f1bd649,ACC-STUDENT-004,2025-03-13T09:20:00Z,390.59,NPR,DEBIT,COMPLETED,Ride Sharing,,Transport
ea09e998-3add-43e8-be24-b20a44682236,ACC-STUDENT-002,2025-11-30T18:30:00Z,1134.12,NPR,DEBIT,COMPLETED,Bowling Session,Gaming Zone,entertainment
00472d25-143c-442b-8700-8d71e2b8e868,ACC-STUDENT-004,2025-05-28T17:32:00Z,389.25,NPR,DEBIT,COMPLETED,Bus Ticket,Sajha Yatayat,Transport
ad09babd-4f8b-4d93-96bc-cc592c49069a,ACC-STUDENT-001,2025-11-09T12:00:00Z,2406.95,NPR,DEBIT,COMPLETED,Weekly Groceries,,Groceries
e8266f06-150a-44d7-9575-d6880ae8831d,ACC-STUDENT-004,2025-01-17T12:38:00Z,155.14,NPR,DEBIT,COMPLETED,Lunch,Cafe,Food
859bf37a-63e2-40b6-919f-c53598822477,ACC-STUDENT-005,2025-02-20T09:02:00Z,135.41,NPR,DEBIT,COMPLETED,Taxi Ride,Local Taxi,Transport
a0219daf-6f71-43b2-932a-0654b6f1b424,ACC-STUDENT-005,2025-04-28T08:30:00Z,112.24,NPR,DEBIT,COMPLETED,Americano,Beans Cafe,Coffee
3127e725-e37a-4d62-aa8f-5b6bc27be37e,ACC-STUDENT-005,2025-03-18T09:21:00Z,339.55,NPR,DEBIT,COMPLETED,Micro Fare,Sajha Yatayat,Transport
971d98b6-3a84-469a-a2b7-7782389f7657,ACC-STUDENT-005,2025-06-21T19:50:00Z,314.05,NPR,DEBIT,COMPLETED,Breakfast,Burger House,Food
81b985d6-c414-4275-a312-f243611cf301,ACC-STUDENT-003,2025-09-21T12:00:00Z,4248.0,NPR,DEBIT,COMPLETED,,Saleways,Groceries
884b4e08-0f4e-466a-8c9e-ca42e541c9a9,ACC-STUDENT-003,2025-02-20T17:35:00Z,218.44,NPR,DEBIT,COMPLETED,Micro Fare,Pathao,Transport
3c2365cd-6cae-45b1-a109-2b7e92d1f3ed,ACC-STUDENT-004,2025-12-12T17:56:00Z,95.68,NPR,DEBIT,COMPLETED,Micro Fare,Bus,Transport
421cee0b-c9fe-4d9d-b49b-92c56f5ee4dd,ACC-STUDENT-004,2025-02-10T18:32:00Z,254.46,NPR,DEBIT,COMPLETED,Taxi Ride,Local Taxi,Transport
57df4f5c-21e9-4198-a28d-3460ede37672,ACC-STUDENT-002,2025-03-30T19:55:00Z,232.2,NPR,DEBIT,COMPLETED,Burger & Fries,Local Eatery,Food
581bdef1-18e4-4cb3-b4af-15a203fb9125,ACC-STUDENT-002,2025-11-25T08:30:00Z,239.99,NPR,DEBIT,COMPLETED,Latte,Red Mug Cafe,Coffee
b9d07584-a92f-46b4-a52f-59d4410effa7,ACC-STUDENT-003,2025-12-03T08:30:00Z,155.35,NPR,DEBIT,COMPLETED,Chiya,Himalayan Java,Coffee
5f51d9dd-847b-4e31-872b-a659bf5b83a5,ACC-STUDENT-005,2025-09-15T08:00:00Z,353.04,NPR,DEBIT,COMPLETED,Spotify Premium,Spotify,Entertainment
a1a17c9a-6410-4ae2-8baa-1a98369c1c0c,ACC-STUDENT-002,2025-05-02T08:30:00Z,232.66,NPR,DEBIT,COMPLETED,Latte,Beans Cafe,Coffee
d88adebe-c594-45cd-a476-893bcd8e0060,ACC-STUDENT-001,2025-09-11T09:13:00Z,278.75,NPR,DEBIT,COMPLETED,Taxi Ride,InDrive,Transport
c734525b-7f1b-4b8c-9b8e-ebaa3be46d71,ACC-STUDENT-003,2025-10-05T20:14:00Z,594.99,NPR,DEBIT,COMPLETED,Meals,Bakery,food
ddcf10b7-3df1-423f-9412-8ac7345e35f9,ACC-STUDENT-001,2025-09-23T19:22:00Z,361.31,NPR,DEBIT,COMPLETED,Burger & Fries,Bakery,Food
b78f4d98-c3e7-430c-94d9-ba34990ca157,ACC-STUDENT-004,2025-07-29T20:59:00Z,249.3,NPR,DEBIT,COMPLETED,Lunch,Bakery,Food
60cece56-db83-4976-8309-36a59df1ae30,ACC-STUDENT-005,2025-07-30T12:29:00Z,652.62,NPR,DEBIT,COMPLETED,Meals,Bakery,Food
9c3f4030-6ff3-4fd4-a5f1-66155c41b5fe,ACC-STUDENT-001,2025-04-19T19:54:00Z,201.26,NPR,DEBIT,COMPLETED,Lunch,Burger House,food
e504c29a-673a-488d-a0f3-b128444d04ea,ACC-STUDENT-003,2025-03-20T12:24:00Z,678.52,NPR,DEBIT,COMPLETED,Snacks,Canteen,Food
3d0e0579-f018-4c01-ba63-ee536702e30d,ACC-STUDENT-003,2025/05/28,626.64,NPR,DEBIT,COMPLETED,Breakfast,Burger House,Food
c3c6801c-9380-4ba7-b9a5-1ea26d558b0d,ACC-STUDENT-004,2025-08-04T20:24:00Z,0.0,NPR,DEBIT,COMPLETED,Breakfast,Local Eatery,Food
961c8bcd-60bb-4419-8253-0496ee337dea,ACC-STUDENT-002,2025-01-25T12:41:00Z,778.42,NPR,DEBIT,COMPLETED,Burger & Fries,Canteen,Food
9ae910b1-58b3-433c-8596-9e4a67ba82e5,ACC-STUDENT-001,2025-10-27T08:30:00Z,342.2,NPR,DEBIT,COMPLETED,Chiya,Local Tea Stall,Coffee
391ba6e3-5fdc-4776-925e-773da3bd5926,ACC-STUDENT-003,2025-03-14T20:32:00Z,793.41,NPR,DEBIT,COMPLETED,Meals,Local Eatery,Food
f5b907e7-4b97-4dcc-95c5-0689079cd38b,ACC-STUDENT-002,2025-04-15T18:13:00Z,470.45,NPR,DEBIT,COMPLETED,Micro Fare,Sajha Yatayat,Transport
9a94085a-20fd-4d73-8c81-2b2462ff56b7,ACC-STUDENT-002,2025-12-13T20:28:00Z,795.25,NPR,DEBIT,COMPLETED,Snacks,Local Eatery,Food
6e5e786c-5141-4c9a-9522-bc9ae9aaca48,ACC-STUDENT-003,2025-11-29T12:00:00Z,241.18,NPR,DEBIT,COMPLETED,Burger & Fries,Bakery,Food
e9dbfeb5-8da9-400b-b9e0-fcce49828167,ACC-STUDENT-003,2025-07-14T17:26:00Z,76.27,NPR,DEBIT,COMPLETED,Taxi Ride,InDrive,Transport
4076c0bd-7ae7-4368-9d36-4c318ecf722d,ACC-STUDENT-005,2025-09-13T13:57:00Z,450.09,NPR,DEBIT,COMPLETED,Burger & Fries,Bakery,FOOD
1e2e99d1-6fb3-4f4b-9ee9-9a99f0b207b1,ACC-STUDENT-005,2025-07-30T08:30:00Z,211.03,NPR,DEBIT,COMPLETED,Chiya,Himalayan Java,Coffee
a7709364-58f2-4010-bcef-2602b128cdd1,ACC-STUDENT-005,2025-07-31T08:30:00Z,249.78,NPR,DEBIT,COMPLETED,Latte,Himalayan Java,Coffee
dade7f6b-9e1b-40d7-b644-7b633cdc77e7,ACC-STUDENT-002,2025-08-17T09:29:00Z,447.09,NPR,DEBIT,COMPLETED,Micro Fare,Local Taxi,Transport
914fcd16-a474-4144-9c8e-c2409b43aec5,ACC-STUDENT-004,2025-06-19T09:01:00Z,191.09,NPR,DEBIT,COMPLETED,Bus Ticket,Sajha Yatayat,Transport
1f4c7302-2d5e-42dc-9bab-5685469620a9,ACC-STUDENT-005,2025-12-17T08:30:00Z,316.47,NPR,DEBIT,COMPLETED,Americano,Himalayan Java,Coffee
02d3e863-3b4d-4c28-a967-d9b777586d8f,ACC-STUDENT-005,2025-03-25T13:07:00Z,637.02,NPR,DEBIT,COMPLETED,Dinner,Local Eatery,Food
a2334ffa-5f9f-4a38-9d48-5eb5e14d7d50,ACC-STUDENT-002,2025-04-16T17:19:00Z,395.4,NPR,DEBIT,COMPLETED,Micro Fare,Bus,Transport
206a46d9-9e74-4fe8-ba39-9ce8dd60ae7f,ACC-STUDENT-004,2025-08-15T17:44:00Z,0.0,NPR,DEBIT,COMPLETED,Bus Ticket,Local Taxi,Transport
710a68d3-f9fd-442d-8d01-4d5829223c83,ACC-STUDENT-002,2025-12-10T18:34:00Z,214.51,NPR,DEBIT,COMPLETED,Bus Ticket,Microbus,Transport
8d1ec5bc-82b9-459e-8d57-71eab1438af6,ACC-STUDENT-002,2025-10-11T09:58:00Z,215.99,NPR,DEBIT,COMPLETED,Taxi Ride,InDrive,Transport
7ae91ccc-a9bc-4adc-97a2-98fd1a721fe7,ACC-STUDENT-003,2025-04-21T18:54:00Z,67.42,NPR,DEBIT,COMPLETED,Ride Sharing,,Transport
8eb9be7b-bb0f-4b1b-b62f-71ee8bef43b9,ACC-STUDENT-005,2025-03-01T12:00:00Z,2338.33,NPR,DEBIT,COMPLETED,Dairy Products,Saleways,Groceries
0b90d2bf-1797-4d0a-a786-708f57371f5a,ACC-STUDENT-005,2025-10-21T20:08:00Z,731.89,NPR,DEBIT,COMPLETED,Breakfast,Boba Shop,Food
3132e369-a086-4030-b616-650c64a5420a,ACC-STUDENT-003,2025-05-21T12:35:00Z,461.56,NPR,DEBIT,COMPLETED,Coke and Momo,Local Eatery,Food
82d6d1f9-5b2a-4c87-93c7-1d518ccac4c3,ACC-STUDENT-004,2025-12-13T12:00:00Z,3850.61,NPR,DEBIT,COMPLETED,Monthly Supplies,Local Grocery,Groceries
65d666ab-5063-4b46-9dad-da6069eaa6de,ACC-STUDENT-005,2025-07-27T17:23:00Z,195.73,NPR,DEBIT,COMPLETED,Taxi Ride,InDrive,Transport
2f24872c-cf89-4406-bd2b-1f0b5a37d991,ACC-STUDENT-002,2025-09-06T12:00:00Z,3463.8,NPR,DEBIT,COMPLETED,Vegetables & Fruits,Fresh Vegetable Vendor,groceries
b27f2ebe-cc77-458e-97f7-c9f3725a7c0a,ACC-STUDENT-004,2025-12-28T18:30:00Z,713.62,NPR,DEBIT,COMPLETED,Movie Ticket,One Cinemas,Entertainment
59b5e663-394d-4ed5-ac8e-dd73178ad475,ACC-STUDENT-003,2025-06-05T18:18:00Z,420.37,NPR,DEBIT,COMPLETED,Bus Ticket,Bus,Transport
1a722e70-79a0-4090-bdbd-6829d3f32e07,ACC-STUDENT-005,2025-01-23T13:30:00Z,391.1,NPR,DEBIT,COMPLETED,Coke and Momo,Local Eatery,Food
05a9ecab-386c-4926-9274-44140405bc91,ACC-STUDENT-005,2025-10-17T09:00:00Z,325.3,NPR,DEBIT,COMPLETED,Daily Commute,Sajha Yatayat,Transport
6dd00beb-f409-442a-9f89-d7eee6356e3f,ACC-STUDENT-004,2025-02-25T08:30:00Z,239.3,NPR,DEBIT,COMPLETED,Latte,Beans Cafe,Coffee
d711c601-b238-47a6-b56f-dcb24ed1034e,ACC-STUDENT-003,2025-08-13T18:04:00Z,286.08,NPR,DEBIT,COMPLETED,Ride Sharing,Microbus,Transport
a02f7ea4-2fd9-463b-91c2-807ce2ed4e40,ACC-STUDENT-003,2025-02-21T17:29:00Z,74.47,NPR,DEBIT,COMPLETED,Ride Sharing,InDrive,Transport
1127ad13-cf45-4cbc-9ac7-27348a4dbc1c,ACC-STUDENT-004,2025-12-24T18:46:00Z,84.56,NPR,DEBIT,COMPLETED,Micro Fare,InDrive,Transport
2e2c6a2b-4cb9-43e6-b291-d8fc32b6c036,ACC-STUDENT-003,2025-09-23T17:34:00Z,376.53,NPR,DEBIT,COMPLETED,Bus Ticket,InDrive,Transport
8532f512-4224-4380-af17-fdcede6392e2,ACC-STUDENT-002,2025-04-30T12:17:00Z,638.67,NPR,DEBIT,COMPLETED,Meals,Burger House,Food
d24ade45-4964-41d9-b7d7-0d8aef87a5bf,ACC-STUDENT-004,2025-04-24T08:30:00Z,125.72,NPR,DEBIT,COMPLETED,Latte,Himalayan Java,Coffee
b193eac8-e269-4108-ab7a-706f91ef31d2,ACC-STUDENT-003,2025-06-13T17:36:00Z,96.32,NPR,DEBIT,COMPLETED,Daily Commute,InDrive,Transport
917ed5cb-4cd1-4728-b0c7-aa35a869ef91,ACC-STUDENT-002,2025-10-19 17:02:00,0.0,NPR,DEBIT,COMPLETED,Bus Ticket,Microbus,Transport
61571875-81e0-4afa-994b-adebef284af5,ACC-STUDENT-001,2025-06-28T09:37:00Z,305.52,NPR,DEBIT,COMPLETED,Micro Fare,Microbus,Transport
1db802f4-ff44-4e41-b456-9d60d32616ac,ACC-STUDENT-002,2025-02-28T20:05:00Z,209.96,NPR,DEBIT,COMPLETED,Snacks,Cafe,Food
6b0b85f1-5ad9-453c-b306-7d3fe8c4cbec,ACC-STUDENT-004,2025-09-28T12:00:00Z,2363.73,NPR,DEBIT,COMPLETED,Dairy Products,Local Grocery,Groceries
3f982cd0-fcf4-44c9-8cc0-3ce049018edd,ACC-STUDENT-004,2025-03-04T18:50:00Z,379.87,NPR,DEBIT,COMPLETED,Taxi Ride,InDrive,Transport
b221c83e-bdd7-44f2-89ed-2db8287e1eec,ACC-STUDENT-005,2025-02-25T18:22:00Z,89.77,NPR,DEBIT,COMPLETED,Taxi Ride,Pathao,Transport
4aa28e19-8227-461e-ac93-36a6dbd6ae7c,ACC-STUDENT-003,2025-08-10T12:00:00Z,2847.98,NPR,DEBIT,COMPLETED,Rice and Oil,Bhatbhateni,Groceries
1b0f92a5-5fd9-4702-8075-3b7c673fadd0,ACC-STUDENT-004,2025-11-27T19:30:00Z,508.43,NPR,DEBIT,COMPLETED,Lunch,Local Eatery,Food
481483bc-f211-4e50-ae44-9b647c6c1016,ACC-STUDENT-004,2025-07-25T09:12:00Z,51.66,NPR,DEBIT,COMPLETED,Bus Ticket,Microbus,Transport
86f21a59-e324-485d-b2ea-de47fdd09044,ACC-STUDENT-003,2025-11-11T12:07:00Z,473.19,NPR,DEBIT,COMPLETED,Coke and Momo,Cafe,Food
fa25b4a5-8137-4e17-9fc1-be6e205e2bc3,ACC-STUDENT-001,2025-06-23T20:22:00Z,489.95,NPR,DEBIT,COMPLETED,Breakfast,Boba Shop,Food
c4c330b1-5152-41f4-8b7e-697f04d6694e,ACC-STUDENT-005,2025-02-04T17:43:00Z,179.08,NPR,DEBIT,COMPLETED,Ride Sharing,Local Taxi,Transport
174cc33c-3e04-4c55-a792-235d8e5a3f60,ACC-STUDENT-005,2025-01-29T17:53:00Z,366.35,NPR,DEBIT,COMPLETED,Bus Ticket,Pathao,Transport
6e437e27-e0e5-4e2d-8aa6-65db71933329,ACC-STUDENT-003,2025-03-23T19:48:00Z,292.92,NPR,DEBIT,COMPLETED,Breakfast,Boba Shop,Food
cd31ec8d-995a-4fb4-8c32-2acf7723d543,ACC-STUDENT-001,2025-06-10T08:30:00Z,227.7,NPR,DEBIT,COMPLETED,Cappuccino,Himalayan Java,coffee
eb61ff8e-0d60-4d74-9ab4-ac9a3532b035,ACC-STUDENT-004,2025-09-09T12:08:00Z,786.49,NPR,DEBIT,COMPLETED,Dinner,Bakery,Food
72306857-136d-40df-9c90-6788a5f6dbcf,ACC-STUDENT-001,2025-11-13T09:52:00Z,411.06,NPR,DEBIT,COMPLETED,Micro Fare,Bus,Transport
f05ad20b-ebc1-46b8-a959-4501766f3fff,ACC-STUDENT-002,2025-04-24T09:41:00Z,223.4,NPR,DEBIT,COMPLETED,Micro Fare,,Transport
cb11dd65-ffb3-4e27-adf5-072c496da5b8,ACC-STUDENT-001,2025-10-25T18:36:00Z,325.56,NPR,DEBIT,COMPLETED,Bus Ticket,Pathao,Transport
a88b90b7-35e7-487b-8634-438ae998330c,ACC-STUDENT-002,2025-07-10T12:51:00Z,694.2,NPR,DEBIT,COMPLETED,Meals,Burger House,Food
d8c23978-78e5-481c-bc7d-7c344b8daf10,ACC-STUDENT-001,2025-12-01T17:06:00Z,65.69,NPR,DEBIT,COMPLETED,Daily Commute,InDrive,Transport
41503ac7-99aa-482f-87d4-4a8b3144a2e1,ACC-STUDENT-003,2025-03-20T19:09:00Z,315.57,NPR,DEBIT,COMPLETED,Meals,Restaurant,Food
10a5590a-fa94-4450-9d98-4f2a05a3e9c5,ACC-STUDENT-005,2025-08-18T13:22:00Z,550.53,NPR,DEBIT,COMPLETED,Snacks,Burger House,Food
ba5367dd-40f6-4217-94d7-260a5e6b290e,ACC-STUDENT-001,2025-02-16T12:00:00Z,3236.05,NPR,DEBIT,COMPLETED,Rice and Oil,Fresh Vegetable Vendor,Groceries
fc6e8b92-c213-4961-8ed3-6a4bf0ad73c8,ACC-STUDENT-001,2025-08-12T09:48:00Z,346.51,NPR,DEBIT,COMPLETED,Daily Commute,Local Taxi,Transport
82665b1c-0c4c-498e-bff0-7f6c0bf8c694,ACC-STUDENT-005,2025-11-16T12:00:00Z,3014.69,NPR,DEBIT,COMPLETED,Dairy Products,Bhatbhateni,Groceries
73438ad4-2c38-402e-8399-0a704a09b481,ACC-STUDENT-005,2025-01-19T18:30:00Z,621.93,NPR,DEBIT,COMPLETED,Popcorn & Soda,Fuzz Factory,Entertainment
4b3a60ab-9418-499d-802b-ad37a11ae7ff,ACC-STUDENT-003,2025-11-12T08:30:00Z,147.08,NPR,DEBIT,COMPLETED,Iced Coffee,Himalayan Java,Coffee
39b8c143-3def-46a1-bbb5-b9d08dce0458,ACC-STUDENT-005,2025-08-06T08:30:00Z,106.71,NPR,DEBIT,COMPLETED,Chiya,Red Mug Cafe,Coffee
403e00c8-f70c-46ac-a7c6-c5580fe7ab06,ACC-STUDENT-001,2025-09-06T12:00:00Z,1999.02,NPR,DEBIT,COMPLETED,Vegetables & Fruits,Fresh Vegetable Vendor,Groceries
940c0eb3-680e-4916-bac6-4aa94f3a7219,ACC-STUDENT-001,2025-02-17T18:41:00Z,203.55,NPR,DEBIT,COMPLETED,Micro Fare,Sajha Yatayat,Transport
b1127204-4b34-41ec-9ed0-6a40897ba5e7,ACC-STUDENT-004,2025-09-15T08:30:00Z,172.99,NPR,DEBIT,COMPLETED,Americano,Red Mug Cafe,Coffee
548b3cbf-a880-411f-88c1-90c44974d334,ACC-STUDENT-005,2025-11-06T08:30:00Z,326.18,NPR,DEBIT,COMPLETED,Cappuccino,Himalayan Java,Coffee
0275d93a-504a-4179-a9ba-8c0b05644dde,ACC-STUDENT-005,2025-10-24T08:30:00Z,266.42,NPR,DEBIT,COMPLETED,Cappuccino,Red Mug Cafe,Coffee
23c28b41-9ae8-45ce-892d-4c28e79f9a98,ACC-STUDENT-005,2026-01-08T18:29:00Z,143.82,NPR,DEBIT,COMPLETED,Ride Sharing,Bus,Transport
b37f3009-e82a-4e17-b502-439cd09da1f4,ACC-STUDENT-001,2025-07-15T08:00:00Z,292.71,NPR,DEBIT,COMPLETED,Spotify Premium,Spotify,Entertainment
044dd508-09e1-4aa5-9d93-591237ad270f,ACC-STUDENT-004,2025-06-24T09:03:00Z,412.47,NPR,DEBIT,COMPLETED,Ride Sharing,Microbus,Transport
263e8006-01d1-48e6-b9a2-655df189ca62,ACC-STUDENT-004,2025-05-24T18:11:00Z,338.71,NPR,DEBIT,COMPLETED,Micro Fare,Microbus,Transport
1eba707c-3ce5-4858-8e6c-7100a185556a,ACC-STUDENT-004,2025-03-22T13:21:00Z,494.57,NPR,DEBIT,COMPLETED,Coke and Momo,Canteen,Food
f0f363a9-4f85-4b61-b960-6dc912e37ccf,ACC-STUDENT-001,2025-10-20T08:30:00Z,220.76,NPR,DEBIT,COMPLETED,Latte,Himalayan Java,Coffee
92e68114-ca46-433a-b9bb-e7afbf51e8c0,ACC-STUDENT-001,2025-09-18T08:30:00Z,119.62,NPR,DEBIT,COMPLETED,Iced Coffee,Coffee Point,Coffee
8734e0da-8474-492d-bae5-e8287cec3bae,ACC-STUDENT-004,2025-10-19T19:43:00Z,404.96,NPR,DEBIT,COMPLETED,Breakfast,Bakery,Food
040b2fe2-802f-435b-ac89-6b90beb7b12d,ACC-STUDENT-005,2025-02-27T20:25:00Z,775.91,NPR,DEBIT,COMPLETED,Dinner,Cafe,Food
79bc3022-65e4-4321-9c44-6bdbc1a15c7d,ACC-STUDENT-005,2025-01-31T09:54:00Z,393.86,NPR,DEBIT,COMPLETED,Micro Fare,InDrive,Transport
cbf9a986-c12c-4551-a8f4-854b1dfb0c0b,ACC-STUDENT-001,2025-01-14T18:27:00Z,203.11,NPR,DEBIT,COMPLETED,Ride Sharing,Pathao,Transport
d5d141d0-31bf-4e64-87c8-e2625c2e9b43,ACC-STUDENT-003,2025-05-19T13:13:00Z,197.59,NPR,DEBIT,COMPLETED,Snacks,Canteen,Food
4ea42985-4c32-4904-afe1-1bc0e0e8e7ac,ACC-STUDENT-005,2025-06-08T17:22:00Z,155.18,NPR,DEBIT,COMPLETED,Daily Commute,Microbus,Transport
7e4909d8-4bc0-4da3-ae0c-494f7eb0edf6,ACC-STUDENT-003,2025-06-07T12:00:00Z,3944.84,NPR,DEBIT,COMPLETED,Vegetables & Fruits,Big Mart,Groceries
4cb13ee1-ce9c-4771-9f8c-0cb71ec04a63,ACC-STUDENT-003,2025-01-31T19:24:00Z,279.77,NPR,DEBIT,COMPLETED,Snacks,Bakery,Food
92831e8c-d61a-433a-91dc-200527924754,ACC-STUDENT-002,2025-12-13T17:57:00Z,133.84,NPR,DEBIT,COMPLETED,Taxi Ride,Sajha Yatayat,Transport
f2a7816f-d1d9-4e92-9934-04a1ed29f485,ACC-STUDENT-005,2025-01-18 12:00:00,3604.66,NPR,DEBIT,COMPLETED,Weekly Groceries,Bhatbhateni,Groceries
724f0b6f-8ab5-4612-af32-017d4e211dab,ACC-STUDENT-003,2026-01-01T18:10:00Z,346.99,NPR,DEBIT,COMPLETED,Bus Ticket,InDrive,Transport
0cc63e33-615a-43de-bb1e-4afb558f19dd,ACC-STUDENT-004,2025-11-09T12:00:00Z,1748.83,NPR,DEBIT,COMPLETED,Weekly Groceries,Bhatbhateni,Groceries
e0d97bfc-a613-47a7-aadf-fd36cdbe9cdd,ACC-STUDENT-004,2025-09-22T08:30:00Z,197.43,NPR,DEBIT,COMPLETED,Latte,Beans Cafe,Coffee
b7c81ed9-e685-4bd8-b390-85aeace4df6d,ACC-STUDENT-002,2025-05-10T20:21:00Z,424.58,NPR,DEBIT,COMPLETED,Snacks,Restaurant,Food
bab4ce2f-95ff-4e6a-8be4-c52d62f34726,ACC-STUDENT-001,2025-12-01T20:11:00Z,569.56,NPR,DEBIT,COMPLETED,Meals,Cafe,Food
62f43a75-2314-4f5a-a159-81f1ecfb8b9e,ACC-STUDENT-003,2025-07-17T19:55:00Z,356.29,NPR,DEBIT,COMPLETED,Lunch,Canteen,Food
9f2ebca6-45c2-41df-827d-a198bb42aa42,ACC-STUDENT-001,2025-06-26T09:00:00Z,469.58,NPR,DEBIT,COMPLETED,Daily Commute,Pathao,Transport
87bb07b3-14e8-453d-8268-e54a6c8e1f8c,ACC-STUDENT-003,2025-12-09T09:54:00Z,161.9,NPR,DEBIT,COMPLETED,Taxi Ride,Sajha Yatayat,Transport
526a3a0e-8e45-472d-80aa-554593fb7354,ACC-STUDENT-003,2025-12-01T20:39:00Z,271.21,NPR,DEBIT,COMPLETED,Snacks,Bakery,Food
dd6c5196-e64a-4843-9b10-43918f823a7f,ACC-STUDENT-004,2025-03-24T13:08:00Z,730.94,NPR,DEBIT,COMPLETED,Coke and Momo,Local Eatery,Food
d5882b10-ab14-4036-a533-7a01bb92a520,ACC-STUDENT-001,2025-09-12T20:59:00Z,540.16,NPR,DEBIT,COMPLETED,Meals,Canteen,Food
0af041f3-ab0f-4466-99c8-59b5aa0065d8,ACC-STUDENT-002,2025-07-24T12:04:00Z,455.43,NPR,DEBIT,COMPLETED,Breakfast,Boba Shop,Food
15dfd103-1e3d-4d81-8d91-9f464859ca1d,ACC-STUDENT-003,2025-03-03T08:30:00Z,163.68,NPR,DEBIT,COMPLETED,Cappuccino,Red Mug Cafe,Coffee
0a7fb25c-595b-4086-89a5-f10114a52e31,ACC-STUDENT-005,2025-08-10T14:30:00Z,6348.45,NPR,CREDIT,COMPLETED,Freelance Project,Freelance Work,Income
56a66701-45fa-4f80-b38b-43b7caacf190,ACC-STUDENT-004,2025-11-07T17:48:00Z,422.89,NPR,DEBIT,COMPLETED,Bus Ticket,Microbus,Transport
5567bbb5-277a-4932-9e7d-dbcbee466129,ACC-STUDENT-005,2025-01-28T18:33:00Z,197.45,NPR,DEBIT,COMPLETED,Taxi Ride,Local Taxi,Transport
5ca7102b-2c25-416f-8c10-5d0cbee64a09,ACC-STUDENT-001,2025-12-05T08:30:00Z,152.92,NPR,DEBIT,COMPLETED,Cappuccino,Local Tea Stall,Coffee
c13fbd35-b233-4883-b020-b5a8351c627b,ACC-STUDENT-005,2025-09-01T20:41:00Z,175.14,NPR,DEBIT,COMPLETED,Meals,Canteen,Food
5ccf8819-ee5c-44e1-99a9-2d5a14c5028e,ACC-STUDENT-001,2025-10-14T20:11:00Z,467.38,NPR,DEBIT,COMPLETED,Coke and Momo,Burger House,Food
ae23cff4-f6b4-4d7b-9d96-9a4d12d87c4a,ACC-STUDENT-003,2025-02-11T09:01:00Z,251.19,NPR,DEBIT,COMPLETED,Micro Fare,Pathao,Transport
34a16bb7-334d-4891-b81c-779ce44b2603,ACC-STUDENT-004,2025-07-01T18:00:00Z,Rs. 218.41,NPR,DEBIT,COMPLETED,Micro Fare,Bus,Transport
18c42e04-e1ee-42d8-82a6-9d6f4932c32e,ACC-STUDENT-003,2025-12-31T12:47:00Z,507.21,NPR,DEBIT,COMPLETED,Meals,Cafe,Food
12ca8e9a-3ad7-4307-b8a2-c5a87871d4aa,ACC-STUDENT-002,2025-11-09T12:23:00Z,164.77,NPR,DEBIT,COMPLETED,Burger & Fries,Boba Shop,Food
240226a2-d9db-4b81-81b3-ad9fcfe24125,ACC-STUDENT-004,2025-03-15T20:19:00Z,782.81,NPR,DEBIT,COMPLETED,Lunch,Cafe,Food
d811e182-4172-4a76-ac9e-56d188e8382f,ACC-STUDENT-004,2025-09-22T09:53:00Z,150.12,NPR,DEBIT,COMPLETED,Micro Fare,InDrive,Transport
90d4a60a-e873-4ebe-85f0-e915e48c1cf4,ACC-STUDENT-004,2025-03-19T12:45:00Z,624.49,NPR,DEBIT,COMPLETED,Breakfast,Local Eatery,Food
a105b247-32ef-4f1e-9a4b-a279714710ee,ACC-STUDENT-003,2025-04-19T12:00:00Z,2041.54,NPR,DEBIT,COMPLETED,Weekly Groceries,Bhatbhateni,Groceries
86e797fb-385d-4b6c-9479-4c5c3e1a5d4f,ACC-STUDENT-005,2025-05-20T17:30:00Z,129.24,NPR,DEBIT,COMPLETED,Daily Commute,Bus,Transport
6ce22d88-7069-4a0f-bce6-00e152fe4c05,ACC-STUDENT-001,2025-06-13T08:30:00Z,258.41,NPR,DEBIT,COMPLETED,Americano,Local Tea Stall,Coffee
9c5763e5-fe53-4d0b-9f53-13e15b1a5cd9,ACC-STUDENT-002,2025-12-03T19:10:00Z,425.78,NPR,DEBIT,COMPLETED,Dinner,Cafe,Food
91bbc937-8f1a-4253-a99e-b63be325badb,ACC-STUDENT-004,2025-12-04T19:32:00Z,278.89,NPR,DEBIT,COMPLETED,Dinner,Local Eatery,Food
cac7018d-1868-4c36-8523-2845ba50b231,ACC-STUDENT-002,2025-06-13T08:30:00Z,256.85,NPR,DEBIT,COMPLETED,Americano,Himalayan Java,Coffee
d69ae5bf-8f3a-4d13-9e9e-3819f2e2ddd9,ACC-STUDENT-005,2025-08-27T18:10:00Z,463.08,NPR,DEBIT,COMPLETED,Ride Sharing,Sajha Yatayat,Transport
b5983267-e3ee-42f1-8ec7-e185a4d2dc32,ACC-STUDENT-001,2025-06-16T17:04:00Z,109.71,NPR,DEBIT,COMPLETED,Ride Sharing,InDrive,Transport
d5e55d93-08bd-4c12-b882-da1361759be4,ACC-STUDENT-003,2025-03-11T17:25:00Z,278.2,NPR,DEBIT,COMPLETED,Ride Sharing,Pathao,Transport
dcfe4137-6f79-43da-a9f9-7f69a9485b60,ACC-STUDENT-005,2025-07-08T09:22:00Z,52.73,NPR,DEBIT,COMPLETED,Daily Commute,Microbus,Transport
f1b8f913-defb-4526-a726-8f6fea7b4004,ACC-STUDENT-005,2025-05-14T08:30:00Z,122.44,NPR,DEBIT,COMPLETED,Chiya,Beans Cafe,Coffee
54d99d24-1ced-4890-b22c-df94e72d4fa7,ACC-STUDENT-004,2025-05-18T18:30:00Z,1195.92,NPR,DEBIT,COMPLETED,Bowling Session,One Cinemas,Entertainment
8607722c-f8d2-4526-908c-8dd0f73f256a,ACC-STUDENT-003,2025-06-23T08:30:00Z,299.67,NPR,DEBIT,COMPLETED,Iced Coffee,Local Tea Stall,Coffee
39523838-b72c-4c33-b3f4-b9bbe43df9b4,ACC-STUDENT-001,2025-08-24T12:00:00Z,3439.68,NPR,DEBIT,COMPLETED,Weekly Groceries,Big Mart,Groceries
e37f900c-7fc8-4635-92ab-a3df50d20707,ACC-STUDENT-004,2025-02-28T13:50:00Z,361.92,NPR,DEBIT,COMPLETED,Lunch,Restaurant,Food
6233a2a0-e341-4123-9311-cb3598d6fed7,ACC-STUDENT-002,2025-02-12T08:30:00Z,163.35,NPR,DEBIT,COMPLETED,Chiya,Coffee Point,Coffee
251a3840-9a11-426a-93f9-7861464be7a4,ACC-STUDENT-002,2025-12-28T19:48:00Z,513.95,NPR,DEBIT,COMPLETED,Lunch,Bakery,Food
a7849794-82a7-445b-8101-321960d746a1,ACC-STUDENT-001,2025-02-28T20:40:00Z,679.26,NPR,DEBIT,COMPLETED,Meals,Bakery,Food
7655f3c4-9341-4e53-b8e7-174ae9a14cfd,ACC-STUDENT-003,2025-05-07T18:04:00Z,357.83,NPR,DEBIT,COMPLETED,Ride Sharing,Pathao,TRANSPORT
e920d618-bde5-46b8-9fe1-ba1ab7794766,ACC-STUDENT-002,2025-05-02T10:00:00Z,8154.08,NPR,DEBIT,COMPLETED,House Rent,Rent House Ltd,Utilities
4a11f308-525e-4546-82c2-7ca248abb032,ACC-STUDENT-003,2025-04-06T12:00:00Z,3790.92,NPR,DEBIT,COMPLETED,Weekly Groceries,Fresh Vegetable Vendor,Groceries
61f61677-2dca-42d0-a292-2dadd5f6180e,ACC-STUDENT-005,2026-01-11T13:27:00Z,755.67,NPR,DEBIT,COMPLETED,Breakfast,Cafe,Food
37c2b41a-12d2-4233-954c-3ccff26444d6,ACC-STUDENT-004,2025-09-07T12:00:00Z,2679.89,NPR,DEBIT,COMPLETED,Dairy Products,Big Mart,Groceries
704ed074-f487-4f59-ae38-7d25fa4c9d30,ACC-STUDENT-003,2026-01-04T12:00:00Z,2176.83,NPR,DEBIT,COMPLETED,Dairy Products,Big Mart,Groceries
59f6a0bb-e045-4c0b-8db0-4227353242e0,ACC-STUDENT-003,2025-02-19T12:32:00Z,647.6,NPR,DEBIT,COMPLETED,Snacks,Canteen,Food
94fb795d-6e57-4de9-a477-5f7dd63fb63a,ACC-STUDENT-002,2025-06-30T12:17:00Z,524.73,NPR,DEBIT,COMPLETED,Dinner,Canteen,Food
9f3953ff-50f2-49d0-a993-d786f471ba26,ACC-STUDENT-005,2025-04-02T09:12:00Z,50.73,NPR,DEBIT,COMPLETED,Micro Fare,Sajha Yatayat,Transport
38d54dca-62d7-4354-a4b9-3527428e57dd,ACC-STUDENT-001,2025-06-25T09:14:00Z,411.95,NPR,DEBIT,COMPLETED,Daily Commute,Sajha Yatayat,Transport
52b46698-c77b-4502-8a75-19334bb15adc,ACC-STUDENT-005,2025-07-23T18:11:00Z,150.89,NPR,DEBIT,COMPLETED,Ride Sharing,Microbus,Transport
7630bc6d-11a7-4f39-bc9d-02b0fe398c21,ACC-STUDENT-002,2025-06-06T08:30:00Z,105.47,NPR,DEBIT,COMPLETED,Cappuccino,Beans Cafe,Coffee
99a66301-1ea7-4203-bd09-228d2fa7973e,ACC-STUDENT-002,2025-08-15T09:32:00Z,383.75,NPR,DEBIT,COMPLETED,Bus Ticket,Pathao,Transport
156d05f9-42b5-4b83-8e88-e125014d358f,ACC-STUDENT-001,2025-02-19T17:35:00Z,54.57,NPR,DEBIT,COMPLETED,Ride Sharing,Bus,Transport
540ac34b-6ef4-414d-b5e3-ff7a2e3c8518,ACC-STUDENT-003,2025-08-24T18:40:00Z,177.37,NPR,DEBIT,COMPLETED,Bus Ticket,Sajha Yatayat,Transport
839f482c-c133-4dda-a4d4-ceb235944e40,ACC-STUDENT-003,2025-08-06T19:24:00Z,349.51,NPR,DEBIT,COMPLETED,Lunch,,Food
eb885bb6-49f7-400e-8c24-2e6e6b30e90d,ACC-STUDENT-004,2025-07-05 11:15:00,2489.05,NPR,DEBIT,COMPLETED,WiFi Internet,Worldlink,Utilities
4373b362-5f67-4828-939f-4fbf20f7e9d6,ACC-STUDENT-005,2025-09-29T20:50:00Z,425.59,NPR,DEBIT,COMPLETED,Meals,Cafe,Food
97d368e2-b1b9-4256-9c25-6f93c27d8979,ACC-STUDENT-003,2025-04-25 19:50:00,209.82,NPR,DEBIT,COMPLETED,Lunch,Bakery,Food
71aeb037-2177-419c-a836-f9acc11808fd,ACC-STUDENT-001,2025-10-16T19:05:00Z,459.31,NPR,DEBIT,COMPLETED,Coke and Momo,Canteen,Food
1cec70be-15d7-499c-909d-131c79a7868e,ACC-STUDENT-002,2025-10-21T18:25:00Z,263.11,NPR,DEBIT,COMPLETED,Ride Sharing,Local Taxi,Transport
f2744776-6dc8-4793-b95f-f0089bca7793,ACC-STUDENT-001,2025-03-09T13:24:00Z,704.67,NPR,DEBIT,COMPLETED,Meals,Cafe,Food
22556244-3277-4726-984a-6a4c0570740f,ACC-STUDENT-001,2025-11-29T16:20:00Z,5723.27,NPR,DEBIT,COMPLETED,Gift for Mom,Bhatbhateni Fashion,Shopping
e0aefaad-04d8-4cc7-b9b8-dd67399a7dbd,ACC-STUDENT-004,2025-12-24T14:30:00Z,6751.71,NPR,CREDIT,COMPLETED,Part-time Payment,Family Transfer,Income
9047b42f-329b-4e15-8d29-c3e33d0fc9f5,ACC-STUDENT-001,2025-08-02T10:00:00Z,10601.99,NPR,DEBIT,COMPLETED,House Rent,Rent House Ltd,Utilities
7f019626-b046-440b-90a3-af4b0120abc6,ACC-STUDENT-005,2025-11-06T20:25:00Z,318.71,NPR,DEBIT,COMPLETED,Dinner,Bakery,Food
ebab60b7-d911-4d28-88f0-56a5cd91fb46,ACC-STUDENT-001,2025-07-06T18:30:00Z,1196.93,NPR,DEBIT,COMPLETED,Popcorn & Soda,Spotify,Entertainment
992d097b-e907-4ba0-8cf8-e491d46a0e3d,ACC-STUDENT-004,2025-04-30T18:00:00Z,404.63,NPR,DEBIT,COMPLETED,Bus Ticket,Microbus,Transport
12dda72b-a543-4247-93a3-084a6529c661,ACC-STUDENT-001,2025-04-09T17:55:00Z,261.56,NPR,DEBIT,COMPLETED,Micro Fare,Local Taxi,Transport
fb45107f-efb5-4758-ab64-e7d947f5f249,ACC-STUDENT-003,2025-08-31T18:30:00Z,639.24,NPR,DEBIT,COMPLETED,Netflix Subscription,Fuzz Factory,Entertainment
7b28055f-e8b2-490b-b388-0e0f7fc6a9f9,ACC-STUDENT-005,2025-11-20T17:12:00Z,70.2,NPR,DEBIT,COMPLETED,Micro Fare,Local Taxi,Transport
d268c440-4a40-41f1-86f6-d41699985ed0,ACC-STUDENT-001,2025-11-07T19:36:00Z,621.23,NPR,DEBIT,COMPLETED,Dinner,Local Eatery,Food
4846616c-684e-48b1-8544-9b997abedeab,ACC-STUDENT-005,2025-12-05T08:30:00Z,249.91,NPR,DEBIT,COMPLETED,Chiya,Coffee Point,Coffee
2e1ad72c-a4bb-473e-ae58-ff56233d7a20,ACC-STUDENT-002,2026-01-05T11:15:00Z,1703.69,NPR,DEBIT,COMPLETED,WiFi Internet,Worldlink,Utilities
e6af3942-67f1-481d-aa5b-841fe1815b40,ACC-STUDENT-005,2026/01/02,470.83,NPR,DEBIT,COMPLETED,Micro Fare,Bus,Transport
0344c2fb-ecf8-4802-8561-e84579c549da,ACC-STUDENT-001,2025-11-10T13:13:00Z,620.97,NPR,DEBIT,COMPLETED,Snacks,Bakery,Food
ce7725fb-6d38-4bcf-b599-49e9c39caa90,ACC-STUDENT-002,2025-12-24T19:41:00Z,662.29,NPR,DEBIT,COMPLETED,Breakfast,Bakery,Food
16f316cd-57b3-475d-bc21-a47e27c64df4,ACC-STUDENT-002,2025-09-27T19:08:00Z,543.22,NPR,DEBIT,COMPLETED,Meals,,Food
b795db72-180c-4460-8552-69f598d85d5d,ACC-STUDENT-001,2025-12-29T19:00:00Z,335.02,NPR,DEBIT,COMPLETED,Dinner,Restaurant,Food
2c1912b0-986b-4368-952a-769c7baeac26,ACC-STUDENT-001,2025-01-18T13:15:00Z,634.24,NPR,DEBIT,COMPLETED,Burger & Fries,Restaurant,Food
cf92c956-ac70-40f2-9283-56d5a2c9035b,ACC-STUDENT-003,2025-06-06T13:56:00Z,187.66,NPR,DEBIT,COMPLETED,Dinner,Local Eatery,Food
550e8abc-940d-446a-ac00-ccaa0ca4a757,ACC-STUDENT-001,2025-01-22T17:01:00Z,314.74,NPR,DEBIT,COMPLETED,Ride Sharing,InDrive,Transport
d3a07cc7-af64-4d5e-a28b-698829b4138d,ACC-STUDENT-004,2025-08-14T17:04:00Z,248.88,NPR,DEBIT,COMPLETED,Taxi Ride,Bus,Transport
00a27fbc-0779-4341-babd-18e683776a8b,ACC-STUDENT-004,2025-09-15T13:20:00Z,278.36,NPR,DEBIT,COMPLETED,Snacks,Canteen,Food
1b329026-83d3-49ca-9e31-3d3d88a2cb2f,ACC-STUDENT-001,2025-09-02T18:46:00Z,267.58,NPR,DEBIT,COMPLETED,Taxi Ride,Bus,Transport
cbbd9755-f520-4fd3-bf7e-a99eb64f221e,ACC-STUDENT-003,2025-05-23T09:49:00Z,349.2,NPR,DEBIT,COMPLETED,Daily Commute,Microbus,Transport
2ea8c487-176d-47da-915f-b780a5978725,ACC-STUDENT-005,2025-11-07T12:50:00Z,688.56,NPR,DEBIT,COMPLETED,,Restaurant,Food
31a0606d-cf88-4640-81a1-1396094fee20,ACC-STUDENT-005,2025-05-14T18:10:00Z,217.1,NPR,DEBIT,COMPLETED,Taxi Ride,Bus,Transport
a5af8dbc-c3f9-4291-9224-21710ff84d39,ACC-STUDENT-001,2025-10-10T08:30:00Z,287.3,NPR,DEBIT,COMPLETED,Iced Coffee,Himalayan Java,Coffee
ba52024f-60d5-45dd-a375-47a7c38934be,ACC-STUDENT-004,2025-10-28T20:56:00Z,745.39,NPR,DEBIT,COMPLETED,Lunch,Canteen,Food
c15907db-beb9-4167-a95d-d0370c83c13f,ACC-STUDENT-001,2025-03-18T18:09:00Z,79.56,NPR,DEBIT,COMPLETED,Taxi Ride,InDrive,Transport
9b6bf305-bf92-480b-9234-1e76d1d5826e,ACC-STUDENT-005,2025-10-19T12:00:00Z,1866.51,NPR,DEBIT,COMPLETED,Rice and Oil,Fresh Vegetable Vendor,Groceries
93f778a4-51be-4ec6-b9dc-488ba6c46702,ACC-STUDENT-003,2025-08-13T20:10:00Z,684.68,NPR,DEBIT,COMPLETED,Snacks,Restaurant,Food
af415f58-db3c-4825-b5b2-96185aa655d6,ACC-STUDENT-005,2025-08-03T09:47:00Z,446.47,NPR,DEBIT,COMPLETED,Micro Fare,Sajha Yatayat,Transport
3c22288b-c50e-453e-bd9d-a1cfcedd02ed,ACC-STUDENT-002,2025-12-12T20:23:00Z,579.78,NPR,DEBIT,COMPLETED,,Burger House,Food
2a4136bd-06f9-4ca7-a84d-4f83c38c9ad2,ACC-STUDENT-001,2025-06-24T08:30:00Z,119.27,NPR,DEBIT,COMPLETED,Iced Coffee,Coffee Point,Coffee
e91a24bc-5489-4a49-afe1-0a4d3b54e3dd,ACC-STUDENT-003,2025-09-04T20:08:00Z,307.64,NPR,DEBIT,COMPLETED,Breakfast,Restaurant,Food
02fee7b1-4f17-45d7-965f-4505cbbefec6,ACC-STUDENT-005,2025-10-23T08:30:00Z,291.51,NPR,DEBIT,COMPLETED,Americano,Red Mug Cafe,Coffee
9520c9b0-25bf-4685-948d-b7b46354da53,ACC-STUDENT-002,2025-05-03T13:45:00Z,243.05,NPR,DEBIT,COMPLETED,Burger & Fries,Local Eatery,Food
499a8911-7446-43b0-9425-a66bbb08a762,ACC-STUDENT-001,2025-11-04T08:30:00Z,231.76,NPR,DEBIT,COMPLETED,Cappuccino,Red Mug Cafe,Coffee
2255003f-d5c1-4da8-ba77-1a278d98aa45,ACC-STUDENT-003,2025-09-06T16:20:00Z,1567.56,NPR,DEBIT,COMPLETED,Birthday Gift,Miniso,Shopping
a7c2ee1c-ee14-445c-9d27-1a8abf34b5c6,ACC-STUDENT-004,2025-07-21T09:34:00Z,325.16,NPR,DEBIT,COMPLETED,Bus Ticket,Pathao,Transport
6f262e39-29c8-4a44-9d02-1703d4ac9119,ACC-STUDENT-001,2025-10-08T12:59:00Z,748.67,NPR,DEBIT,COMPLETED,Coke and Momo,Bakery,Food
13923d6d-21b6-43e0-b40d-c1b3c2184350,ACC-STUDENT-003,2025-08-02T20:21:00Z,285.46,NPR,DEBIT,COMPLETED,Meals,Burger House,Food
634870f5-b7b6-47a8-9d72-f3b9d9fc53a8,ACC-STUDENT-003,2025-02-19T09:14:00Z,312.23,NPR,DEBIT,COMPLETED,Daily Commute,Local Taxi,Transport
f4f68493-e71c-47d5-bf89-3381865929d9,ACC-STUDENT-005,2025-12-26T19:56:00Z,167.54,NPR,DEBIT,COMPLETED,Snacks,Boba Shop,Food
d1331b79-b494-47f1-ad79-1db9d661bf11,ACC-STUDENT-004,2025-09-11T12:11:00Z,567.32,NPR,DEBIT,COMPLETED,Coke and Momo,Bakery,Food
405bb042-80f5-4a22-9472-054bc0c11541,ACC-STUDENT-005,2025-11-21T18:51:00Z,250.7,NPR,DEBIT,COMPLETED,Micro Fare,Bus,Transport
af1cc16a-3baa-4939-af1c-b31e13159c0a,ACC-STUDENT-001,2025-12-20T12:30:00Z,611.39,NPR,DEBIT,COMPLETED,Coke and Momo,Boba Shop,Food
a0d2757e-e2ad-4368-b785-fcb0e2d7f088,ACC-STUDENT-005,2025-02-10T08:30:00Z,177.99,NPR,DEBIT,COMPLETED,Chiya,Local Tea Stall,Coffee
e8170896-fce1-4247-b77c-66dc0cdb9d4d,ACC-STUDENT-005,2025-04-20T19:16:00Z,495.19,NPR,DEBIT,COMPLETED,Breakfast,Local Eatery,Food
1c304016-61d1-4ba4-bd4a-b30733c3c6b9,ACC-STUDENT-005,2025-10-31T19:59:00Z,641.05,NPR,DEBIT,COMPLETED,Breakfast,Boba Shop,Food
0af42b51-a360-49dd-82ac-02b6cb473d64,ACC-STUDENT-002,2025-03-17T18:35:00Z,447.4,NPR,DEBIT,COMPLETED,Daily Commute,Sajha Yatayat,Transport
05dda4ff-e4a4-46b4-977d-18d2c6fc0007,ACC-STUDENT-004,2025-02-06T18:08:00Z,427.24,NPR,DEBIT,COMPLETED,Ride Sharing,Sajha Yatayat,Transport
110d9e0f-6b03-46c4-9fe7-671883efac49,ACC-STUDENT-005,2026-01-06T17:56:00Z,68.74,NPR,DEBIT,COMPLETED,Bus Ticket,Microbus,Transport
6daf3eeb-f5f9-4235-80a5-0e0066a225a9,ACC-STUDENT-001,2026/01/12,113.21,NPR,DEBIT,COMPLETED,Americano,Local Tea Stall,Coffee
d86f5980-9218-4910-8129-1e1538a3b187,ACC-STUDENT-005,2025-12-21T17:58:00Z,0.0,NPR,DEBIT,COMPLETED,Bus Ticket,Pathao,Transport
7bdd4f42-382c-4711-8b67-eb96892f99ee,ACC-STUDENT-005,2025-06-10T12:57:00Z,572.26,NPR,DEBIT,COMPLETED,Snacks,Boba Shop,FOOD
0ae79a93-404f-4547-9f4f-8428b6dd2a43,ACC-STUDENT-001,2025-03-02T10:00:00Z,12538.66,NPR,DEBIT,COMPLETED,House Rent,Rent House Ltd,Utilities
3425fbf1-7c6e-4ace-b66b-5f1072a4be72,ACC-STUDENT-004,2025-03-04T08:30:00Z,241.93,NPR,DEBIT,COMPLETED,Latte,Red Mug Cafe,Coffee
cdd65b7e-3cce-44d0-9da7-801d8ebfd781,ACC-STUDENT-005,2025-07-08T13:33:00Z,152.34,NPR,DEBIT,COMPLETED,Lunch,Restaurant,Food
0109ee31-1486-41e3-a6fb-69668b93d4c3,ACC-STUDENT-001,2025-10-09T19:33:00Z,176.42,NPR,DEBIT,COMPLETED,Meals,Boba Shop,Food
a97912e5-3983-4660-93bf-c43424cd86cd,ACC-STUDENT-003,2025-12-16T20:52:00Z,721.14,NPR,DEBIT,COMPLETED,Snacks,Boba Shop,Food
913f5d69-e2ee-4667-9271-804c744e467f,ACC-STUDENT-003,2025-07-10T14:30:00Z,7758.14,NPR,CREDIT,COMPLETED,Scholarship payout,Tutoring,Income
fd2435ed-55fe-40f8-b725-b5aa0a335f03,ACC-STUDENT-003,2025-03-29T17:55:00Z,462.18,NPR,DEBIT,COMPLETED,Ride Sharing,Sajha Yatayat,Transport
75a6bf73-2114-4bae-b303-c053f3e3e283,ACC-STUDENT-003,2025-12-11T09:10:00Z,122.89,NPR,DEBIT,COMPLETED,Bus Ticket,InDrive,Transport
8bd6e760-2c72-411c-88c2-350ef8b2c672,ACC-STUDENT-004,2025-06-13T12:58:00Z,Rs. 408.94,NPR,DEBIT,COMPLETED,Coke and Momo,Bakery,FOOD
736f2d25-91bd-4582-ac8c-32c57c309e72,ACC-STUDENT-004,2025-11-21T09:55:00Z,Rs. 206.37,NPR,DEBIT,COMPLETED,Ride Sharing,Bus,Transport
6e5384a5-1afb-49c4-b87c-d558b4f3af4f,ACC-STUDENT-005,2025-09-04T08:30:00Z,227.91,NPR,DEBIT,COMPLETED,Americano,Red Mug Cafe,Coffee
18240a64-be1a-489b-b94e-62876e1c2a41,ACC-STUDENT-003,2025-04-22T20:00:00Z,429.51,NPR,DEBIT,COMPLETED,Meals,Boba Shop,FOOD
16f7e31b-86bd-49a7-9a2c-897b598e2608,ACC-STUDENT-005,2025-08-26T17:37:00Z,68.68,NPR,DEBIT,COMPLETED,Taxi Ride,InDrive,Transport
0e93f464-d3df-4983-8751-c21044372488,ACC-STUDENT-002,2025-09-26T12:35:00Z,651.67,NPR,DEBIT,COMPLETED,Dinner,Burger House,Food
1b8402a2-a3bc-4a85-a290-c8887e1d07d7,ACC-STUDENT-001,2025-02-10 09:45:00,-178.58,NPR,DEBIT,COMPLETED,Taxi Ride,Local Taxi,Transport
f51bf9e1-2964-417a-93be-1747726c0de6,ACC-STUDENT-005,2025-12-09T20:01:00Z,293.77,NPR,DEBIT,COMPLETED,Snacks,Bakery,Food
3f0830c6-108c-4a23-b357-560688b087ae,ACC-STUDENT-002,2026-01-02T19:57:00Z,623.04,NPR,DEBIT,COMPLETED,Coke and Momo,Local Eatery,Food
89a0d439-c255-4ebe-b363-ffe3d48d0890,ACC-STUDENT-003,2025-06-24T09:48:00Z,239.85,NPR,DEBIT,COMPLETED,Bus Ticket,Microbus,Transport
4346861c-b0c0-4e0c-94a8-954ee3e235a3,ACC-STUDENT-001,2025-03-26T12:25:00Z,163.56,NPR,DEBIT,COMPLETED,Dinner,Cafe,Food
b2e4ca19-efe9-406a-8bae-b0c9a5822f1d,ACC-STUDENT-004,2025-01-20T19:45:00Z,588.82,NPR,DEBIT,COMPLETED,Burger & Fries,Restaurant,Food
50ecc9b8-5d6c-4cd0-9b05-92bc841c828a,ACC-STUDENT-004,2025-04-09T08:30:00Z,145.23,NPR,DEBIT,COMPLETED,Latte,Local Tea Stall,Coffee
b9c93210-1471-442a-b4db-d9c8cae704ac,ACC-STUDENT-002,2025-02-21T08:30:00Z,282.09,NPR,DEBIT,COMPLETED,Iced Coffee,Coffee Point,Coffee
36ed1ddc-1192-48ab-8fa1-dbb391fc05f0,ACC-STUDENT-005,2025-04-28T18:45:00Z,94.88,NPR,DEBIT,COMPLETED,Micro Fare,Bus,Transport
f5166760-3c8a-4a1f-b1f7-576213eb6562,ACC-STUDENT-002,2025-04-21T12:12:00Z,183.87,NPR,DEBIT,COMPLETED,Lunch,Cafe,food
3e13c6b3-f273-47f6-aefe-9dfed2fc550d,ACC-STUDENT-004,2025-08-26T18:29:00Z,93.79,NPR,DEBIT,COMPLETED,,Microbus,Transport
748342ce-2056-4f54-a7a0-9ff20ce1743b,ACC-STUDENT-004,2025-09-07T12:26:00Z,212.52,NPR,DEBIT,COMPLETED,Breakfast,Cafe,Food
964f94b6-00d5-41ed-881c-5401fa6416a6,ACC-STUDENT-004,2025-02-07T09:57:00Z,97.18,NPR,DEBIT,COMPLETED,Micro Fare,Local Taxi,Transport
9c037375-3e2d-4e38-aa6b-66264f73a481,ACC-STUDENT-002,2025/05/04,287.57,NPR,DEBIT,COMPLETED,Breakfast,Burger House,Food
272be98e-4430-417e-9cc8-b10371c40cd9,ACC-STUDENT-003,2025-06-26T18:32:00Z,126.64,NPR,DEBIT,COMPLETED,Ride Sharing,Bus,Transport
ca597b72-a2a2-47cc-9e3f-b153fee9a80f,ACC-STUDENT-005,2025-10-26T18:30:00Z,1095.41,NPR,DEBIT,COMPLETED,Bowling Session,Netflix,Entertainment
18a11e42-a66f-465c-b974-61709e52e80f,ACC-STUDENT-004,2025-07-02T17:31:00Z,158.85,NPR,DEBIT,COMPLETED,Ride Sharing,Pathao,Transport
f9e49880-e760-41fa-9ae4-4d4bc445a730,ACC-STUDENT-001,2025-12-02T12:32:00Z,609.94,NPR,DEBIT,COMPLETED,Breakfast,Bakery,Food
6bacb96c-0d36-405b-9881-2e958fa81648,ACC-STUDENT-002,2025-10-09T12:08:00Z,482.61,NPR,DEBIT,COMPLETED,Snacks,Bakery,Food
c9698ca3-1ddc-41b5-a310-3f548db152c0,ACC-STUDENT-002,2025-05-01T19:38:00Z,429.14,NPR,DEBIT,COMPLETED,Dinner,Burger House,Food
8ea99f72-a8d9-48f0-9423-dfda0e62cd5a,ACC-STUDENT-003,2025-06-21T12:00:00Z,1662.97,NPR,DEBIT,COMPLETED,Monthly Supplies,Big Mart,Groceries
4c47909f-80b7-4844-a5ed-c318cd577f6b,ACC-STUDENT-002,2025-08-13T08:30:00Z,272.65,NPR,DEBIT,COMPLETED,Americano,Himalayan Java,Coffee
587281c9-5069-4b08-b55f-e05bd4298069,ACC-STUDENT-004,2025-03-09T12:00:00Z,341.53,NPR,DEBIT,COMPLETED,Lunch,Local Eatery,Food
7d03fdb4-7b1a-4659-a811-a3fd3d681241,ACC-STUDENT-005,2025-12-16T09:12:00Z,323.51,NPR,DEBIT,COMPLETED,Daily Commute,Microbus,Transport
29e3e80b-8d9f-487d-ac44-81ffa08c9264,ACC-STUDENT-003,2025-06-02T09:06:00Z,370.09,NPR,DEBIT,COMPLETED,Micro Fare,,Transport
a05b40b8-8ddd-4e17-a307-4d83c9582528,ACC-STUDENT-004,2025-07-16T09:56:00Z,355.22,NPR,DEBIT,COMPLETED,Ride Sharing,Bus,Transport
ef87584f-8573-4b9a-b407-af4b8ecd633f,ACC-STUDENT-003,2025-11-27T17:21:00Z,362.95,NPR,DEBIT,COMPLETED,Bus Ticket,InDrive,Transport
f91b6b97-74ed-49e6-8896-4700c5168f26,ACC-STUDENT-005,2025-03-29T12:00:00Z,3688.38,NPR,DEBIT,COMPLETED,Dairy Products,Saleways,Groceries
ddfd2ea4-32c3-46f5-81c4-0d565547cace,ACC-STUDENT-002,2025-08-11T08:30:00Z,206.92,NPR,DEBIT,COMPLETED,Iced Coffee,Local Tea Stall,Coffee
bf7ba34e-8757-4d62-b9ac-e3e8dc1f60fe,ACC-STUDENT-004,2025-11-22T20:39:00Z,477.49,NPR,DEBIT,COMPLETED,Lunch,Canteen,Food
a3936a12-c7f2-4555-9040-9d6c8c85927d,ACC-STUDENT-003,2025-11-02T18:30:00Z,1017.96,NPR,DEBIT,COMPLETED,Popcorn & Soda,Gaming Zone,entertainment
55d67c39-d13d-4e01-bda9-b87c9f9e1a6d,ACC-STUDENT-005,2026-01-05T11:15:00Z,2328.37,NPR,DEBIT,COMPLETED,WiFi Internet,Worldlink,Utilities
6e4a0ce6-28e4-4e73-8f1b-59890a5f7983,ACC-STUDENT-001,2025-07-11T12:16:00Z,286.29,NPR,DEBIT,COMPLETED,Coke and Momo,Canteen,FOOD
b1f91ce9-4def-46d7-9f49-38b508c26c59,ACC-STUDENT-005,2025-07-31T13:48:00Z,596.07,NPR,DEBIT,COMPLETED,Lunch,Local Eatery,Food
99cd550c-4ec6-4fb4-86b1-e21c300bc2a7,ACC-STUDENT-001,2025-03-28T19:09:00Z,435.85,NPR,DEBIT,COMPLETED,Snacks,Bakery,Food
43f72774-23c9-479c-8c85-935871d3e817,ACC-STUDENT-005,2025-06-20T09:42:00Z,396.82,NPR,DEBIT,COMPLETED,Daily Commute,Bus,Transport
e8c4b013-8c3f-4164-9b6f-539b57b0f8cd,ACC-STUDENT-003,2025-08-17T19:15:00Z,301.64,NPR,DEBIT,COMPLETED,Lunch,,Food
18bbd30e-0a31-4607-9f44-0708fe463840,ACC-STUDENT-004,2025-03-02T10:00:00Z,12361.12,NPR,DEBIT,COMPLETED,House Rent,Rent House Ltd,Utilities
e872f792-c417-4775-943a-d034df3d98c9,ACC-STUDENT-005,2025-04-27T13:12:00Z,158.71,NPR,DEBIT,COMPLETED,Dinner,Local Eatery,Food
f6fa3d67-ec6d-46a2-8404-75f07562ef0e,ACC-STUDENT-005,2025-09-18T19:48:00Z,607.18,NPR,DEBIT,COMPLETED,Dinner,Burger House,Food
fa5ab065-0eae-4782-acb2-f3d967b30993,ACC-STUDENT-002,2025-06-03T08:30:00Z,323.78,NPR,DEBIT,COMPLETED,Latte,Himalayan Java,coffee
558d9e9c-5da5-4633-a1ee-51ec46042ca4,ACC-STUDENT-004,2025-09-11T18:29:00Z,89.79,NPR,DEBIT,COMPLETED,Micro Fare,Sajha Yatayat,transport
9f002bca-a54d-4bea-a35d-af3f662eb524,ACC-STUDENT-005,2025-06-27T17:44:00Z,206.47,NPR,DEBIT,COMPLETED,Daily Commute,Microbus,Transport
e87a5dbe-f153-431e-ba83-5b48e02f6da1,ACC-STUDENT-002,2025-11-14T13:36:00Z,562.03,NPR,DEBIT,COMPLETED,Snacks,Burger House,Food
85746c67-adf6-4c0d-82e1-2ee56dc4388f,ACC-STUDENT-005,2025-06-28T17:15:00Z,260.58,NPR,DEBIT,COMPLETED,Daily Commute,Sajha Yatayat,Transport
8a78a9f9-eae8-4f3a-9c1b-e835010f3349,ACC-STUDENT-002,2025-07-17T09:33:00Z,383.76,NPR,DEBIT,COMPLETED,Daily Commute,Pathao,Transport
707b7a2b-014f-4994-ad51-b2fde448f62b,ACC-STUDENT-003,2025-04-25T18:16:00Z,376.39,NPR,DEBIT,COMPLETED,Bus Ticket,Bus,Transport
b345ea59-9769-4139-b880-9daedb2c3729,ACC-STUDENT-001,2025-06-03T20:23:00Z,404.24,NPR,DEBIT,COMPLETED,Breakfast,Burger House,Food
74f4b1d8-a3c7-497d-8330-d25e5106cfd7,ACC-STUDENT-002,2025-06-13T18:57:00Z,249.95,NPR,DEBIT,COMPLETED,Ride Sharing,Local Taxi,Transport
81764ad0-f28e-473d-8c31-4c2255483926,ACC-STUDENT-002,2025-05-15T09:33:00Z,426.71,NPR,DEBIT,COMPLETED,Bus Ticket,Microbus,Transport
a8972560-22a4-4cab-9cd7-7e8d6452109d,ACC-STUDENT-003,2025-04-08 17:40:00,349.22,NPR,DEBIT,COMPLETED,Bus Ticket,Pathao,Transport
bb7b4ba2-5a0d-4e4f-8d3c-d1ac8204d3c0,ACC-STUDENT-003,2025-07-05T20:32:00Z,473.2,NPR,DEBIT,COMPLETED,Breakfast,Cafe,Food
61574249-9da9-44de-be7a-bb85bb8ed134,ACC-STUDENT-001,2025-02-25T17:50:00Z,406.06,NPR,DEBIT,COMPLETED,Bus Ticket,Microbus,Transport
2226305b-729a-4aa3-89eb-d0c30b260a77,ACC-STUDENT-005,2025-05-22T12:41:00Z,315.95,NPR,DEBIT,COMPLETED,Dinner,Local Eatery,Food
f1fdd269-44d0-4add-bcd4-9741f2126db3,ACC-STUDENT-002,2025-07-25T08:30:00Z,193.48,NPR,DEBIT,COMPLETED,Cappuccino,Himalayan Java,Coffee
f16ee24f-8f5a-4ae4-a107-27d6f0af0f85,ACC-STUDENT-002,2025-02-01T12:00:00Z,3531.57,NPR,DEBIT,COMPLETED,Monthly Supplies,Big Mart,Groceries
232f293d-6432-40a5-97e6-e05647c7d410,ACC-STUDENT-005,2025-09-14T18:02:00Z,123.24,NPR,DEBIT,COMPLETED,Bus Ticket,InDrive,Transport
9cc07d22-e21b-46ed-8601-f7963c5c559e,ACC-STUDENT-003,2025-03-13T08:30:00Z,231.14,NPR,DEBIT,COMPLETED,Chiya,Coffee Point,Coffee
856e219b-8715-48b3-9d04-c8b0f207f3b4,ACC-STUDENT-001,2025-07-21T13:58:00Z,685.58,NPR,DEBIT,COMPLETED,Coke and Momo,Bakery,Food
c4ccab83-079e-4777-a292-232355ebe51d,ACC-STUDENT-002,2025-05-31T09:30:00Z,367.91,NPR,DEBIT,COMPLETED,Daily Commute,Microbus,Transport
b431efb6-0313-4d8a-b0d0-91557e7f0526,ACC-STUDENT-002,2025-12-19T09:49:00Z,332.85,NPR,DEBIT,COMPLETED,Micro Fare,Pathao,Transport
1411b152-185a-44a7-a66e-8b88556a54f6,ACC-STUDENT-003,2025-08-25T19:06:00Z,400.86,NPR,DEBIT,COMPLETED,Lunch,Restaurant,Food
58ad59d1-4a1d-4893-93eb-e88c378c58c1,ACC-STUDENT-004,2025-05-01T09:03:00Z,381.8,NPR,DEBIT,COMPLETED,Daily Commute,InDrive,Transport
a2f29b7d-9b40-4d5e-a5d3-327dd255f834,ACC-STUDENT-001,2025-12-01T13:28:00Z,195.11,NPR,DEBIT,COMPLETED,Lunch,Local Eatery,Food
4fb4d6db-4f40-4b25-8794-b167110b67bb,ACC-STUDENT-003,2025-07-21T20:16:00Z,468.2,NPR,DEBIT,COMPLETED,Lunch,Burger House,Food
774d2873-5989-4c89-8172-474c1353f048,ACC-STUDENT-001,2025-07-07T12:45:00Z,605.36,NPR,DEBIT,COMPLETED,Burger & Fries,Local Eatery,food
b7680c1a-a002-4cce-9127-3447261e7b93,ACC-STUDENT-005,2025-11-19T19:36:00Z,575.01,NPR,DEBIT,COMPLETED,,Restaurant,Food
a69afcee-3a33-43fb-8e3e-ae7b1db5256d,ACC-STUDENT-003,2025-10-15T08:00:00Z,386.68,NPR,DEBIT,COMPLETED,Spotify Premium,Spotify,Entertainment
7ee4b091-541e-4e5c-8899-e6ca8aad6016,ACC-STUDENT-002,2025-07-10T14:30:00Z,6298.03,NPR,CREDIT,COMPLETED,Scholarship payout,Part-time Gig,Income
3c43d472-fe90-41ba-830d-6470c93639f9,ACC-STUDENT-001,2025-03-11T13:12:00Z,235.9,NPR,DEBIT,COMPLETED,Burger & Fries,Restaurant,Food
ce1b2c37-faa4-4bed-a91d-5d1a5ee0d279,ACC-STUDENT-003,2025-04-14T12:53:00Z,548.28,NPR,DEBIT,COMPLETED,Lunch,Canteen,Food
9d94914b-458e-4194-a6f2-7abcf877ca26,ACC-STUDENT-002,2025/10/29,201.7,NPR,DEBIT,COMPLETED,Bus Ticket,Local Taxi,Transport
4f719d51-7a05-4477-9d6e-5e59a1e9508d,ACC-STUDENT-004,2025-05-30T13:47:00Z,182.82,NPR,DEBIT,COMPLETED,Dinner,Cafe,FOOD
7850a8de-86e0-4f2f-838d-51ba85b86a91,ACC-STUDENT-001,2025-08-19T13:49:00Z,621.19,NPR,DEBIT,COMPLETED,Lunch,Restaurant,Food
59e20dd6-5da4-48f7-8b3a-07f28e422fce,ACC-STUDENT-004,2025-07-02T10:00:00Z,13962.92,NPR,DEBIT,COMPLETED,House Rent,Rent House Ltd,Utilities
5586d3ee-1555-43c2-b4f6-2da21b4fd3a2,ACC-STUDENT-004,2025-04-15T12:44:00Z,542.36,NPR,DEBIT,COMPLETED,,Local Eatery,Food
5c31711f-f477-4d1a-af92-0492e9bd9f36,ACC-STUDENT-003,2025-07-15T19:34:00Z,560.91,NPR,DEBIT,COMPLETED,Coke and Momo,Local Eatery,Food
2b07b705-cc86-4e82-bb60-2aea068df49a,ACC-STUDENT-001,2025-03-12T12:29:00Z,389.58,NPR,DEBIT,COMPLETED,Coke and Momo,Burger House,Food
049f0c9f-12bb-4fa9-8410-fd5725c2b832,ACC-STUDENT-003,2025-09-24T19:51:00Z,0.0,NPR,DEBIT,COMPLETED,Lunch,Restaurant,Food
b12783b4-8c3f-4d00-a767-ce210beb42cc,ACC-STUDENT-004,2025-11-08T19:08:00Z,357.38,NPR,DEBIT,COMPLETED,Coke and Momo,Burger House,Food
e544361e-6647-4495-8d2b-e29438d197d5,ACC-STUDENT-005,2025-04-27T20:09:00Z,736.36,NPR,DEBIT,COMPLETED,Coke and Momo,Local Eatery,Food
abbfb7c7-b38f-4a66-9a68-567544289a1d,ACC-STUDENT-002,2025-05-15T20:52:00Z,605.48,NPR,DEBIT,COMPLETED,Snacks,Local Eatery,Food
38882409-1516-4162-81fc-b7e440e0eddf,ACC-STUDENT-005,2025-07-06T12:27:00Z,648.89,NPR,DEBIT,COMPLETED,Lunch,Boba Shop,Food
077623b8-e3b4-4eaa-9d0d-bb1deeb8adda,ACC-STUDENT-003,2025-03-03T18:22:00Z,387.42,NPR,DEBIT,COMPLETED,Daily Commute,Pathao,Transport
40e7a7b2-0075-4c7f-9f5c-8243989887a6,ACC-STUDENT-002,2025-05-07T13:33:00Z,581.43,NPR,DEBIT,COMPLETED,Burger & Fries,Cafe,Food
d13dde63-e0ed-499a-af54-24895da0a9cc,ACC-STUDENT-005,2025/01/17,160.09,NPR,DEBIT,COMPLETED,Taxi Ride,Bus,Transport
e1086957-cd5d-4e60-8f7a-2de995bb630a,ACC-STUDENT-005,2025-02-07T17:27:00Z,492.73,NPR,DEBIT,COMPLETED,Daily Commute,Bus,Transport
2959951c-1200-453f-bb01-3af396bbb7e2,ACC-STUDENT-005,2025-06-27T17:44:00Z,449.95,NPR,DEBIT,COMPLETED,Micro Fare,InDrive,Transport
f9557ea9-d054-4126-ba17-14c2e9c38791,ACC-STUDENT-003,2025-09-15T08:00:00Z,276.79,NPR,DEBIT,COMPLETED,Spotify Premium,Spotify,Entertainment
94e299f4-4f1b-4720-97d5-b93e901942cd,ACC-STUDENT-005,2025-07-24T14:30:00Z,4189.46,NPR,CREDIT,COMPLETED,Freelance Project,Freelance Work,Income
0ac2bcce-c87c-4b4f-a5a8-d6fd5d058860,ACC-STUDENT-001,2025-09-12T09:23:00Z,86.02,NPR,DEBIT,COMPLETED,Daily Commute,Microbus,Transport
5d406e88-5d69-49b1-bcee-9972d68f7ab4,ACC-STUDENT-005,2025-06-06T19:42:00Z,784.87,NPR,DEBIT,COMPLETED,Burger & Fries,,Food
d7383336-5d21-4d6a-b4dd-cacabb983443,ACC-STUDENT-004,2025-09-11T18:01:00Z,235.26,NPR,DEBIT,COMPLETED,Bus Ticket,Pathao,Transport
fd3213c7-e08a-4316-9b85-85c752a1aafa,ACC-STUDENT-004,2025-03-11T08:30:00Z,280.85,NPR,DEBIT,COMPLETED,Latte,Red Mug Cafe,Coffee
2ddd364d-9ce7-456f-9bf7-b5c5f0045057,ACC-STUDENT-002,2025-09-12T17:26:00Z,277.26,NPR,DEBIT,COMPLETED,Ride Sharing,InDrive,Transport
09616c48-2832-4cb7-8129-c98b6f8a93bb,ACC-STUDENT-001,2025-08-01T09:19:00Z,476.81,NPR,DEBIT,COMPLETED,,Microbus,Transport
e169b7d6-9557-4a9c-88be-75ae31b1c567,ACC-STUDENT-005,2026-01-11T12:00:00Z,2312.69,NPR,DEBIT,COMPLETED,Rice and Oil,Saleways,Groceries
8b8eeae4-2be2-4eb5-9788-66212ed05a3a,ACC-STUDENT-003,2025-05-02T18:00:00Z,98.07,NPR,DEBIT,COMPLETED,Micro Fare,Bus,Transport
46180181-7a94-427a-8873-77e4e7af83e9,ACC-STUDENT-003,2025-11-17T09:31:00Z,106.11,NPR,DEBIT,COMPLETED,Micro Fare,Bus,Transport
2c0e76c2-bd3d-472e-aace-f377f2480fca,ACC-STUDENT-002,2025-04-17T19:06:00Z,539.91,NPR,DEBIT,COMPLETED,Coke and Momo,Burger House,Food
38c671cf-0b1e-4999-9d68-f7d777e39776,ACC-STUDENT-003,2025-09-10T08:30:00Z,136.41,NPR,DEBIT,COMPLETED,Latte,Himalayan Java,Coffee
9db001f3-44a2-4454-bb20-bd3282b2c359,ACC-STUDENT-003,2025-10-14T16:20:00Z,4070.37,NPR,DEBIT,COMPLETED,Gift for Mom,Daraz,Shopping
4cf62f81-b36d-455f-9150-16c90257a2c8,ACC-STUDENT-001,2026-01-09T17:43:00Z,215.35,NPR,DEBIT,COMPLETED,Daily Commute,Microbus,Transport
f48dac48-0d70-4c3f-995d-c818d22f65f9,ACC-STUDENT-004,2025-08-19T19:17:00Z,679.26,NPR,DEBIT,COMPLETED,Meals,Restaurant,Food
02daf6f1-f303-4c7c-9bf5-b4f11b0112ce,ACC-STUDENT-005,2025-05-18T12:47:00Z,647.55,NPR,DEBIT,COMPLETED,Meals,Canteen,Food
4161c3fc-908c-48d7-8f8d-9a35fea8deb5,ACC-STUDENT-002,2025-06-16T19:39:00Z,681.42,NPR,DEBIT,COMPLETED,Dinner,Canteen,Food
defc3f3c-1b5c-404a-a9cb-0ab1808458d8,ACC-STUDENT-005,2025-02-03T20:45:00Z,697.44,NPR,DEBIT,COMPLETED,Meals,Bakery,Food
5774c83f-9a83-4fd9-af49-f0b5eccea63b,ACC-STUDENT-003,2025-12-07T20:21:00Z,708.01,NPR,DEBIT,COMPLETED,Breakfast,Restaurant,Food
dd5ebe11-2184-4b26-b45a-0249bc59823b,ACC-STUDENT-003,2025-07-31T08:30:00Z,187.06,NPR,DEBIT,COMPLETED,,,Coffee
c947ea85-e71f-452a-8a75-253c54ea26c1,ACC-STUDENT-005,2025-12-30T17:02:00Z,267.32,NPR,DEBIT,COMPLETED,Bus Ticket,Bus,Transport
0c0f6f67-0072-4f1c-9330-02b92ff4813c,ACC-STUDENT-005,2025-06-19T18:34:00Z,493.5,NPR,DEBIT,COMPLETED,Micro Fare,Microbus,Transport
8fafd918-84b8-40e3-91d4-71dfde08a1b0,ACC-STUDENT-003,2025-12-02T19:58:00Z,490.94,NPR,DEBIT,COMPLETED,Breakfast,Local Eatery,Food
74dc6dd0-771e-409d-a158-7e977bdd0640,ACC-STUDENT-003,2025-09-06T19:34:00Z,667.97,NPR,DEBIT,COMPLETED,Coke and Momo,Bakery,Food
828025b4-b04e-4c3f-8ae8-515e020732e7,ACC-STUDENT-002,2025-07-29T13:52:00Z,533.84,NPR,DEBIT,COMPLETED,Burger & Fries,Local Eatery,Food
1d7f49ea-053a-42f0-84f6-fc35dc767031,ACC-STUDENT-001,2025-07-22T08:30:00Z,329.51,NPR,DEBIT,COMPLETED,Latte,Beans Cafe,Coffee
fef614c2-9a9f-4de4-b242-e0c9023e4f94,ACC-STUDENT-004,2025-09-22T20:01:00Z,Rs. 581.17,NPR,DEBIT,COMPLETED,Meals,Restaurant,food
e39d88d5-f1ce-4015-99ca-7d39d2114dd6,ACC-STUDENT-005,2025-03-09T12:00:00Z,2051.06,NPR,DEBIT,COMPLETED,Weekly Groceries,Local Grocery,Groceries
6a2b15de-5823-4a3d-bea2-a35823cb21c9,ACC-STUDENT-003,2025-12-03T13:48:00Z,544.85,NPR,DEBIT,COMPLETED,Breakfast,Burger House,Food
509b0af5-b982-472a-b29a-6c1784c3afa1,ACC-STUDENT-004,2025-06-06T19:25:00Z,Rs. 497.07,NPR,DEBIT,COMPLETED,Meals,Canteen,Food
72985782-64d8-4e4e-a5bb-36c5c441cc07,ACC-STUDENT-004,2025-09-13T19:02:00Z,686.59,NPR,DEBIT,COMPLETED,Burger & Fries,Boba Shop,Food
4df39a93-391c-49b8-9022-a718c8ca68d0,ACC-STUDENT-005,2025-04-25T09:55:00Z,449.62,NPR,DEBIT,COMPLETED,Micro Fare,Sajha Yatayat,Transport
1453281f-b2a1-4e84-88ca-a7c365b94086,ACC-STUDENT-005,2025-05-08T20:58:00Z,600.8,NPR,DEBIT,COMPLETED,Breakfast,Bakery,Food
ef9cb9f3-563b-4ccb-8297-220c2dcd5a49,ACC-STUDENT-001,2025-08-05T11:15:00Z,1567.52,NPR,DEBIT,COMPLETED,WiFi Internet,Worldlink,Utilities
074c5f99-12fa-4fdf-b8b3-705ddede7878,ACC-STUDENT-001,2026-01-07T13:18:00Z,261.65,NPR,DEBIT,COMPLETED,Breakfast,Local Eatery,Food
f143c9df-c0c8-4910-bfc7-e8f49bc91201,ACC-STUDENT-005,2025-07-26T13:30:00Z,590.05,NPR,DEBIT,COMPLETED,Breakfast,Boba Shop,Food
89ba212a-6191-497a-a5df-7a09704c9a2c,ACC-STUDENT-004,2025-12-17T13:41:00Z,344.45,NPR,DEBIT,COMPLETED,Snacks,Local Eatery,Food
3742ca30-9319-4945-adc9-cc55deda667c,ACC-STUDENT-003,2025-02-04T17:18:00Z,379.2,NPR,DEBIT,COMPLETED,Bus Ticket,Bus,Transport
545eebd1-bdbe-4676-b714-551bd3cae9c3,ACC-STUDENT-004,2025-02-19T12:21:00Z,452.15,NPR,DEBIT,COMPLETED,Burger & Fries,Restaurant,Food
c21473d4-62c4-4fac-8a19-9c92c751a87c,ACC-STUDENT-002,2025-01-13T17:54:00Z,219.35,NPR,DEBIT,COMPLETED,Micro Fare,Bus,transport
93e5f4e2-9a89-4c8c-9051-5e946b3cb2f0,ACC-STUDENT-005,2025-04-16T08:30:00Z,208.47,NPR,DEBIT,COMPLETED,Cappuccino,Coffee Point,Coffee
f97521a1-b6e6-41f3-96df-247dc0c3d979,ACC-STUDENT-005,2025-04-18T13:18:00Z,281.12,NPR,DEBIT,COMPLETED,Lunch,Cafe,FOOD
294f7fb1-b5c2-4177-bfbb-c582d6bfadfc,ACC-STUDENT-002,2025-10-05T12:18:00Z,226.43,NPR,DEBIT,COMPLETED,Dinner,Burger House,Food
66939314-3831-4999-b793-f130981a68cc,ACC-STUDENT-003,2025-07-30T13:13:00Z,716.8,NPR,DEBIT,COMPLETED,Burger & Fries,Boba Shop,Food
d8b140bd-f4e7-448d-85dc-d459b5a4c963,ACC-STUDENT-005,2025-05-13T19:01:00Z,561.8,NPR,DEBIT,COMPLETED,Burger & Fries,Restaurant,Food
4556e7cd-fbfc-4b1c-a51e-a00a74ffe96e,ACC-STUDENT-002,2025-08-08T12:31:00Z,348.78,NPR,DEBIT,COMPLETED,Snacks,Restaurant,Food
305eb6c8-83a0-465c-964f-29bb463dccb5,ACC-STUDENT-002,2025-03-18T08:30:00Z,270.04,NPR,DEBIT,COMPLETED,Iced Coffee,Local Tea Stall,Coffee
16ed2e46-3034-46a3-a88e-71734d0415ed,ACC-STUDENT-002,2025-04-24T18:45:00Z,Rs. 269.88,NPR,DEBIT,COMPLETED,Taxi Ride,Microbus,Transport
0f590ecc-73ac-4914-b773-62738d023644,ACC-STUDENT-005,2025-04-04T17:54:00Z,183.82,NPR,DEBIT,COMPLETED,Taxi Ride,Sajha Yatayat,TRANSPORT
cbc75735-5929-4a0f-be49-5d94fe84d3e5,ACC-STUDENT-005,2026-01-07T08:30:00Z,311.19,NPR,DEBIT,COMPLETED,Chiya,Red Mug Cafe,Coffee
cbf4a266-4e25-4412-9892-d48e1477dee5,ACC-STUDENT-003,2025-05-17T12:46:00Z,266.6,NPR,DEBIT,COMPLETED,Breakfast,Cafe,Food
a9fc878c-6a15-46da-bb84-9874c3861e9e,ACC-STUDENT-003,2025-10-28T18:34:00Z,150.91,NPR,DEBIT,COMPLETED,Daily Commute,Microbus,Transport
04f093f1-bc3e-4c3c-8894-b4d2835e6db7,ACC-STUDENT-005,2025-06-23T19:20:00Z,621.02,NPR,DEBIT,COMPLETED,Meals,Local Eatery,Food
6c0d11d4-23d1-4355-9781-c8aa89423bb2,ACC-STUDENT-004,2026-01-10T12:00:00Z,3829.57,NPR,DEBIT,COMPLETED,Dairy Products,Big Mart,Groceries
3ae7d217-0b06-41dc-b1af-651135960199,ACC-STUDENT-004,2025-10-27T18:34:00Z,322.36,NPR,DEBIT,COMPLETED,Micro Fare,Microbus,Transport
68cd8415-f9a7-4157-814e-20e9ecb59f21,ACC-STUDENT-003,2025-02-09T13:17:00Z,369.25,NPR,DEBIT,COMPLETED,Meals,Bakery,Food
19d8eaa6-de90-4587-9a23-005125abecba,ACC-STUDENT-003,2025-05-21T09:33:00Z,130.91,NPR,DEBIT,COMPLETED,Ride Sharing,Pathao,Transport
896e376c-1151-47a5-96f1-af5cb3fed90b,ACC-STUDENT-002,2025-04-06T20:12:00Z,458.61,NPR,DEBIT,COMPLETED,Dinner,Local Eatery,Food
b35697bd-7bde-46b7-8158-462d520dea4d,ACC-STUDENT-003,2025-02-18T09:03:00Z,340.14,NPR,DEBIT,COMPLETED,Bus Ticket,Bus,Transport
7f3d97a2-d3bb-41c7-9c10-5f693a15a75a,ACC-STUDENT-003,2025-01-21T09:09:00Z,179.09,NPR,DEBIT,COMPLETED,Ride Sharing,Sajha Yatayat,Transport
b647f4fa-776c-407d-ae7d-89bb8dd9f433,ACC-STUDENT-005,2025-08-08T17:00:00Z,361.46,NPR,DEBIT,COMPLETED,Micro Fare,Sajha Yatayat,Transport
b7b7f067-c369-40af-8811-6fae4ad2f829,ACC-STUDENT-003,2025-06-17T17:01:00Z,297.16,NPR,DEBIT,COMPLETED,Ride Sharing,Sajha Yatayat,Transport
69560d72-5811-43cb-bcdb-a65a9825c244,ACC-STUDENT-003,2025-08-01T16:20:00Z,3509.21,NPR,DEBIT,COMPLETED,Shopping,Bhatbhateni Fashion,Shopping
f61d34e2-6de4-46db-b65c-8cdb5e064f63,ACC-STUDENT-002,2025-05-12T08:30:00Z,337.6,NPR,DEBIT,COMPLETED,Iced Coffee,Red Mug Cafe,Coffee
90645626-2fa5-4c81-afd9-f2625e3d29d9,ACC-STUDENT-005,2025-02-18T18:03:00Z,496.74,NPR,DEBIT,COMPLETED,Bus Ticket,Bus,Transport
a7faf381-32d0-4c72-9537-f0b0e29071cb,ACC-STUDENT-001,2025-11-07T20:59:00Z,632.68,NPR,DEBIT,COMPLETED,Breakfast,Local Eatery,Food
b7d7e731-e9cd-47b4-ac4f-579502158e01,ACC-STUDENT-004,2025-08-13T09:35:00Z,206.13,NPR,DEBIT,COMPLETED,Taxi Ride,InDrive,Transport
248c7b9b-9ccf-4643-b311-4d9c1c2f93f4,ACC-STUDENT-003,2025-07-11T17:06:00Z,197.05,NPR,DEBIT,COMPLETED,Taxi Ride,Pathao,Transport
2f5fba66-0de7-406a-bca7-0453be54b2f6,ACC-STUDENT-002,2025-04-30T08:30:00Z,158.7,NPR,DEBIT,COMPLETED,Iced Coffee,Himalayan Java,Coffee
62821b4b-7dfb-41fe-89a9-d5e040db4568,ACC-STUDENT-005,2025-12-15T20:27:00Z,487.78,NPR,DEBIT,COMPLETED,Snacks,Bakery,Food
d19cc7d5-7641-4412-ac77-c90e7e048303,ACC-STUDENT-002,2025-05-22T17:37:00Z,107.41,NPR,DEBIT,COMPLETED,Daily Commute,Microbus,Transport
aec234dc-5406-425b-aa3b-60e8824f672e,ACC-STUDENT-005,2025-09-05T11:15:00Z,1352.06,NPR,DEBIT,COMPLETED,WiFi Internet,Worldlink,Utilities
d7e5ad12-97cd-40da-8fc3-4c6aa9cc6eb1,ACC-STUDENT-004,2025-04-06T12:26:00Z,732.35,NPR,DEBIT,COMPLETED,Coke and Momo,Canteen,Food
fcd83e32-d792-460c-92c3-3d7998f160a4,ACC-STUDENT-004,2025-12-31T20:13:00Z,726.66,NPR,DEBIT,COMPLETED,Snacks,Restaurant,Food
ce941993-7994-4640-bbb9-d5802679b1d0,ACC-STUDENT-001,2025/06/24,708.58,NPR,DEBIT,COMPLETED,Lunch,Restaurant,Food
cc29bc33-0221-409d-8c6e-9604555b8a84,ACC-STUDENT-003,2025-03-07T19:34:00Z,209.83,NPR,DEBIT,COMPLETED,Lunch,Burger House,Food
284c0a2b-41e4-4ad6-8284-33ebb0b2189a,ACC-STUDENT-001,2025-09-14T17:52:00Z,174.43,NPR,DEBIT,COMPLETED,Bus Ticket,Pathao,Transport
854c7b1a-38ac-43b5-a039-ff350eaddd92,ACC-STUDENT-002,2025-03-04T13:32:00Z,563.7,NPR,DEBIT,COMPLETED,Breakfast,Bakery,Food
4b9f216d-c6cc-44bf-bee4-3e41061d16a1,ACC-STUDENT-005,2025-08-26T08:30:00Z,194.18,NPR,DEBIT,COMPLETED,Chiya,Local Tea Stall,Coffee
aac3c64b-f5f7-4789-ae2a-e40c4245b3f2,ACC-STUDENT-004,2026-01-06T12:27:00Z,200.03,NPR,DEBIT,COMPLETED,Lunch,Burger House,Food
bcf527a0-adfc-4374-b19e-ad365acad82d,ACC-STUDENT-001,2025-03-13T12:19:00Z,797.35,NPR,DEBIT,COMPLETED,Meals,Canteen,Food
1e0b6587-5659-4432-ab1a-0b5fead9703f,ACC-STUDENT-004,2025-06-30T12:43:00Z,677.57,NPR,DEBIT,COMPLETED,Coke and Momo,Bakery,Food
1dfa9e1d-3aca-4b09-b21a-c2c66872adee,ACC-STUDENT-001,2025-09-16T13:51:00Z,355.22,NPR,DEBIT,COMPLETED,Dinner,Local Eatery,Food
0ad1835d-71a9-413a-b12d-a46dac5047e2,ACC-STUDENT-004,2025-07-01T13:12:00Z,722.72,NPR,DEBIT,COMPLETED,Coke and Momo,Local Eatery,Food
45cbdfa1-2688-4753-b158-3c4dac206a08,ACC-STUDENT-001,2025-06-07T18:11:00Z,416.18,NPR,DEBIT,COMPLETED,,InDrive,TRANSPORT
b32ac76e-d07a-40e0-ac65-20d9e248bf0d,ACC-STUDENT-001,2025-10-31T08:30:00Z,196.02,NPR,DEBIT,COMPLETED,Cappuccino,Coffee Point,Coffee
680c64a9-35e4-42b4-bf18-1c5c24d6abd6,ACC-STUDENT-003,2025-12-29T13:13:00Z,342.53,NPR,DEBIT,COMPLETED,Lunch,Canteen,Food
f9f8fa1d-4165-475b-bcd9-c6269e393728,ACC-STUDENT-003,2025-02-09T12:00:00Z,2644.37,NPR,DEBIT,COMPLETED,Vegetables & Fruits,,Groceries
974521a3-f5e9-448e-b2bf-3d895ba0069d,ACC-STUDENT-005,2025-05-09T17:19:00Z,115.54,NPR,DEBIT,COMPLETED,Bus Ticket,Sajha Yatayat,Transport
0b546301-962f-4d89-b5a1-3dfdcab14b97,ACC-STUDENT-004,2025-12-14T19:04:00Z,433.29,NPR,DEBIT,COMPLETED,Snacks,Canteen,Food
3fe2a600-d503-4553-8377-ebf13da723c7,ACC-STUDENT-002,2025-03-31T20:33:00Z,451.77,NPR,DEBIT,COMPLETED,Dinner,Burger House,food
afb679ab-d641-453e-9faf-7e7df491c278,ACC-STUDENT-003,2025-03-02T09:52:00Z,238.54,NPR,DEBIT,COMPLETED,Daily Commute,InDrive,transport
a2313453-fd5a-4d9a-9c1b-c9eba80bc0fa,ACC-STUDENT-005,2025-08-29T19:28:00Z,780.47,NPR,DEBIT,COMPLETED,Coke and Momo,Canteen,Food
93d9bbbf-de36-4c25-9bf3-60cb8d7a44a4,ACC-STUDENT-003,2025-02-19T08:30:00Z,138.16,NPR,DEBIT,COMPLETED,Latte,Coffee Point,Coffee
7186ce89-d02c-4718-baff-fd619d2ca866,ACC-STUDENT-005,2025-11-06T18:58:00Z,312.28,NPR,DEBIT,COMPLETED,Daily Commute,Sajha Yatayat,Transport
aa6f4e48-b101-4b02-b96b-765dcd78a378,ACC-STUDENT-001,2025-08-30T12:00:00Z,3636.6,NPR,DEBIT,COMPLETED,Monthly Supplies,,Groceries
62599b65-767b-4d86-8860-cb650c456d3a,ACC-STUDENT-005,2025-07-22T12:31:00Z,696.66,NPR,DEBIT,COMPLETED,Coke and Momo,Cafe,Food
625c5e19-16bb-4d7d-9c5c-7a35ecf68454,ACC-STUDENT-003,2025-11-03T20:09:00Z,565.66,NPR,DEBIT,COMPLETED,Coke and Momo,Restaurant,Food
49ff21f4-de4d-4976-8e5c-a986e7272b5d,ACC-STUDENT-002,2025-12-03T08:30:00Z,178.83,NPR,DEBIT,COMPLETED,Latte,Red Mug Cafe,Coffee
5cc55639-30f1-4541-8449-9249b7a46cfc,ACC-STUDENT-004,2025-07-31T18:50:00Z,250.33,NPR,DEBIT,COMPLETED,Micro Fare,Local Taxi,Transport
734850c7-9a9d-4ffb-9c6c-ec179998c516,ACC-STUDENT-003,2025-06-02T10:00:00Z,13958.76,NPR,DEBIT,COMPLETED,House Rent,Rent House Ltd,Utilities
9a811ecb-0005-4965-9948-1101c69f41e0,ACC-STUDENT-004,2025-10-21T20:56:00Z,421.63,NPR,DEBIT,COMPLETED,Snacks,Cafe,Food
f933c11e-46e2-411f-8cf1-622741719c34,ACC-STUDENT-005,2025-08-20T18:34:00Z,286.13,NPR,DEBIT,COMPLETED,Micro Fare,Local Taxi,Transport
301d6257-1093-4e53-8607-77fe75d1e7c3,ACC-STUDENT-001,2025-03-11T09:09:00Z,389.37,NPR,DEBIT,COMPLETED,Ride Sharing,Microbus,Transport
5366f7cf-3e26-4754-8bff-669a4657e84e,ACC-STUDENT-005,2025-11-16T12:18:00Z,383.55,NPR,DEBIT,COMPLETED,Dinner,Cafe,Food
0835c783-96d7-440a-8aaa-f227cab23741,ACC-STUDENT-003,2025-05-31T18:36:00Z,481.99,NPR,DEBIT,COMPLETED,Bus Ticket,InDrive,Transport
76008ab0-4077-41e3-b3d4-213511b953c4,ACC-STUDENT-005,2025-10-23 18:43:00,101.15,NPR,DEBIT,COMPLETED,Micro Fare,InDrive,Transport
08077d8c-2d6e-4724-a4c3-c890dc4fca6a,ACC-STUDENT-002,2025-10-15T08:00:00Z,360.85,NPR,DEBIT,COMPLETED,Spotify Premium,Spotify,Entertainment
4eeb56f2-8698-4a65-8564-a4bd50d16a2a,ACC-STUDENT-003,2025-10-09T19:51:00Z,341.71,NPR,DEBIT,COMPLETED,Snacks,,Food
cf218a22-24a2-4c85-8286-70d30ff05cb9,ACC-STUDENT-005,2025-08-02T09:09:00Z,121.45,NPR,DEBIT,COMPLETED,Bus Ticket,Microbus,Transport
573ff0d4-18e5-48e7-9cda-58923d3d762a,ACC-STUDENT-004,2025-06-26T12:35:00Z,160.59,NPR,DEBIT,COMPLETED,Burger & Fries,Canteen,Food
30cdbf4b-3506-42cb-9bd5-7b1c25b805b3,ACC-STUDENT-004,2025-07-07T08:30:00Z,171.09,NPR,DEBIT,COMPLETED,Latte,Red Mug Cafe,Coffee
eab36992-d770-4221-981d-26ea12cffe4f,ACC-STUDENT-005,2025-07-07T12:15:00Z,284.12,NPR,DEBIT,COMPLETED,Meals,Restaurant,Food
72871089-dad3-486d-b6fb-5611d7a7208c,ACC-STUDENT-001,2025-05-06T13:30:00Z,360.34,NPR,DEBIT,COMPLETED,Lunch,Canteen,Food
00b8639f-c272-4b77-b405-410d0bd4252c,ACC-STUDENT-005,2025-05-18T18:06:00Z,432.31,NPR,DEBIT,COMPLETED,Ride Sharing,InDrive,Transport
cc359f9a-606d-4a40-b868-4645f4211f97,ACC-STUDENT-005,2025-02-10T09:45:00Z,326.35,NPR,DEBIT,COMPLETED,Taxi Ride,Microbus,Transport
80573138-ea95-4656-958f-e741d5971721,ACC-STUDENT-002,2025-03-07T20:16:00Z,209.17,NPR,DEBIT,COMPLETED,Meals,Local Eatery,Food
1fcca0ed-6a24-482a-ba83-8b009ef96ad5,ACC-STUDENT-003,2025-02-10T08:30:00Z,336.83,NPR,DEBIT,COMPLETED,Latte,Local Tea Stall,COFFEE
a87c742e-de4e-4d09-be4a-6a8c35047045,ACC-STUDENT-002,2025-08-05T09:17:00Z,358.6,NPR,DEBIT,COMPLETED,Daily Commute,Pathao,Transport
7bce9418-9ac6-4c58-888c-650d70485b25,ACC-STUDENT-005,2025-02-07T20:23:00Z,309.9,NPR,DEBIT,COMPLETED,Lunch,Cafe,Food
8328f961-a26d-4441-8ba3-bbdc0681685f,ACC-STUDENT-005,2025-04-07T18:00:00Z,113.7,NPR,DEBIT,COMPLETED,Bus Ticket,Pathao,Transport
3b938eb8-c0d5-4842-be49-5dcbfff73ea8,ACC-STUDENT-002,2026-01-05T17:05:00Z,133.05,NPR,DEBIT,COMPLETED,Micro Fare,Pathao,TRANSPORT
20a91daf-e969-4779-9f66-e64755509cce,ACC-STUDENT-001,2025-02-01T09:00:00Z,28646.52,NPR,CREDIT,COMPLETED,Monthly Allowance,Family Transfer,Income
b527bc15-336c-41e1-b0c0-ed4ad0799d8c,ACC-STUDENT-003,2026-01-09T17:43:00Z,328.01,NPR,DEBIT,COMPLETED,Bus Ticket,Local Taxi,Transport
c5ce6d39-1b77-4613-9ff8-3feec2b37e2d,ACC-STUDENT-002,2025-08-14T09:19:00Z,232.05,NPR,DEBIT,COMPLETED,Ride Sharing,Pathao,Transport
6049a6d6-09ea-40f3-8757-bb5bce0392cf,ACC-STUDENT-005,2025-02-17T13:35:00Z,786.48,NPR,DEBIT,COMPLETED,Dinner,Restaurant,Food
470cee0e-d3b5-457a-b4f4-0c6eff9c7768,ACC-STUDENT-001,2025-06-04T09:19:00Z,70.11,NPR,DEBIT,COMPLETED,Daily Commute,Bus,Transport
79ea6bbd-3681-4426-9857-12fa2fd81877,ACC-STUDENT-001,2025-05-01T09:06:00Z,235.99,NPR,DEBIT,COMPLETED,Micro Fare,Bus,Transport
4695a7e2-7c33-49e2-ac78-cc20085daa1c,ACC-STUDENT-005,2025-12-02T08:30:00Z,280.74,NPR,DEBIT,COMPLETED,Latte,Himalayan Java,Coffee
664819e2-c1a0-4fc0-a352-475c194188c0,ACC-STUDENT-004,2025-10-15T12:18:00Z,699.77,NPR,DEBIT,COMPLETED,Burger & Fries,Restaurant,Food
4534be23-9be5-4391-928b-2ceb42650f05,ACC-STUDENT-005,2025-12-11T20:36:00Z,257.96,NPR,DEBIT,COMPLETED,Breakfast,Canteen,Food
f5c92e84-8a49-4acc-a619-759af428c224,ACC-STUDENT-004,2025-02-08T12:23:00Z,776.17,NPR,DEBIT,COMPLETED,Meals,Cafe,Food
d26b1503-8ca0-4e47-8555-15712cdb115b,ACC-STUDENT-004,2025-10-25T18:14:00Z,351.91,NPR,DEBIT,COMPLETED,,Sajha Yatayat,Transport
14134849-e394-4347-b097-42376acf1bc0,ACC-STUDENT-001,2025-11-12T13:04:00Z,352.4,NPR,DEBIT,COMPLETED,Dinner,Local Eatery,Food
d4d1abd2-5964-47bc-9d89-915b78e87d86,ACC-STUDENT-001,2025/09/18,173.63,NPR,DEBIT,COMPLETED,Ride Sharing,InDrive,Transport
f9df7c70-9495-4e85-b5f7-702c7d775d19,ACC-STUDENT-001,2025-04-20T18:30:00Z,909.92,NPR,DEBIT,COMPLETED,Bowling Session,Fuzz Factory,Entertainment
3655e510-34fb-4231-982e-b05ab2ea7149,ACC-STUDENT-005,2026-01-02T13:12:00Z,469.79,NPR,DEBIT,COMPLETED,Dinner,Restaurant,Food
f8d7a2b7-e681-4d4f-b8d3-1f31382b8524,ACC-STUDENT-001,2025-10-27T13:48:00Z,282.97,NPR,DEBIT,COMPLETED,Lunch,Bakery,Food
f1357900-3929-4998-a5f3-3c44067821be,ACC-STUDENT-001,2026-01-05T17:48:00Z,244.06,NPR,DEBIT,COMPLETED,Ride Sharing,Bus,Transport
8816c3b5-928c-4efc-8ff9-0c30d4ac1b18,ACC-STUDENT-003,2025-12-18T19:24:00Z,406.23,NPR,DEBIT,COMPLETED,Burger & Fries,Restaurant,Food
1c9545ee-33b8-47f4-93d3-6306e8f41b79,ACC-STUDENT-004,2025/07/17,195.19,NPR,DEBIT,COMPLETED,Taxi Ride,Microbus,Transport
1b677ce0-4ef2-440d-84bc-82295cef597a,ACC-STUDENT-003,2025-08-10T14:30:00Z,7557.34,NPR,CREDIT,COMPLETED,Scholarship payout,Tutoring,Income
e89f1fb7-e89d-49c5-b463-313801359f1a,ACC-STUDENT-004,2025-11-02T12:23:00Z,485.37,NPR,DEBIT,COMPLETED,Snacks,Bakery,Food
d6fba00b-6fb9-4e97-87e2-363577d94c38,ACC-STUDENT-005,2025-12-26T09:46:00Z,290.16,NPR,DEBIT,COMPLETED,Micro Fare,InDrive,Transport
1c5e680c-5d3d-4640-b643-63199ccaa8c8,ACC-STUDENT-001,2025-10-20T09:18:00Z,440.33,NPR,DEBIT,COMPLETED,Micro Fare,Pathao,Transport
6ed62a3c-423d-4b9d-b5b3-28c5b79fe6a7,ACC-STUDENT-002,2025-07-24T08:30:00Z,323.96,NPR,DEBIT,COMPLETED,Cappuccino,Himalayan Java,Coffee
508a3f67-fa62-45a9-a8a5-60fcc02d0b5e,ACC-STUDENT-004,2025-05-05T09:29:00Z,261.44,NPR,DEBIT,COMPLETED,Micro Fare,InDrive,Transport
07add487-b6bd-4130-a674-4d5e8a019b04,ACC-STUDENT-001,2025-03-02T12:00:00Z,3779.97,NPR,DEBIT,COMPLETED,Vegetables & Fruits,Saleways,Groceries
2b68e0cc-c05f-424c-9b63-98d81474d3d1,ACC-STUDENT-005,2025/06/03,514.13,NPR,DEBIT,COMPLETED,Coke and Momo,Boba Shop,Food
baa9e4a5-6f1c-41f3-8b54-cb20bcaf1a43,ACC-STUDENT-004,2025-09-27T09:39:00Z,199.81,NPR,DEBIT,COMPLETED,Ride Sharing,,Transport
f554983b-48e3-42ff-be66-73dc4b4fc0d4,ACC-STUDENT-002,2025-03-08T16:20:00Z,4186.52,NPR,DEBIT,COMPLETED,Gift for Mom,Local Store,Shopping
a193bf39-5286-47ee-ad32-5e7fee3b6f01,ACC-STUDENT-003,2025-12-29T16:20:00Z,4252.8,NPR,DEBIT,COMPLETED,Gift for Mom,Daraz,Shopping
a7a5ce52-dc49-4a0e-b6a8-2373e0d942a2,ACC-STUDENT-005,2025-02-01T19:09:00Z,739.26,NPR,DEBIT,COMPLETED,Coke and Momo,Bakery,Food
31c70739-89ab-4bdf-a5b3-0214fa7681b7,ACC-STUDENT-003,2025-01-17T09:46:00Z,193.06,NPR,DEBIT,COMPLETED,Bus Ticket,Bus,Transport
7fde0391-8e55-4a22-bf3a-fcceb421c9e0,ACC-STUDENT-003,2025-09-11T19:41:00Z,566.99,NPR,DEBIT,COMPLETED,Coke and Momo,Cafe,Food
dcb85f2e-81cd-4d27-bd25-108cc4d848cf,ACC-STUDENT-001,2025-10-28T09:12:00Z,181.03,NPR,DEBIT,COMPLETED,Micro Fare,Local Taxi,Transport
c5d29044-086c-48b9-8f46-d8b653820334,ACC-STUDENT-003,2025-05-24T17:16:00Z,121.67,NPR,DEBIT,COMPLETED,Bus Ticket,Pathao,Transport
d61bc4d1-e701-491d-ab8e-ece38ffa6082,ACC-STUDENT-004,2025-01-25T17:47:00Z,220.5,NPR,DEBIT,COMPLETED,Ride Sharing,InDrive,Transport
56994980-260f-4c35-82e5-f60ae836ec6a,ACC-STUDENT-002,2025-04-03T19:00:00Z,650.55,NPR,DEBIT,COMPLETED,Dinner,Boba Shop,Food
358cfd6a-8993-4d01-a9f8-3cc5ece346d0,ACC-STUDENT-002,2025-07-16T09:31:00Z,407.95,NPR,DEBIT,COMPLETED,Micro Fare,Bus,Transport
018db811-f6b9-45e6-bc37-e3be51cd83b3,ACC-STUDENT-003,2025-06-16T08:30:00Z,204.43,NPR,DEBIT,COMPLETED,Americano,Local Tea Stall,Coffee
ba7fdcd6-a81f-4659-ac8c-8b05b94d192d,ACC-STUDENT-005,2025-12-06T12:00:00Z,2265.38,NPR,DEBIT,COMPLETED,Monthly Supplies,Local Grocery,Groceries
e5655cdf-4154-4132-80f5-224613291b60,ACC-STUDENT-001,2025-01-24T14:30:00Z,4214.99,NPR,CREDIT,COMPLETED,Scholarship payout,Scholarship,Income
be9f61a6-35d6-4558-b2b8-088a56a8f6a2,ACC-STUDENT-004,2025-02-14T19:04:00Z,162.79,NPR,DEBIT,COMPLETED,Coke and Momo,Burger House,food
cd15ff13-fd44-4d26-aa0c-cd3c59922610,ACC-STUDENT-001,2025-08-21T08:30:00Z,153.34,NPR,DEBIT,COMPLETED,Chiya,Beans Cafe,Coffee
6dadd4db-288e-4684-b474-8562444d7de2,ACC-STUDENT-002,2026-01-02T10:00:00Z,10126.47,NPR,DEBIT,COMPLETED,House Rent,Rent House Ltd,Utilities
9e7f6030-68ad-4670-b808-68d8f368fbb7,ACC-STUDENT-002,2025-03-02T09:07:00Z,216.31,NPR,DEBIT,COMPLETED,,Bus,Transport
799d74f6-b55b-415a-a9a7-010f9150cfed,ACC-STUDENT-005,2025-04-14T08:30:00Z,314.11,NPR,DEBIT,COMPLETED,Chiya,Red Mug Cafe,Coffee
d3d75ff6-68de-4ad9-b415-06d96a6d9d30,ACC-STUDENT-005,2025-11-04T09:19:00Z,398.54,NPR,DEBIT,COMPLETED,Ride Sharing,Local Taxi,Transport
51e26525-2b17-43d2-927f-c0051c336d14,ACC-STUDENT-002,2025-01-30T09:29:00Z,139.22,NPR,DEBIT,COMPLETED,Ride Sharing,Bus,Transport
b8529cd3-9785-4b90-a2f7-c79bfcb446a1,ACC-STUDENT-003,2025-01-17T18:49:00Z,68.47,NPR,DEBIT,COMPLETED,Bus Ticket,Pathao,Transport
68e28f34-c78f-4268-b96f-ac052c5f493a,ACC-STUDENT-003,2025-03-16T18:30:00Z,422.12,NPR,DEBIT,COMPLETED,Popcorn & Soda,Gaming Zone,Entertainment
b58924f0-bead-44dc-abe1-a52a6f989859,ACC-STUDENT-002,2025-08-09T13:27:00Z,530.4,NPR,DEBIT,COMPLETED,Meals,Restaurant,Food
da28a056-94cc-4e98-b19e-4db8b9acca55,ACC-STUDENT-001,2025-03-23T12:00:00Z,1591.97,NPR,DEBIT,COMPLETED,Dairy Products,Big Mart,Groceries
39a0fde4-ef30-458f-918e-b60954abf444,ACC-STUDENT-002,2025-08-14T09:53:00Z,277.61,NPR,DEBIT,COMPLETED,Micro Fare,Bus,Transport
c3ae1d76-e704-4a41-ac7f-84810f36f153,ACC-STUDENT-002,2025-11-07T20:18:00Z,686.99,NPR,DEBIT,COMPLETED,Snacks,Cafe,Food
0874334c-7687-466f-8ef3-f865ddcc2758,ACC-STUDENT-001,2025-07-04T08:30:00Z,348.52,NPR,DEBIT,COMPLETED,Cappuccino,Himalayan Java,Coffee
8a41362a-4e97-415b-b300-ac6cd0a3706b,ACC-STUDENT-002,2025-11-27T08:30:00Z,290.7,NPR,DEBIT,COMPLETED,Chiya,Coffee Point,Coffee
a316b10a-564a-4567-9668-7542a7756416,ACC-STUDENT-005,2025-03-20T13:34:00Z,388.37,NPR,DEBIT,COMPLETED,Dinner,Restaurant,Food
82e2d5f8-4702-4019-b2b3-cb45e5b0700d,ACC-STUDENT-005,2025-11-26T12:00:00Z,542.95,NPR,DEBIT,COMPLETED,Lunch,Local Eatery,Food
7362f0c7-01ab-4aa7-a0c0-64484b40cd77,ACC-STUDENT-003,2025-04-03T08:30:00Z,259.61,NPR,DEBIT,COMPLETED,Latte,Local Tea Stall,Coffee
a9342f47-a882-4a62-a40d-b13ee4277541,ACC-STUDENT-005,2025-10-17T08:30:00Z,347.92,NPR,DEBIT,COMPLETED,Latte,Himalayan Java,Coffee
574ca469-7381-4fd0-836c-6250a73ac03a,ACC-STUDENT-001,2025-07-17T13:10:00Z,781.91,NPR,DEBIT,COMPLETED,Breakfast,Cafe,Food
216d2586-734f-40b6-b970-634f631ed172,ACC-STUDENT-003,2026-01-11T13:07:00Z,693.2,NPR,DEBIT,COMPLETED,Meals,Cafe,Food
0224a344-4e08-40e5-adbc-759a69896aa9,ACC-STUDENT-003,2025-10-08T08:30:00Z,241.14,NPR,DEBIT,COMPLETED,Americano,Coffee Point,Coffee
b3d64a52-11f8-4fa2-aad7-9c525a4a6b30,ACC-STUDENT-003,2025-06-30T09:25:00Z,355.44,NPR,DEBIT,COMPLETED,Taxi Ride,Bus,Transport
30da1f8c-b895-4a91-89b7-45948853829b,ACC-STUDENT-002,2025-03-17T18:43:00Z,474.38,NPR,DEBIT,COMPLETED,,Local Taxi,Transport
98d7f9e6-8c20-4d89-9d21-d6979ccaaa6e,ACC-STUDENT-001,2026-01-04T12:00:00Z,3175.97,NPR,DEBIT,COMPLETED,Dairy Products,Fresh Vegetable Vendor,Groceries
7e3ffc7a-42e2-4799-8d19-27177133ab70,ACC-STUDENT-002,2025-07-01T18:58:00Z,356.26,NPR,DEBIT,COMPLETED,Micro Fare,Local Taxi,Transport
d424eea3-7036-48a8-83d9-9d832981f917,ACC-STUDENT-004,2025-08-19T20:39:00Z,196.91,NPR,DEBIT,COMPLETED,Lunch,Burger House,Food
d626f2d2-e015-407b-ae98-5aaaf0bb936b,ACC-STUDENT-003,2025-05-06T19:17:00Z,311.87,NPR,DEBIT,COMPLETED,Breakfast,Canteen,Food
aaf9e5db-c99c-452b-95f6-e22bc5dc46dc,ACC-STUDENT-003,2025-02-19T18:04:00Z,68.06,NPR,DEBIT,COMPLETED,Bus Ticket,Bus,Transport
09db0e94-5491-402a-8c3d-85d20063e5f9,ACC-STUDENT-001,2025-03-09T18:30:00Z,1167.72,NPR,DEBIT,COMPLETED,Netflix Subscription,Netflix,Entertainment
3e0bdd75-a985-4234-a07b-9ce476a1e9a9,ACC-STUDENT-002,2025-06-03T07:00:00Z,6862.38,NPR,DEBIT,COMPLETED,Bus to Chitwan,,Travel
39f5b6fd-717b-43b2-ac75-217aff39b27e,ACC-STUDENT-001,2025-10-15T13:47:00Z,574.31,NPR,DEBIT,COMPLETED,Burger & Fries,Canteen,Food
907c915f-dd7e-4728-9fe3-9e616f1804f2,ACC-STUDENT-003,2025-02-23T12:00:00Z,1995.77,NPR,DEBIT,COMPLETED,Monthly Supplies,Local Grocery,Groceries
1369a6d6-f668-4a6f-8068-c9273bf69527,ACC-STUDENT-002,2025-08-10T20:34:00Z,269.19,NPR,DEBIT,COMPLETED,Breakfast,,Food
d92364da-e6a2-487f-bac1-68ccf7034a5b,ACC-STUDENT-002,2026-01-02T20:27:00Z,607.74,NPR,DEBIT,COMPLETED,Lunch,Bakery,Food
7fa930e6-9e7b-4745-ae17-d77af8948002,ACC-STUDENT-001,2025-11-14T20:14:00Z,765.84,NPR,DEBIT,COMPLETED,Lunch,Boba Shop,Food
59e018d2-22bc-49c0-9278-8358bf718475,ACC-STUDENT-001,2025-05-30T17:20:00Z,321.45,NPR,DEBIT,COMPLETED,Ride Sharing,Sajha Yatayat,Transport
9b41db07-e4e0-4308-8b5c-0906d7c76e84,ACC-STUDENT-003,2025-04-07T20:14:00Z,177.23,NPR,DEBIT,COMPLETED,,Canteen,Food
823ccdbf-0c28-4597-8d30-fa751843dc76,ACC-STUDENT-004,2025-10-12T12:00:00Z,4432.25,NPR,DEBIT,COMPLETED,Vegetables & Fruits,Big Mart,Groceries
4edc1f4a-678b-4434-926f-06f9abcc37c7,ACC-STUDENT-005,2025-12-22T18:53:00Z,432.52,NPR,DEBIT,COMPLETED,Daily Commute,InDrive,Transport
76f00b6f-d98b-4d4b-8fc3-df10cf9859b2,ACC-STUDENT-004,2025-03-16T12:00:00Z,3143.05,NPR,DEBIT,COMPLETED,Weekly Groceries,Big Mart,Groceries
d331597f-41ef-40ba-8a54-0e24632da165,ACC-STUDENT-003,2025-08-22T18:57:00Z,274.86,NPR,DEBIT,COMPLETED,Bus Ticket,Local Taxi,Transport
42af8e73-b05c-4dfd-a145-f6e2f2c61cf5,ACC-STUDENT-004,2025-07-18T16:20:00Z,3019.1,NPR,DEBIT,COMPLETED,Gift for Mom,Miniso,Shopping
3513ef73-1773-4024-83d8-d5c5f90e4a71,ACC-STUDENT-001,2025-12-10T17:49:00Z,331.91,NPR,DEBIT,COMPLETED,Ride Sharing,Local Taxi,Transport
ab3655da-6e99-4beb-bbf0-f27188c33392,ACC-STUDENT-005,2025-12-29T08:30:00Z,172.84,NPR,DEBIT,COMPLETED,Iced Coffee,Local Tea Stall,Coffee
07195349-e99c-4405-b668-d600f11b61f5,ACC-STUDENT-004,2025-12-12T18:46:00Z,393.12,NPR,DEBIT,COMPLETED,Ride Sharing,Sajha Yatayat,Transport
52c56599-5a64-48e4-bde0-548fc8da7022,ACC-STUDENT-005,2025-02-26T12:11:00Z,664.34,NPR,DEBIT,COMPLETED,Breakfast,Cafe,Food
a64ee005-ef48-4d8d-b488-af5aedd0d2fa,ACC-STUDENT-002,2025-11-26T12:20:00Z,785.17,NPR,DEBIT,COMPLETED,Coke and Momo,Bakery,Food
605e2339-a3d5-4ea9-9dc6-bbf06a18a9f1,ACC-STUDENT-005,2025-05-17T19:08:00Z,156.02,NPR,DEBIT,COMPLETED,Breakfast,Canteen,Food
aa2072a5-621f-4117-9f67-0dd82145589f,ACC-STUDENT-002,2025-11-15T13:37:00Z,704.2,NPR,DEBIT,COMPLETED,Dinner,Local Eatery,Food
8f43fd94-cbbf-40f9-a21f-078c3f66185e,ACC-STUDENT-001,2025-08-20T08:30:00Z,311.5,NPR,DEBIT,COMPLETED,Americano,Beans Cafe,Coffee
d1cb513b-2ad2-4f0b-8717-60778414f6bd,ACC-STUDENT-002,2025-05-01T09:00:00Z,255.61,NPR,DEBIT,COMPLETED,Micro Fare,Microbus,Transport
6700fff8-1255-42ad-bb1e-651dfec00f83,ACC-STUDENT-001,2025-02-20T13:19:00Z,581.57,NPR,DEBIT,COMPLETED,Dinner,Bakery,Food
f86e0cd1-747a-4282-916f-a582764828c1,ACC-STUDENT-003,2025-04-10T17:59:00Z,450.19,NPR,DEBIT,COMPLETED,Micro Fare,Sajha Yatayat,transport
e4f5c799-ebc3-4615-b974-b40b471471a7,ACC-STUDENT-003,2025-06-21T13:55:00Z,528.6,NPR,DEBIT,COMPLETED,Snacks,Burger House,Food
e22079fb-672c-4df0-a088-ff69f93c34fe,ACC-STUDENT-003,2025-09-06T12:00:00Z,3627.42,NPR,DEBIT,COMPLETED,Weekly Groceries,Bhatbhateni,Groceries
ddfd35ca-0072-498b-a3af-d405631edeb8,ACC-STUDENT-005,2025-11-03T16:20:00Z,2935.1,NPR,DEBIT,COMPLETED,Birthday Gift,Local Store,Shopping
580f2df9-8a7e-48e3-ab09-ec76e52cd6c8,ACC-STUDENT-005,2025-05-09T08:30:00Z,181.11,NPR,DEBIT,COMPLETED,Americano,Red Mug Cafe,Coffee
3aab7aa9-73a9-496b-9240-efc46824f665,ACC-STUDENT-004,2025-06-10T17:04:00Z,465.35,NPR,DEBIT,COMPLETED,Daily Commute,Microbus,Transport
3c3fa115-312c-4708-91f3-b03a79dcb035,ACC-STUDENT-005,2025-03-04T19:24:00Z,-597.7,NPR,DEBIT,COMPLETED,Lunch,Local Eatery,Food
d26df64b-55fc-40f8-b3ac-65d9bbf0c2c1,ACC-STUDENT-001,2025-05-28T18:38:00Z,403.0,NPR,DEBIT,COMPLETED,Micro Fare,Bus,TRANSPORT
2bc796f6-6103-411c-a489-fd27aacf229d,ACC-STUDENT-005,2025-11-12T17:33:00Z,300.05,NPR,DEBIT,COMPLETED,Micro Fare,Pathao,Transport
3edc3f69-64fd-425b-987c-66355ace9a39,ACC-STUDENT-005,2025-06-21T16:20:00Z,2129.69,NPR,DEBIT,COMPLETED,Birthday Gift,Local Store,Shopping
72309c20-7a3a-4812-b686-cd879fe057f4,ACC-STUDENT-003,2025-05-29T17:10:00Z,59.32,NPR,DEBIT,COMPLETED,Micro Fare,Microbus,Transport
a7fc9ff3-ffe5-494f-9941-a4780d60b315,ACC-STUDENT-003,2025-12-10T12:35:00Z,664.46,NPR,DEBIT,COMPLETED,Coke and Momo,Restaurant,FOOD
c94f9d86-5327-4f94-963d-5baa81f531d0,ACC-STUDENT-005,2025-01-24T14:30:00Z,4918.6,NPR,CREDIT,COMPLETED,Tutoring fee,Family Transfer,Income
b43b1abe-20fe-43cc-ae43-9a285e7e4904,ACC-STUDENT-005,2025-02-01T17:33:00Z,219.22,NPR,DEBIT,COMPLETED,Micro Fare,Bus,Transport
7361ca52-86b1-4ecd-a3ae-6b8f196fb669,ACC-STUDENT-005,2025-03-19T17:16:00Z,96.74,NPR,DEBIT,COMPLETED,Taxi Ride,Local Taxi,TRANSPORT
a98a3808-febf-41ee-baad-5b49facdb9b6,ACC-STUDENT-001,2025-09-14T18:30:00Z,584.55,NPR,DEBIT,COMPLETED,Spotify Premium,Fuzz Factory,Entertainment
